tag,arm,horizon,seed,rel_l2,rho_mse,success_015,frac_near_origin,max_modulus,adam_epochs,adam_exit,adam_cap,plateau_tol,level,front_arrived,lbfgs_restarts,lbfgs_exit,lbfgs_cap,converged,loss_total,loss_ic,loss_res,loss_reg,final_grad_norm,tau_final,density,extensions,adam_seconds,lbfgs_seconds,failure_class,residual_small_fraction,residual_peak,t_rho_above_1e-2,t_relL2_above_0.15,source,periods,hours,n_points,periods_survived
pseudo_unw_T14_s0,pseudo_unw,14.0,0,6.319367806418517e-05,1.9141430561488263e-09,True,0.0,2.829969043757492,60000,plateau,200000,0.0001,0,False,10,stalled,60,True,3.0793691255035967e-07,3.485607162808863e-13,3.079365639896434e-07,,3.317442367967916e-05,0.5868225188651911,20.0,0,441.4,24.1,success,1.0,0.007604822309590304,,,converged,2.1010651794302406,0.12930555555555556,280,2.1010651794302406
pseudo_unw_T14_s1,pseudo_unw,14.0,1,0.0003694480816239544,6.036012379725585e-08,True,0.0,2.8299720122873513,63000,plateau,200000,0.0001,0,False,8,stalled,60,True,5.295030788200062e-07,2.1433723782688402e-12,5.295009354476279e-07,,1.751520616092577e-05,0.542324242046125,20.0,0,462.7,19.1,success,1.0,0.00985951446666112,,,converged,2.1010651794302406,0.13383333333333333,280,2.1010651794302406
pseudo_unw_T14_s2,pseudo_unw,14.0,2,4.168493021815779e-05,9.48773447949107e-10,True,0.0,2.82994825539352,60000,plateau,200000,0.0001,0,False,9,stalled,60,True,2.0794741512178388e-07,3.380676313833442e-14,2.0794738131502075e-07,,1.4157731966560904e-05,0.6123952308226912,20.0,0,494.9,22.8,success,1.0,0.00385626029737307,,,converged,2.1010651794302406,0.14380555555555555,280,2.1010651794302406
pseudo_unw_T14_s3,pseudo_unw,14.0,3,0.00014527852443657418,9.4824144226369e-09,True,0.0,2.830007650904415,61250,plateau,200000,0.0001,0,False,12,stalled,60,True,3.64147543037333e-07,2.3122818733127987e-14,3.6414751991451425e-07,,1.4446129882833401e-05,0.6118544013388724,20.0,0,465.0,30.4,success,1.0,0.0027049983090906417,,,converged,2.1010651794302406,0.1376111111111111,280,2.1010651794302406
pseudo_unw_T14_s4,pseudo_unw,14.0,4,0.0006632528143052768,1.9622218041066914e-07,True,0.0,2.8299496052035984,60250,plateau,200000,0.0001,0,False,9,stalled,60,True,1.3142332880872165e-06,7.368891901038795e-12,1.3142259191953156e-06,,3.134896997550014e-05,0.515829803806799,20.0,0,484.0,21.3,success,1.0,0.02777555942063275,,,converged,2.1010651794302406,0.1403611111111111,280,2.1010651794302406
pseudo_unw_T14_s5,pseudo_unw,14.0,5,0.00011281924546664665,5.958364695290239e-09,True,0.0,2.8300083599490957,60000,plateau,200000,0.0001,0,False,8,stalled,60,True,4.1582083327642743e-07,3.5828810869262856e-12,4.158172503953405e-07,,1.784331225513143e-05,0.7529505216017172,20.0,0,1129.4,49.6,success,1.0,0.012768874937165066,,,converged,2.1010651794302406,0.3275,280,2.1010651794302406
pseudo_unw_T14_s6,pseudo_unw,14.0,6,0.00013648156141487437,8.545282414701842e-09,True,0.0,2.8299706966105895,60250,plateau,200000,0.0001,0,False,16,stalled,60,True,2.5929678930512964e-07,2.54959978677496e-12,2.592942397053429e-07,,2.4867640079413484e-05,0.5599028137241859,20.0,0,1124.1,105.3,success,1.0,0.0074484341012969035,,,converged,2.1010651794302406,0.34149999999999997,280,2.1010651794302406
pseudo_unw_T14_s7,pseudo_unw,14.0,7,4.8676648182819036e-05,1.4350165369068286e-09,True,0.0,2.8299672754639245,60000,plateau,200000,0.0001,0,False,14,stalled,60,True,3.2280087430217895e-07,5.060334911648418e-14,3.2280082369882984e-07,,1.677838877321185e-05,0.5648294891454735,20.0,0,487.1,36.1,success,1.0,0.0019794700597348153,,,converged,2.1010651794302406,0.14533333333333334,280,2.1010651794302406
pseudo_unw_T14_s8,pseudo_unw,14.0,8,0.0001592640996459849,1.1548996146639982e-08,True,0.0,2.8299261618829954,60000,plateau,200000,0.0001,0,False,11,stalled,60,True,2.3747951424599562e-07,2.1831198996641053e-12,2.3747733112609595e-07,,1.2174771899868255e-05,0.5820012985721966,20.0,0,1138.8,86.3,success,1.0,0.004559685097721159,,,converged,2.1010651794302406,0.34030555555555553,280,2.1010651794302406
pseudo_unw_T14_s9,pseudo_unw,14.0,9,0.00012554327800086648,7.345415175634744e-09,True,0.0,2.8299380931448956,60000,plateau,200000,0.0001,0,False,8,stalled,60,True,3.700754637750516e-07,1.9238404831462927e-12,3.7007353993456846e-07,,1.3226571771220575e-05,0.6034495154864628,20.0,0,485.9,21.1,success,1.0,0.009261309877618822,,,converged,2.1010651794302406,0.14083333333333334,280,2.1010651794302406
pseudo_unw_T27_s0,pseudo_unw,27.0,0,0.00023777985972744196,2.5638145125752494e-08,True,0.0,2.830008580774266,60000,plateau,200000,0.0001,0,False,22,stalled,60,True,5.56185806407794e-07,4.818495606847056e-13,5.561853245582333e-07,,2.493451279393419e-05,0.5499048202822541,20.0,0,1688.7,199.0,success,1.0,0.006727490289371688,,,converged,4.052054274615464,0.5243611111111112,540,4.052054274615464
pseudo_unw_T27_s1,pseudo_unw,27.0,1,0.903428334079442,0.4040599684544866,False,0.728619029988893,1.9979895254069588,60000,plateau,200000,0.0001,0,False,5,stalled,60,True,0.031452540081244186,2.045389311796242e-06,0.03145049469193239,,0.007343084723883663,0.5343474007451015,20.0,0,765.4,16.8,parked,0.6664198445020363,0.7573717396254138,1.4000000000000001,2.4,converged,4.052054274615464,0.21727777777777776,540,0.3601826021880412
pseudo_unw_T27_s2,pseudo_unw,27.0,2,8.501893833134389e-05,3.6201020367632447e-09,True,0.0,2.8300045751723104,61500,plateau,200000,0.0001,0,False,20,stalled,60,True,5.361078550155318e-07,2.454352790211909e-13,5.361076095802527e-07,,3.80055988065234e-05,0.6048848826120535,20.0,0,1774.1,141.3,success,1.0,0.007259471917356675,,,converged,4.052054274615464,0.5320555555555555,540,4.052054274615464
pseudo_unw_T27_s3,pseudo_unw,27.0,3,0.0008146476640842777,2.9553323495021573e-07,True,0.0,2.830054185576641,60000,plateau,200000,0.0001,0,False,19,stalled,60,True,6.342768225528968e-07,5.398761848666056e-13,6.342762826767119e-07,,3.5099797740640836e-05,0.7604972549932733,20.0,0,712.3,64.3,success,1.0,0.016741531998475948,,,converged,4.052054274615464,0.2157222222222222,540,4.052054274615464
pseudo_unw_T27_s4,pseudo_unw,27.0,4,0.0008380223312483175,3.1308847732583255e-07,True,0.0,2.8301322306663215,60250,plateau,200000,0.0001,0,False,21,stalled,60,True,4.33204095827581e-07,7.517246317991475e-13,4.3320334410294923e-07,,2.3203860082364556e-05,0.8642575399803979,20.0,0,764.1,67.1,success,1.0,0.006230638653720892,,,converged,4.052054274615464,0.2308888888888889,540,4.052054274615464
pseudo_unw_T27_s5,pseudo_unw,27.0,5,0.0006323607647489246,1.8229917152416301e-07,True,0.0,2.830167046708371,70250,plateau,200000,0.0001,0,False,32,stalled,60,True,2.6673945978237936e-06,8.601959552525198e-13,2.6673937376278383e-06,,4.152352263516495e-05,0.7749055949458916,20.0,0,812.6,99.5,success,1.0,0.009120682646217335,,,converged,4.052054274615464,0.2533611111111111,540,4.052054274615464
pseudo_unw_T27_s6,pseudo_unw,27.0,6,0.0004034308451640352,7.253956772965778e-08,True,0.0,2.8300347353709823,61750,plateau,200000,0.0001,0,False,26,stalled,60,True,5.82179990932626e-07,2.0598090949887567e-13,5.821797849517165e-07,,3.479867536346946e-05,0.573951162208587,20.0,0,688.2,78.8,success,1.0,0.010108224414495728,,,converged,4.052054274615464,0.21305555555555555,540,4.052054274615464
pseudo_unw_T27_s7,pseudo_unw,27.0,7,0.0002777814305871466,3.474654303029474e-08,True,0.0,2.8299956558281867,60000,plateau,200000,0.0001,0,False,18,stalled,60,True,4.614389009925692e-07,2.9704691642283586e-13,4.614386039456528e-07,,2.3772713106044984e-05,0.7585198210159778,20.0,0,1797.6,125.5,success,1.0,0.009806243333798844,,,converged,4.052054274615464,0.5341944444444444,540,4.052054274615464
pseudo_unw_T27_s8,pseudo_unw,27.0,8,0.9022358219426155,0.40303653269542283,False,0.7282487967419474,1.9984260316330962,60000,plateau,200000,0.0001,0,False,4,stalled,60,True,0.03125383630054365,2.0908873476302786e-06,0.03125174541319602,,0.006450520189962563,0.7625242413176567,20.0,0,681.5,12.1,parked,0.6619770455386894,0.770694271350059,1.44,2.41,converged,4.052054274615464,0.19266666666666668,540,0.3616833630304914
pseudo_unw_T27_s9,pseudo_unw,27.0,9,0.00030338828792046105,4.151556309945303e-08,True,0.0,2.829979556152222,60000,plateau,200000,0.0001,0,False,16,stalled,60,True,6.589504029190674e-07,1.328898436151029e-14,6.58950389630083e-07,,2.4447970372449364e-05,0.681356270840753,20.0,0,711.9,50.5,success,1.0,0.022003372322914855,,,converged,4.052054274615464,0.21177777777777776,540,4.052054274615464
pseudo_unw_T40_s0,pseudo_unw,40.0,0,0.6872084842946639,0.22246628155089615,False,0.0,2.8547396008430455,60000,plateau,200000,0.0001,0,False,15,stalled,60,True,0.00040228307523344157,4.551898902378682e-07,0.0004018278853432037,,0.0005289966597568534,0.637640838274662,20.0,0,970.8,57.7,diffuse,0.9890027493126718,0.1692031508066968,2.72,8.57,converged,6.003043369800688,0.2856944444444444,800,1.2861520419797974
pseudo_unw_T40_s1,pseudo_unw,40.0,1,0.002126682966186676,2.0103753174976136e-06,True,0.0,2.8301218075163797,62250,plateau,200000,0.0001,0,False,28,stalled,60,True,7.656442917612096e-07,8.55901926731375e-12,7.656357327419424e-07,,5.2016475179721585e-05,0.7395837585006355,20.0,0,996.2,107.9,success,1.0,0.008689739006070974,,,converged,6.003043369800688,0.3066944444444445,800,6.003043369800688
pseudo_unw_T40_s2,pseudo_unw,40.0,2,0.9349652913019653,0.43426593012451614,False,0.8157960509872532,1.998637540350187,60000,plateau,200000,0.0001,0,False,4,stalled,60,True,0.021199400077301204,9.464122220615643e-07,0.021198453665079144,,0.003386654400095811,0.8230557791430978,20.0,0,952.7,15.8,parked,0.7728067983004249,0.7866322768616051,1.45,2.4,converged,6.003043369800688,0.26902777777777775,800,0.3601826021880412
pseudo_unw_T40_s3,pseudo_unw,40.0,3,0.000516812886568731,1.2159705697468954e-07,True,0.0,2.830241103137807,91000,plateau,200000,0.0001,0,False,51,stalled,60,True,2.1680655199086283e-06,1.8809646717971482e-13,2.168065331812161e-06,,3.561858524761578e-05,0.5781915764279717,20.0,0,1395.5,194.6,success,1.0,0.011777280962452884,,,converged,6.003043369800688,0.44169444444444445,800,6.003043369800688
pseudo_unw_T40_s4,pseudo_unw,40.0,4,0.0027521358723450926,3.3700946915402953e-06,True,0.0,2.8300938283996575,66250,plateau,200000,0.0001,0,False,60,stalled,60,True,1.3140935520391634e-06,4.431600829517248e-12,1.3140891204383338e-06,,3.735898002282602e-05,0.6777490937994334,20.0,0,1178.3,240.0,success,1.0,0.022129969746708975,,,converged,6.003043369800688,0.3939722222222222,800,6.003043369800688
pseudo_unw_T40_s5,pseudo_unw,40.0,5,0.939445295632056,0.4385423890840886,False,0.8212946763309172,1.9981128923112839,60000,plateau,200000,0.0001,0,False,6,stalled,60,True,0.021335948244801704,1.7979517906812318e-06,0.02133415029301102,,0.010852047650471068,0.6767876008130862,20.0,0,2216.1,73.7,parked,0.770557360659835,0.7800103797483786,1.34,2.35,converged,6.003043369800688,0.6360555555555555,800,0.3526787979757904
pseudo_unw_T40_s6,pseudo_unw,40.0,6,0.008889024934501652,3.519716714469737e-05,True,0.0,2.830363759685425,65250,plateau,200000,0.0001,0,False,60,cap,60,False,3.3464461034935258e-06,8.544260237307043e-11,3.3463606608911526e-06,,0.0001469698539595295,0.6296382029641612,20.0,0,938.3,209.4,success,1.0,0.028108599776551033,,,converged,6.003043369800688,0.31880555555555556,800,6.003043369800688
pseudo_unw_T40_s7,pseudo_unw,40.0,7,0.00042443369639911485,8.18849410069359e-08,True,0.0,2.8299993857996735,61000,plateau,200000,0.0001,0,False,49,stalled,60,True,1.0368791706249125e-06,3.8565620959458826e-13,1.036878784968703e-06,,3.171667992572418e-05,0.6865834675319831,20.0,0,1082.7,195.8,success,1.0,0.009342873258580372,,,converged,6.003043369800688,0.3551388888888889,800,6.003043369800688
pseudo_unw_T40_s8,pseudo_unw,40.0,8,0.0004500665782093103,9.566442762072363e-08,True,0.0,2.8302605394058276,65000,plateau,200000,0.0001,0,False,57,stalled,60,True,3.926504728407359e-06,1.593070583747455e-13,3.926504569100301e-06,,0.00015051103196236392,0.5155400825394117,20.0,0,1755.3,436.8,success,1.0,0.00814771796249891,,,converged,6.003043369800688,0.6089166666666667,800,6.003043369800688
pseudo_unw_T40_s9,pseudo_unw,40.0,9,0.00806162298221115,2.8930847374188747e-05,True,0.0,2.83036763221825,61000,plateau,200000,0.0001,0,False,33,stalled,60,True,1.7565900403556707e-06,4.458301004481214e-11,1.756545457345626e-06,,4.458934731834931e-05,0.7391939830076806,20.0,0,1001.9,122.8,success,1.0,0.01813118995177439,,,converged,6.003043369800688,0.3124166666666667,800,6.003043369800688
pseudo_unw_T67_s0,pseudo_unw,67.0,0,0.5357928731117504,0.13945679592410662,False,0.15549917922698106,2.8299312950346662,61500,plateau,200000,0.0001,0,False,12,stalled,60,True,0.012941207797880855,1.2671127090425603e-08,0.012941195126753765,,0.00906063118156123,0.6766869301047729,20.0,0,1483.6,79.9,diffuse,0.796448291299806,0.7552750155930782,6.17,26.13,axes,10.055097644416152,0.43430555555555556,1340,3.9214880813222988
pseudo_unw_T67_s1,pseudo_unw,67.0,1,0.7972181484913555,0.3154709108164754,False,0.5529025518579317,2.8182379529038117,60250,plateau,200000,0.0001,0,False,12,stalled,60,True,0.013026733772019095,1.0108726696659358e-07,0.013026632684752128,,0.011630912460811828,0.8596654481857153,20.0,0,1016.5,42.5,parked,0.7645127592896582,0.7608935359045177,5.0,12.82,axes,10.055097644416152,0.2941666666666667,1340,1.9239754000211204
pseudo_unw_T67_s2,pseudo_unw,67.0,2,0.962641722423198,0.4616691535800086,False,0.8910610356663184,1.9990261241107683,60500,plateau,200000,0.0001,0,False,5,stalled,60,True,0.0127033996838102,4.752483386091254e-07,0.01270292443547159,,0.001585148822456634,0.8296170055992438,20.0,0,2691.4,57.3,parked,0.8695717057155649,0.7673594201298333,1.4000000000000001,2.41,axes,10.055097644416152,0.7635277777777778,1340,0.3616833630304914
pseudo_unw_T67_s3,pseudo_unw,67.0,3,0.04971068010923989,0.0011051343774759342,True,0.0,2.8317570795048748,79500,plateau,200000,0.0001,0,False,60,cap,60,False,1.976071187055401e-05,4.946968632060375e-11,1.976066240086769e-05,,0.0008421926762977048,0.5882853162377053,20.0,0,1405.7,258.3,success,1.0,0.044914011841238534,42.87,,axes,10.055097644416152,0.4622222222222222,1340,10.055097644416152
pseudo_unw_T67_s4,pseudo_unw,67.0,4,0.9652515817708516,0.4641996117296828,False,0.8958364423220415,1.9983681254270151,64000,plateau,200000,0.0001,0,False,4,stalled,60,True,0.01286183336473089,1.3323629417446234e-06,0.012860501001789145,,0.0018047564945328958,0.9397128942712423,20.0,0,1604.3,29.8,parked,0.8612147440680495,0.7539682214484842,1.3,2.29,axes,10.055097644416152,0.45391666666666663,1340,0.34367423292108934
pseudo_unw_T67_s5,pseudo_unw,67.0,5,0.5781250164008691,0.16566305737003584,False,0.2972690643187584,2.836749721427408,60000,plateau,200000,0.0001,0,False,8,stalled,60,True,0.012750271434890383,2.3910430345084666e-08,0.012750247524460037,,0.004308937926530834,0.6629969001752265,20.0,0,1026.6,28.4,diffuse,0.8303238322638412,0.7630970089239362,39.29,45.33,axes,10.055097644416152,0.29305555555555557,1340,6.802948898826629
pseudo_unw_T67_s6,pseudo_unw,67.0,6,0.5894528529344804,0.17188397879307157,False,0.30010446202059393,2.826914976128845,61500,plateau,200000,0.0001,0,False,7,stalled,60,True,0.012845374685850995,1.1644340913755925e-08,0.012845363041510082,,0.00599784534170823,1.234058965546338,20.0,0,2657.8,73.0,parked,0.8219668706163259,0.7573611685712325,12.73,42.81,axes,10.055097644416152,0.7585555555555556,1340,6.4247571665291865
pseudo_unw_T67_s7,pseudo_unw,67.0,7,0.4985955189219803,0.12229889630838155,False,0.20161169974630652,2.8396330576188973,66250,plateau,200000,0.0001,0,False,7,stalled,60,True,0.013142130293931405,2.1875173628155628e-08,0.013142108418757778,,0.005425878789506909,0.7199381098459192,20.0,0,1157.6,27.3,diffuse,0.8253991941501269,0.7313770076669461,12.9,50.300000000000004,axes,10.055097644416152,0.32913888888888887,1340,7.548827037524365
pseudo_unw_T67_s8,pseudo_unw,67.0,8,0.5055732002778557,0.12589541512439495,False,0.203551708700194,2.8357018588657223,60000,plateau,200000,0.0001,0,False,8,stalled,60,True,0.012938115190302532,1.9324377117960188e-10,0.01293811499705876,,0.008747732183100284,0.7140826647920387,20.0,0,1483.6,46.4,diffuse,0.8325623041337114,0.758934523899803,12.86,49.28,axes,10.055097644416152,0.425,1340,7.395749431594447
pseudo_unw_T67_s9,pseudo_unw,67.0,9,0.5291210620920181,0.1371632986337769,False,0.20474556036412475,2.829652128915033,61250,plateau,200000,0.0001,0,False,7,stalled,60,True,0.012893451922982278,1.3783608495007243e-08,0.012893438139373783,,0.017444715587811056,0.7613334667081612,20.0,0,1049.8,25.2,diffuse,0.8231607222802567,0.7539298890234059,9.51,34.9,axes,10.055097644416152,0.2986111111111111,1340,5.2376553401510995
pseudo_unw_T100_s0,pseudo_unw,100.0,0,0.7226822455190182,0.26008204461871476,False,0.49695030496950304,2.8434273062212747,65750,plateau,200000,0.0001,0,False,7,stalled,60,True,0.00862703387333341,1.2459316622427223e-08,0.008627021414016788,,0.010168351545179028,0.9246063854737736,20.0,0,4333.7,78.4,parked,0.8875112488751125,0.7588614220922241,44.050000000000004,48.78,axes,15.007608424501719,1.2255833333333332,2000,7.3207113894719384
pseudo_unw_T100_s1,pseudo_unw,100.0,1,0.7937692841065048,0.31270415696481135,False,0.5356464353564644,2.8303490846299493,65000,plateau,200000,0.0001,0,False,8,stalled,60,True,0.008816985055360552,1.3727714272020168e-08,0.00881697132764628,,0.0051583076488100595,0.8054259083499916,20.0,0,1702.4,46.6,parked,0.8431156884311569,0.7527021277103207,6.01,19.25,axes,15.007608424501719,0.48583333333333334,2000,2.888964621716581
pseudo_unw_T100_s2,pseudo_unw,100.0,2,0.6606497553788476,0.21583281939981455,False,0.3668633136686331,2.8324647118570065,60000,plateau,200000,0.0001,0,False,8,stalled,60,True,0.008738498103278506,4.12398127112206e-09,0.008738493979297235,,0.003978999456398732,0.6827971806817361,20.0,0,2267.9,65.8,parked,0.863013698630137,0.7676048210390565,9.44,39.410000000000004,axes,15.007608424501719,0.6482500000000001,2000,5.914498480096128
pseudo_unw_T100_s3,pseudo_unw,100.0,3,0.8302022367319778,0.3433096936960984,False,0.661033896610339,2.8392272111894927,60000,plateau,200000,0.0001,0,False,5,stalled,60,True,0.008594734793027156,2.1236393863895414e-09,0.00859473266938777,,0.001914198058387583,0.9336140033760632,20.0,0,3913.3,59.9,parked,0.889011098890111,0.7593952711890296,9.41,30.57,axes,15.007608424501719,1.1036666666666668,2000,4.587825895370176
pseudo_unw_T100_s4,pseudo_unw,100.0,4,0.9416285587986484,0.44227270056189866,False,0.8624137586241376,2.8265342560653277,60000,plateau,200000,0.0001,0,False,5,stalled,60,True,0.00848516487223026,5.363163966607654e-09,0.008485159509066293,,0.007242897369764225,0.9440526294655475,20.0,0,1519.5,33.1,parked,0.9005099490050995,0.7763305703923135,7.83,10.13,axes,15.007608424501719,0.43127777777777776,2000,1.5202707334020242
pseudo_unw_T100_s5,pseudo_unw,100.0,5,0.9052461712543411,0.40872312172007497,False,0.7948205179482052,2.8273069686326484,60000,plateau,200000,0.0001,0,False,5,stalled,60,True,0.008522056758638872,3.161895464398314e-08,0.008522025139684229,,0.01627942079925626,0.9408726833739396,20.0,0,2301.0,43.7,parked,0.8938106189381062,0.7716612397978272,12.73,17.1,axes,15.007608424501719,0.6513055555555555,2000,2.566301040589794
pseudo_unw_T100_s6,pseudo_unw,100.0,6,0.7117473945757066,0.25104552666667357,False,0.44665533446655337,2.831150311604981,63250,plateau,200000,0.0001,0,False,7,stalled,60,True,0.008990081646252953,3.3705640369977085e-08,0.008990047940612582,,0.008445000188443616,0.9210013790225932,20.0,0,3832.5,92.5,parked,0.8521147885211479,0.846260692118751,11.75,29.29,axes,15.007608424501719,1.0902777777777777,2000,4.395728507536553
pseudo_unw_T100_s7,pseudo_unw,100.0,7,0.8905738296686402,0.39547473036142466,False,0.7633236676332367,2.8222343315285863,60000,plateau,200000,0.0001,0,False,6,stalled,60,True,0.008576435696512565,3.2161164375911455e-09,0.008576432480396128,,0.007370113750778367,1.0967708954134094,20.0,0,1531.4,38.5,parked,0.8769123087691231,0.7466447781893256,9.33,19.11,axes,15.007608424501719,0.4360833333333334,2000,2.8679539699222785
pseudo_unw_T100_s8,pseudo_unw,100.0,8,0.746206550861529,0.2764236931205117,False,0.4988501149885011,2.830019389089988,64500,plateau,200000,0.0001,0,False,7,stalled,60,True,0.008599714385957411,9.316355998796378e-09,0.008599705069601412,,0.0033444273701628453,0.8876748139576282,20.0,0,2423.9,58.1,parked,0.8813118688131187,0.7575973023926755,8.53,29.28,axes,15.007608424501719,0.6894444444444444,2000,4.394227746694104
pseudo_unw_T100_s9,pseudo_unw,100.0,9,0.7665830339896241,0.292793534320494,False,0.5626437356264373,2.8356406227796125,60000,plateau,200000,0.0001,0,False,6,stalled,60,True,0.008617966454973827,2.431540841899967e-09,0.008617964023432985,,0.004394422333499655,1.0214684201074677,20.0,0,3728.1,81.9,parked,0.8832116788321168,0.7740131506767688,37.550000000000004,41.99,axes,15.007608424501719,1.0583333333333333,2000,6.301694777448272
pseudo_unw_T14_s0_d80,pseudo_unw,14.0,0,0.00014608228324149798,9.766366845602283e-09,True,0.0,2.8299384414624784,60000,plateau,200000,0.0001,0,False,10,stalled,60,True,2.6178187626831794e-07,2.4845670846811936e-12,2.6177939170123324e-07,,2.2082749272324825e-05,0.6946459422075841,80.0,0,2270.3,94.1,success,1.0,0.004421232556285135,,,axes,2.1010651794302406,0.6567777777777778,1120,2.1010651794302406
pseudo_unw_T14_s1_d80,pseudo_unw,14.0,1,2.774918565149021e-05,4.790070495250252e-10,True,0.0,2.829936171607581,62250,plateau,200000,0.0001,0,False,10,stalled,60,True,1.9620725881327634e-07,3.2143246817414223e-13,1.9620693738080816e-07,,6.71420267506679e-06,0.7709607081337222,80.0,0,969.2,36.0,success,1.0,0.0025648254527510994,,,axes,2.1010651794302406,0.27922222222222226,1120,2.1010651794302406
pseudo_unw_T14_s2_d80,pseudo_unw,14.0,2,9.212414384795968e-05,4.346745806270253e-09,True,0.0,2.829955193019234,60250,plateau,200000,0.0001,0,False,9,stalled,60,True,6.188129500005594e-07,2.7855427987921934e-12,6.188101644577607e-07,,2.1685078711827976e-05,0.5604325468225027,80.0,0,1332.1,38.8,success,1.0,0.005053460074300745,,,axes,2.1010651794302406,0.3808055555555555,1120,2.1010651794302406
pseudo_unw_T14_s3_d80,pseudo_unw,14.0,3,4.6513451500609774e-05,1.108455203497758e-09,True,0.0,2.82994170584786,60000,plateau,200000,0.0001,0,False,10,stalled,60,True,2.796458194254987e-07,4.311503901966183e-13,2.796453882751085e-07,,1.4935494242858439e-05,0.709830299939248,80.0,0,881.5,34.0,success,1.0,0.003519994462060378,,,axes,2.1010651794302406,0.25430555555555556,1120,2.1010651794302406
pseudo_unw_T14_s4_d80,pseudo_unw,14.0,4,0.0001286876341702573,8.4328895745309e-09,True,0.0,2.82992121302343,62000,plateau,200000,0.0001,0,False,14,stalled,60,True,1.0670103403192666e-06,4.576568602695542e-12,1.0670057637506638e-06,,1.3077665774013604e-05,0.6250571780541283,80.0,0,2219.6,117.0,success,1.0,0.00948535540767658,,,axes,2.1010651794302406,0.6490555555555555,1120,2.1010651794302406
pseudo_unw_T14_s5_d80,pseudo_unw,14.0,5,0.00011003690338183333,5.512417184263592e-09,True,0.0,2.8299865274300697,64500,plateau,200000,0.0001,0,False,9,stalled,60,True,2.80589522077244e-07,4.9388526275568625e-12,2.8058458322461645e-07,,1.8802173085073344e-05,0.5832814901711384,80.0,0,1057.2,31.7,success,1.0,0.010777699866823393,,,axes,2.1010651794302406,0.30247222222222225,1120,2.1010651794302406
pseudo_unw_T14_s6_d80,pseudo_unw,14.0,6,5.343859901585339e-05,1.6769523195621645e-09,True,0.0,2.829956247039713,60000,plateau,200000,0.0001,0,False,13,stalled,60,True,4.508019472019393e-07,4.132162797865483e-13,4.508015339856595e-07,,1.675819578872979e-05,0.6938338665476186,80.0,0,1301.9,63.2,success,1.0,0.007371147441019623,,,axes,2.1010651794302406,0.3791944444444445,1120,2.1010651794302406
pseudo_unw_T14_s7_d80,pseudo_unw,14.0,7,0.00020353834083190357,1.8487000087289043e-08,True,0.0,2.829938112992546,60750,plateau,200000,0.0001,0,False,7,stalled,60,True,2.394985582999825e-07,1.1874890567771575e-12,2.394973708109257e-07,,1.2204466391142817e-05,0.6861550007066685,80.0,0,919.7,22.8,success,1.0,0.005779667233180274,,,axes,2.1010651794302406,0.26180555555555557,1120,2.1010651794302406
pseudo_unw_T14_s8_d80,pseudo_unw,14.0,8,0.00011865642159067936,6.38590689996169e-09,True,0.0,2.829913566838878,60000,plateau,200000,0.0001,0,False,8,stalled,60,True,2.3607409613430356e-07,2.4881773136336527e-12,2.3607160795698992e-07,,1.6251003588648883e-05,0.7378231674712731,80.0,0,2251.4,85.2,success,1.0,0.006928021446673705,,,axes,2.1010651794302406,0.6490555555555555,1120,2.1010651794302406
pseudo_unw_T14_s9_d80,pseudo_unw,14.0,9,0.00044924084589858734,8.954267817382199e-08,True,0.0,2.8299983618189373,60000,plateau,200000,0.0001,0,False,7,stalled,60,True,2.42238359664031e-07,1.5819969354868986e-11,2.4222253969467613e-07,,3.067592991221669e-05,0.772113127589064,80.0,0,965.2,25.5,success,1.0,0.0041258375756959296,,,axes,2.1010651794302406,0.27519444444444446,1120,2.1010651794302406
pseudo_unw_T27_s0_d80,pseudo_unw,27.0,0,0.0004446283316930075,8.838876986941706e-08,True,0.0,2.830031557610783,62000,plateau,200000,0.0001,0,False,19,stalled,60,True,3.263456470900303e-07,2.934108150135457e-12,3.2634271298188016e-07,,4.124236398751985e-05,0.6736342261637387,80.0,0,4418.5,213.2,success,1.0,0.003157993120136014,,,axes,4.052054274615464,1.2865833333333332,2160,4.052054274615464
pseudo_unw_T27_s1_d80,pseudo_unw,27.0,1,0.00019908654978811115,1.8254041790615046e-08,True,0.0,2.8300312653788824,60000,plateau,200000,0.0001,0,False,20,stalled,60,True,5.581294837738227e-07,2.3370927664222807e-13,5.58129250064546e-07,,3.348200825376722e-05,0.700157253794953,80.0,0,2591.8,143.0,success,1.0,0.0037903670553100575,,,axes,4.052054274615464,0.7596666666666667,2160,4.052054274615464
pseudo_unw_T27_s2_d80,pseudo_unw,27.0,2,0.00011133797092751275,5.969077325387733e-09,True,0.0,2.829980316396744,60000,plateau,200000,0.0001,0,False,25,stalled,60,True,4.67585938978094e-07,5.3526817935527325e-14,4.6758588545127604e-07,,1.758238710929751e-05,0.7234276371912284,80.0,0,4421.5,296.3,success,1.0,0.005706490855093636,,,axes,4.052054274615464,1.3105,2160,4.052054274615464
pseudo_unw_T27_s3_d80,pseudo_unw,27.0,3,0.0005849243409917864,1.5231311996549985e-07,True,0.0,2.8301080491128463,62000,plateau,200000,0.0001,0,False,18,stalled,60,True,3.3470219181079635e-07,1.8574400362623644e-12,3.347003343707601e-07,,1.6679049542300198e-05,0.9706863410603466,80.0,0,2609.1,123.7,success,1.0,0.006925225671707203,,,axes,4.052054274615464,0.7591111111111111,2160,4.052054274615464
pseudo_unw_T27_s4_d80,pseudo_unw,27.0,4,0.00030777676816981503,4.3253597537169024e-08,True,0.0,2.829989654809914,60000,plateau,200000,0.0001,0,False,34,stalled,60,True,1.0089818650595246e-06,1.0199640953545361e-11,1.008971665418571e-06,,3.3297616352748445e-05,0.9199117480301694,80.0,0,4295.5,406.6,success,1.0,0.013663771068577593,,,axes,4.052054274615464,1.306138888888889,2160,4.052054274615464
pseudo_unw_T27_s5_d80,pseudo_unw,27.0,5,0.000103335399754784,6.227288896701721e-09,True,0.0,2.82993509119188,65250,plateau,200000,0.0001,0,False,36,stalled,60,True,1.2460871923105968e-06,2.742920985505358e-12,1.2460844493896113e-06,,3.0366331416452364e-05,0.7257622276487664,80.0,0,2715.9,239.6,success,1.0,0.004500645931119587,,,axes,4.052054274615464,0.8209722222222222,2160,4.052054274615464
pseudo_unw_T27_s6_d80,pseudo_unw,27.0,6,0.00026383075136852014,3.203931950882803e-08,True,0.0,2.830035635749487,65500,plateau,200000,0.0001,0,False,29,stalled,60,True,1.0512187082435305e-06,1.0533883911143193e-12,1.0512176548551393e-06,,4.8362078187455224e-05,0.6220680376279649,80.0,0,4566.0,300.3,success,1.0,0.00879341930731952,,,axes,4.052054274615464,1.35175,2160,4.052054274615464
pseudo_unw_T27_s7_d80,pseudo_unw,27.0,7,0.00048082558424854065,1.0333007672647558e-07,True,0.0,2.829954938631673,60750,plateau,200000,0.0001,0,False,17,stalled,60,True,6.487607978614044e-07,5.888649601968849e-13,6.487602089964442e-07,,1.817991937451274e-05,0.72357857813762,80.0,0,1752.2,103.7,success,1.0,0.007806487242780866,,,axes,4.052054274615464,0.5155277777777778,2160,4.052054274615464
pseudo_unw_T27_s8_d80,pseudo_unw,27.0,8,0.0005883494560238067,1.5405638798000464e-07,True,0.0,2.8300506571678716,60000,plateau,200000,0.0001,0,False,24,stalled,60,True,4.4729361046033837e-07,2.2923853405477306e-12,4.472913180749978e-07,,2.8384093770144134e-05,0.757390938102442,80.0,0,2526.0,178.8,success,1.0,0.009833158557031818,,,axes,4.052054274615464,0.7513333333333334,2160,4.052054274615464
pseudo_unw_T27_s9_d80,pseudo_unw,27.0,9,0.9119593827708372,0.41173600036005886,False,0.7471306923361718,1.9971320541325086,60000,plateau,200000,0.0001,0,False,6,stalled,60,True,0.03181710141789931,4.1125593995282165e-06,0.031812988858499786,,0.006696127089154284,0.6248387236196612,80.0,0,4484.8,83.4,parked,0.6586449463161792,0.7933866220447866,1.29,2.2600000000000002,axes,4.052054274615464,1.2689444444444444,2160,0.3391719503937389
pseudo_unw_T40_s0_d80,pseudo_unw,40.0,0,0.6910772775244066,0.2250944612025536,False,0.0,2.8559030057508212,61000,plateau,200000,0.0001,0,False,11,stalled,60,True,0.0004397716072114738,4.075260528729068e-07,0.00043936408115860087,,0.0008524585388227701,0.7830681840346181,80.0,0,5765.5,141.6,diffuse,0.9720069982504373,0.22576263507465003,2.71,8.6,axes,6.003043369800688,1.640861111111111,3200,1.2906543245071478
pseudo_unw_T40_s1_d80,pseudo_unw,40.0,1,0.936188569490256,0.43544392311161706,False,0.8165458635341165,1.9985893267237387,60000,plateau,200000,0.0001,0,False,3,stalled,60,True,0.021176262153443235,9.952950953871679e-07,0.02117526685834785,,0.0010356042008997073,0.8045425417003391,80.0,0,6165.7,45.1,parked,0.7735566108472882,0.761206359074997,1.42,2.41,axes,6.003043369800688,1.7252222222222222,3200,0.3616833630304914
pseudo_unw_T40_s2_d80,pseudo_unw,40.0,2,0.0011770202508099485,6.210908483412554e-07,True,0.0,2.829963018418711,73000,plateau,200000,0.0001,0,False,60,stalled,60,True,2.6531481375334885e-06,5.850462602445391e-13,2.6531475524872284e-06,,6.912157280842532e-05,0.5717130252215623,80.0,0,6861.2,517.8,success,1.0,0.006252356623415246,,,axes,6.003043369800688,2.049722222222222,3200,6.003043369800688
pseudo_unw_T40_s3_d80,pseudo_unw,40.0,3,0.0074214694359461255,2.4507280495914355e-05,True,0.0,2.8302408844236226,60250,plateau,200000,0.0001,0,False,36,stalled,60,True,1.5734201350896412e-06,2.3624775186248896e-11,1.573396510314455e-06,,4.2564385504076464e-05,0.608508768846279,80.0,0,5753.1,448.5,success,1.0,0.023279397811984973,,,axes,6.003043369800688,1.7226666666666668,3200,6.003043369800688
pseudo_unw_T40_s4_d80,pseudo_unw,40.0,4,0.9351054746057855,0.43445426367122947,False,0.8162959260184953,2.000988634015039,60000,plateau,200000,0.0001,0,False,3,stalled,60,True,0.02117458104834194,8.991082241910738e-07,0.021173681940117747,,0.0011109492909625242,0.797149750189281,80.0,0,5989.3,37.4,parked,0.770557360659835,0.7560370260753599,1.42,2.42,axes,6.003043369800688,1.6740833333333334,3200,0.3631841238729416
pseudo_unw_T40_s5_d80,pseudo_unw,40.0,5,0.0063179472583316364,1.776584740312281e-05,True,0.0,2.8301977942310867,60000,plateau,200000,0.0001,0,False,45,stalled,60,True,1.3365735692166462e-06,2.3538690205229614e-11,1.336550030526441e-06,,4.09766721383598e-05,0.6246571384447183,80.0,0,6051.1,480.0,success,1.0,0.021192709520529623,,,axes,6.003043369800688,1.8141944444444444,3200,6.003043369800688
pseudo_unw_T40_s6_d80,pseudo_unw,40.0,6,0.0044491820991761424,8.81692333593883e-06,True,0.0,2.8302067564517617,60000,plateau,200000,0.0001,0,False,51,stalled,60,True,2.2097531284602394e-06,2.2202157532208726e-11,2.209730926302707e-06,,5.30410472267806e-05,0.9374139976288849,80.0,0,5890.4,561.2,success,1.0,0.015342495955718623,,,axes,6.003043369800688,1.792111111111111,3200,6.003043369800688
pseudo_unw_T40_s7_d80,pseudo_unw,40.0,7,0.8918791962440932,0.395109881668713,False,0.7350662334416396,2.779751377692795,72250,plateau,200000,0.0001,0,False,4,stalled,60,True,0.02116258164783109,9.8408596866773e-09,0.021162571806971404,,0.0021917718563940762,0.84189224138586,80.0,0,6826.7,40.6,parked,0.7588102974256435,0.7538428585226726,4.48,6.07,axes,6.003043369800688,1.9075833333333334,3200,0.9109618313672544
pseudo_unw_T40_s8_d80,pseudo_unw,40.0,8,0.7375531997579979,0.26941000077518784,False,0.485378655336166,2.828719093907748,60750,plateau,200000,0.0001,0,False,4,stalled,60,True,0.02118147406008948,6.423117984094903e-11,0.0211814739958583,,0.0011596708285250704,0.7761384155008293,80.0,0,6282.7,41.6,parked,0.7540614846288428,0.7580817910990613,14.48,17.490000000000002,axes,6.003043369800688,1.75675,3200,2.624830713445351
pseudo_unw_T40_s9_d80,pseudo_unw,40.0,9,0.0026466406623955247,3.1209665787574274e-06,True,0.0,2.8300852379586066,66750,plateau,200000,0.0001,0,False,60,cap,60,False,1.825955449099127e-06,5.526882890179028e-12,1.825949922216237e-06,,7.788397114439724e-05,0.6370918947254046,80.0,0,6485.9,591.9,success,1.0,0.011333976417330353,,,axes,6.003043369800688,1.9660555555555554,3200,6.003043369800688
pseudo_unw_T14_s0_d320,pseudo_unw,14.0,0,7.819896934501494e-05,2.950825737618387e-09,True,0.0,2.829937077835923,67500,plateau,200000,0.0001,0,False,11,stalled,60,True,3.9453469981933865e-07,1.673121761907126e-13,3.9453453250716246e-07,,2.091515634609851e-05,0.8540846775644716,320.0,0,3866.6,109.1,success,1.0,0.007254294191062155,,,axes,2.1010651794302406,1.1043611111111111,4480,2.1010651794302406
pseudo_unw_T14_s1_d320,pseudo_unw,14.0,1,4.6551544553745875e-05,1.0786032241477593e-09,True,0.0,2.82994300182898,60000,plateau,200000,0.0001,0,False,8,stalled,60,True,1.771757472243484e-07,1.2891640479019367e-14,1.7717573433270794e-07,,6.829552978905725e-06,0.9997590885104372,320.0,0,4653.9,82.9,success,1.0,0.004901955340948945,,,axes,2.1010651794302406,1.3157777777777775,4480,2.1010651794302406
pseudo_unw_T14_s2_d320,pseudo_unw,14.0,2,6.819218042696315e-05,2.4804916510843818e-09,True,0.0,2.829929092267571,60000,plateau,200000,0.0001,0,False,11,stalled,60,True,4.646584726954073e-07,1.0406393945844606e-12,4.6465743205601274e-07,,2.0757555380864488e-05,0.6671719745396131,320.0,0,7431.1,135.7,success,1.0,0.006540860522507572,,,axes,2.1010651794302406,2.101888888888889,4480,2.1010651794302406
pseudo_unw_T14_s3_d320,pseudo_unw,14.0,3,0.00012102192310010499,6.656976234480003e-09,True,0.0,2.829957115844965,63500,plateau,200000,0.0001,0,False,9,stalled,60,True,2.4631004339709305e-07,4.0593831194099985e-13,2.463096374587811e-07,,1.1980495239543389e-05,0.7933551276481984,320.0,0,7854.0,90.3,success,1.0,0.00601921764707415,,,axes,2.1010651794302406,2.20675,4480,2.1010651794302406
pseudo_unw_T14_s4_d320,pseudo_unw,14.0,4,3.0490562028671667e-05,5.61503898313088e-10,True,0.0,2.8299349067771944,60000,plateau,200000,0.0001,0,False,11,stalled,60,True,2.2543723292235536e-07,3.4672839457786225e-14,2.254371982495159e-07,,1.1441842124353662e-05,0.5811365172549481,320.0,0,7709.1,118.2,success,1.0,0.0027967969217657916,,,axes,2.1010651794302406,2.1742500000000002,4480,2.1010651794302406
pseudo_unw_T14_s5_d320,pseudo_unw,14.0,5,4.469536690505748e-05,1.0339552978934762e-09,True,0.0,2.829939663670997,63750,plateau,200000,0.0001,0,False,16,stalled,60,True,2.342535212735779e-07,1.4719497840911988e-13,2.3425337407859948e-07,,7.430691501469484e-06,0.6646547807991174,320.0,0,7789.0,156.2,success,1.0,0.005283365858015723,,,axes,2.1010651794302406,2.207,4480,2.1010651794302406
pseudo_unw_T14_s6_d320,pseudo_unw,14.0,6,0.00010077738317960904,4.652800295881171e-09,True,0.0,2.8299040798860746,60000,plateau,200000,0.0001,0,False,8,stalled,60,True,2.4045488092189825e-07,2.7848628227219807e-13,2.40454602435616e-07,,1.6246784392428072e-05,0.6758335124288841,320.0,0,7765.5,82.8,success,1.0,0.002501541661559854,,,axes,2.1010651794302406,2.1800833333333336,4480,2.1010651794302406
pseudo_unw_T14_s7_d320,pseudo_unw,14.0,7,5.449188354143795e-05,1.566866177090139e-09,True,0.0,2.8299847486711647,62000,plateau,200000,0.0001,0,False,9,stalled,60,True,3.419422318015731e-07,3.8377930546484395e-13,3.4194184802226763e-07,,1.690751941999518e-05,0.7373459982993011,320.0,0,7899.4,90.6,success,1.0,0.00350093723495665,,,axes,2.1010651794302406,2.2194444444444446,4480,2.1010651794302406
pseudo_unw_T14_s8_d320,pseudo_unw,14.0,8,0.0001572682070688788,1.1171104201069096e-08,True,0.0,2.8299692239355823,60750,plateau,200000,0.0001,0,False,8,stalled,60,True,2.671602517651148e-07,1.6294205862889838e-12,2.671586223445285e-07,,9.138499400571782e-06,0.6581863246117492,320.0,0,7654.3,96.2,success,1.0,0.0051215128317510395,,,axes,2.1010651794302406,2.1529166666666666,4480,2.1010651794302406
pseudo_unw_T14_s9_d320,pseudo_unw,14.0,9,4.635299392408484e-05,1.3251045934279821e-09,True,0.0,2.829927433537227,60000,plateau,200000,0.0001,0,False,10,stalled,60,True,3.182811047359441e-07,4.3260414481806694e-13,3.182806721317993e-07,,1.347057139833032e-05,0.6588668080996039,320.0,0,7578.4,108.4,success,1.0,0.005953122770164143,,,axes,2.1010651794302406,2.135222222222222,4480,2.1010651794302406
pseudo_unw_T27_s0_d320,pseudo_unw,27.0,0,0.0002494194459433836,2.799411635195799e-08,True,0.0,2.8300036824550387,60000,plateau,200000,0.0001,0,False,17,stalled,60,True,5.121194722325208e-07,3.0665275255995684e-14,5.121194415672455e-07,,2.1921345726839446e-05,0.8551803039703162,320.0,0,7372.5,390.3,success,1.0,0.005318174195694661,,,axes,4.052054274615464,2.1563333333333334,8640,4.052054274615464
pseudo_unw_T27_s1_d320,pseudo_unw,27.0,1,0.00014298286843774578,1.0241733502708895e-08,True,0.0,2.8299818765831177,61500,plateau,200000,0.0001,0,False,25,stalled,60,True,9.901259614663754e-07,2.5564133409157797e-12,9.901234050530344e-07,,2.3831500281248143e-05,0.7361936324200252,320.0,0,11643.1,886.4,success,1.0,0.005202766124409364,,,axes,4.052054274615464,3.4804166666666667,8640,4.052054274615464
pseudo_unw_T27_s2_d320,pseudo_unw,27.0,2,0.0004942215684292891,1.0915010953079768e-07,True,0.0,2.830033703798749,61750,plateau,200000,0.0001,0,False,23,stalled,60,True,6.093761119938889e-07,1.0711965136847554e-12,6.093750407973751e-07,,2.6276683703467204e-05,1.2199551850486854,320.0,0,11604.5,813.8,success,1.0,0.004795885539063377,,,axes,4.052054274615464,3.4495277777777775,8640,4.052054274615464
pseudo_unw_T27_s3_d320,pseudo_unw,27.0,3,0.00021886077485303352,2.282359915814438e-08,True,0.0,2.830083627828308,74750,plateau,200000,0.0001,0,False,32,stalled,60,True,1.4199113569756041e-06,8.771275385502255e-14,1.4199112692628503e-06,,2.5328615231448647e-05,0.6770744422344369,320.0,0,8715.4,691.0,success,1.0,0.005050870473093443,,,axes,4.052054274615464,2.6128888888888886,8640,4.052054274615464
pseudo_unw_T27_s4_d320,pseudo_unw,27.0,4,8.677276042962048e-05,3.7676921731826545e-09,True,0.0,2.8299549010518463,60000,plateau,200000,0.0001,0,False,26,stalled,60,True,6.120659881521481e-07,1.0423823060494875e-14,6.120659777283251e-07,,2.558533876240749e-05,0.6066692877646013,320.0,0,6849.7,576.2,success,1.0,0.005819837690024183,,,axes,4.052054274615464,2.06275,8640,4.052054274615464
pseudo_unw_T27_s5_d320,pseudo_unw,27.0,5,0.0003362447331442172,5.0761590294256906e-08,True,0.0,2.8299474740349013,67750,plateau,200000,0.0001,0,False,23,stalled,60,True,3.8613824512763233e-07,5.595135810191206e-12,3.861326499918221e-07,,2.3640891252133127e-05,0.8191187153272559,320.0,0,7561.3,478.6,success,1.0,0.0050214081483922635,,,axes,4.052054274615464,2.233305555555556,8640,4.052054274615464
pseudo_unw_T27_s6_d320,pseudo_unw,27.0,6,0.0004317434064515235,8.307198460933014e-08,True,0.0,2.8299816937352316,60000,plateau,200000,0.0001,0,False,23,stalled,60,True,4.0609206843352675e-07,1.295399673406922e-12,4.0609077303385337e-07,,1.9624496902177405e-05,0.6839040914864093,320.0,0,6676.7,484.5,success,1.0,0.007796160241203771,,,axes,4.052054274615464,1.9892222222222222,8640,4.052054274615464
pseudo_unw_T27_s7_d320,pseudo_unw,27.0,7,0.0017334792747262225,1.3360066406996051e-06,True,0.0,2.8300760603684862,60000,plateau,200000,0.0001,0,False,24,stalled,60,True,4.678148616054121e-07,6.634059745243417e-12,4.6780822754566686e-07,,1.7561647187722677e-05,0.7830490578548587,320.0,0,6727.3,497.0,success,1.0,0.012806946136607983,,,axes,4.052054274615464,2.0067500000000003,8640,4.052054274615464
pseudo_unw_T27_s8_d320,pseudo_unw,27.0,8,0.0002225359195569277,2.2371456884765312e-08,True,0.0,2.8300207105719832,60000,plateau,200000,0.0001,0,False,19,stalled,60,True,4.6873014680481205e-07,3.9591237110927353e-13,4.6872975089244094e-07,,3.92458400807409e-05,0.9215703145168743,320.0,0,6729.0,401.6,success,1.0,0.005270089466840879,,,axes,4.052054274615464,1.9807222222222223,8640,4.052054274615464
pseudo_unw_T27_s9_d320,pseudo_unw,27.0,9,9.824226847479682e-05,5.04773338936942e-09,True,0.0,2.83003667631027,68500,plateau,200000,0.0001,0,False,41,stalled,60,True,7.925642339214209e-07,4.476714838010461e-13,7.92563786249937e-07,,2.0234864889099998e-05,0.745613180560676,320.0,0,7727.2,858.3,success,1.0,0.009022875015553282,,,axes,4.052054274615464,2.3848611111111113,8640,4.052054274615464
pseudo_unw_T40_s0_d320,pseudo_unw,40.0,0,0.00043679783831513785,8.739167747973118e-08,True,0.0,2.8299994571481264,64500,plateau,200000,0.0001,0,False,60,cap,60,False,2.1725608335116573e-06,8.242088954300584e-13,2.172560009302762e-06,,0.00011758823014552526,0.4937913177420294,320.0,0,17817.7,3088.0,success,1.0,0.006618685539530844,,,axes,6.003043369800688,5.807138888888889,12800,6.003043369800688
pseudo_unw_T40_s1_d320,pseudo_unw,40.0,1,0.0006218851652200764,1.727033140268682e-07,True,0.0,2.830024745648292,60750,plateau,200000,0.0001,0,False,43,stalled,60,True,7.645245290551311e-07,1.6290028498281472e-12,7.645229000522813e-07,,3.869988385505998e-05,0.5519062001805499,320.0,0,17464.6,2499.8,success,1.0,0.007437142817902105,,,axes,6.003043369800688,5.545666666666666,12800,6.003043369800688
pseudo_unw_T40_s2_d320,pseudo_unw,40.0,2,0.00019961392266736549,1.8667078813379e-08,True,0.0,2.8299712864366398,60000,plateau,200000,0.0001,0,False,40,stalled,60,True,7.534767755950448e-07,8.314787738298779e-13,7.534759441162709e-07,,2.7178044240355424e-05,0.7775401719866806,320.0,0,11002.6,1328.6,success,1.0,0.007815938159245008,,,axes,6.003043369800688,3.4253333333333336,12800,6.003043369800688
pseudo_unw_T40_s3_d320,pseudo_unw,40.0,3,0.003932625435323332,6.884038252865257e-06,True,0.0,2.8302940133096928,60000,plateau,200000,0.0001,0,False,53,stalled,60,True,2.288762748017997e-06,9.101909938074604e-12,2.2887536461080587e-06,,5.5422867581394346e-05,0.845794481962818,320.0,0,16789.3,2763.7,success,1.0,0.015616107783461779,,,axes,6.003043369800688,5.431388888888889,12800,6.003043369800688
pseudo_unw_T40_s4_d320,pseudo_unw,40.0,4,0.0015887081822282163,1.1243966463544832e-06,True,0.0,2.8300721622868394,60500,plateau,200000,0.0001,0,False,30,stalled,60,True,1.4284693952175606e-06,1.9610452207549786e-12,1.4284674341723399e-06,,4.261694543222637e-05,1.052054035290937,320.0,0,10490.1,974.0,success,1.0,0.011259240843678069,,,axes,6.003043369800688,3.1844722222222224,12800,6.003043369800688
pseudo_unw_T40_s5_d320,pseudo_unw,40.0,5,0.6977519081048242,0.2295720699401449,False,0.0,2.8552127034867074,60000,plateau,200000,0.0001,0,False,17,stalled,60,True,0.00042227008372732676,4.48323798104401e-07,0.00042182175992922237,,0.0016063563771114488,0.5929114260563061,320.0,0,17552.8,940.3,diffuse,0.9875031242189453,0.22375756197369803,2.71,6.57,axes,6.003043369800688,5.136972222222222,12800,0.9859998734897629
pseudo_unw_T40_s6_d320,pseudo_unw,40.0,6,0.0026958099958440183,3.2401090824167116e-06,True,0.0,2.8301585776803835,60000,plateau,200000,0.0001,0,False,60,cap,60,False,2.1090435577042414e-06,5.79892450815197e-12,2.1090377587797332e-06,,0.0003837590876598766,0.554754567344532,320.0,0,16921.2,3164.9,success,1.0,0.014741801091930998,,,axes,6.003043369800688,5.579472222222223,12800,6.003043369800688
pseudo_unw_T40_s7_d320,pseudo_unw,40.0,7,0.01787746410870879,0.0001423509717835661,True,0.0,2.8305779838365184,60000,plateau,200000,0.0001,0,False,53,stalled,60,True,3.899063460685309e-06,2.1362391689866726e-10,3.89884983676841e-06,,4.5139521169082726e-05,0.888135359272134,320.0,0,17867.3,2920.5,success,1.0,0.035059936738280104,,,axes,6.003043369800688,5.774388888888889,12800,6.003043369800688
pseudo_unw_T40_s8_d320,pseudo_unw,40.0,8,0.7933204258096996,0.3120697755028646,False,0.5691077230692327,2.8265539889824454,63250,plateau,200000,0.0001,0,False,5,stalled,60,True,0.021195450119722917,2.119698830937569e-09,0.021195448000024087,,0.0019651849396973764,0.8206549945074778,320.0,0,19531.1,346.5,parked,0.7655586103474131,0.7676833524127459,11.16,13.83,axes,6.003043369800688,5.5215555555555556,12800,2.0755522451085877
pseudo_unw_T40_s9_d320,pseudo_unw,40.0,9,0.002058396065554598,1.8882305973160419e-06,True,0.0,2.8301110686964583,60000,plateau,200000,0.0001,0,False,45,stalled,60,True,1.4031862554352603e-06,9.357993917199517e-13,1.4031853196358687e-06,,1.9684680432085225e-05,0.6984345392574557,320.0,0,10730.0,1494.2,success,1.0,0.013500952552950904,,,axes,6.003043369800688,3.395611111111111,12800,6.003043369800688
base_unw_T14_s0,base_unw,14.0,0,8.019124844871502e-05,2.9781972592614705e-09,True,0.0,2.8299513664853966,62000,plateau,200000,0.0001,0,False,8,stalled,60,True,2.1977690413657794e-07,1.5347358676859872e-13,2.1977675066299118e-07,,4.385920520129336e-06,,20.0,1,126.5,30.4,success,1.0,0.008533115757258104,,,converged,2.1010651794302406,0.043583333333333335,280,2.1010651794302406
base_unw_T14_s1,base_unw,14.0,1,0.7132491554729868,0.25492522407333884,False,0.5096359743040685,2.8299531841732444,60000,plateau,200000,0.0001,0,False,13,stalled,60,True,5.271145324349696e-07,5.56678043074588e-13,5.271139757569265e-07,,2.3816186944761287e-05,,20.0,1,352.9,70.7,parked,0.9914346895074947,78.20567280822924,6.8500000000000005,7.03,converged,2.1010651794302406,0.11766666666666666,280,1.055034872242471
base_unw_T14_s2,base_unw,14.0,2,5.1550375484238557e-05,1.3302920365892789e-09,True,0.0,2.829989217458232,60000,plateau,200000,0.0001,0,False,7,stalled,60,True,3.6543481425512336e-07,3.399862440981953e-13,3.6543447426887927e-07,,1.5001024461949997e-05,,20.0,1,179.9,20.4,success,1.0,0.003788601766122491,,,converged,2.1010651794302406,0.05563888888888889,280,2.1010651794302406
base_unw_T14_s3,base_unw,14.0,3,0.850620406744268,0.3609833236992694,False,0.721627408993576,2.8291894126995785,64750,plateau,200000,0.0001,0,False,4,stalled,60,True,3.453489317256562e-07,1.9771672870929873e-12,3.453469545583691e-07,,3.880017361736856e-05,,20.0,1,219.6,10.9,parked,0.9907209136331192,104.81785514604024,3.88,4.0,converged,2.1010651794302406,0.06402777777777778,280,0.6003043369800688
base_unw_T14_s4,base_unw,14.0,4,0.00017306455107681415,1.384034121801556e-08,True,0.0,2.8300022125030133,60000,plateau,200000,0.0001,0,False,9,stalled,60,True,5.22732812010926e-07,1.5475480331500402e-13,5.227326572561227e-07,,1.7352474124214474e-05,,20.0,1,25.3,22.2,success,1.0,0.011112080701589403,,,converged,2.1010651794302406,0.013194444444444444,280,2.1010651794302406
base_unw_T14_s5,base_unw,14.0,5,0.00018847052526868287,1.6356403494654874e-08,True,0.0,2.8299559245032953,60250,plateau,200000,0.0001,0,False,8,stalled,60,True,5.614681682356218e-07,3.230975010600343e-14,5.614681359258717e-07,,1.0340930194685949e-05,,20.0,1,112.1,22.6,success,1.0,0.006755317165297823,,,converged,2.1010651794302406,0.03741666666666666,280,2.1010651794302406
base_unw_T14_s6,base_unw,14.0,6,0.840067286882311,0.35008729580485437,False,0.6995003568879372,2.8291118812015204,60000,plateau,200000,0.0001,0,False,4,stalled,60,True,1.7506313751873825e-07,3.6339580370035495e-13,1.7506277412293456e-07,,7.717022228001679e-06,,20.0,1,173.2,10.2,parked,0.987152034261242,63.03988687351475,4.18,4.32,converged,2.1010651794302406,0.05094444444444444,280,0.6483286839384743
base_unw_T14_s7,base_unw,14.0,7,0.000178758270431559,1.4400204397723656e-08,True,0.0,2.8299175228020563,61250,plateau,200000,0.0001,0,False,7,stalled,60,True,2.50676749400496e-07,3.3754577308051274e-13,2.506764118547229e-07,,1.2186212007343347e-05,,20.0,1,142.4,19.7,success,1.0,0.008512350590713607,,,converged,2.1010651794302406,0.04502777777777778,280,2.1010651794302406
base_unw_T14_s8,base_unw,14.0,8,0.9449889113313449,0.4291142774825401,False,0.8579586009992862,1.9999954306257057,60250,plateau,200000,0.0001,0,False,19,stalled,60,True,1.3858893331920854e-06,1.2121167781343518e-11,1.385877212024304e-06,,0.0002741603140284102,,20.0,1,195.8,56.1,parked,0.9857244825124911,63.540717670380175,1.96,2.02,converged,2.1010651794302406,0.06997222222222223,280,0.3031536901749347
base_unw_T14_s9,base_unw,14.0,9,0.7651552790447791,0.28693079864206456,False,0.5731620271234832,2.829108041551905,60000,plateau,200000,0.0001,0,False,6,stalled,60,True,4.479569930917415e-07,8.012868256812393e-13,4.479561918049158e-07,,1.9311431557936822e-05,,20.0,1,194.0,15.1,parked,0.9771591720199857,70.70452820466728,5.94,6.04,converged,2.1010651794302406,0.058083333333333334,280,0.9064595488399038
base_unw_T27_s0,base_unw,27.0,0,0.9778782925582016,0.47210382419675967,False,0.9433543132173269,2.000021687529832,64000,plateau,200000,0.0001,0,False,5,stalled,60,True,8.450122113761792e-06,2.363601744999241e-10,8.449885753587292e-06,,0.0006250913391381526,,20.0,1,378.0,19.4,parked,0.9925953350610884,68.55539035799418,1.51,1.56,converged,4.052054274615464,0.11038888888888888,540,0.23411869142222683
base_unw_T27_s1,base_unw,27.0,1,2.1579800824992175,2.577483494047899,False,0.0,4.124239158326422,63500,plateau,200000,0.0001,0,False,3,stalled,60,True,0.07924843030786194,0.0006215330181270369,0.0786268972897349,,0.005884875265902842,,20.0,1,371.1,12.9,diffuse,0.0,1.0708800416690187,0.17,0.47000000000000003,converged,4.052054274615464,0.10666666666666667,540,0.07053575959515808
base_unw_T27_s2,base_unw,27.0,2,0.9032152721950332,0.4038571566828062,False,0.728619029988893,1.9977962963159008,60000,plateau,200000,0.0001,0,False,3,stalled,60,True,0.03139719141716475,2.4321200012944774e-06,0.031394759297163455,,0.0023314909813338847,,20.0,1,387.4,10.5,parked,0.6641984450203628,0.7967752097801675,1.42,2.4,converged,4.052054274615464,0.11052777777777777,540,0.3601826021880412
base_unw_T27_s3,base_unw,27.0,3,0.931552561289575,0.4337176513823981,False,0.8670862643465383,2.8298220897557456,60500,plateau,200000,0.0001,0,False,5,stalled,60,True,3.6785876839526615e-06,7.657132885468452e-10,3.6778219706641145e-06,,0.0001663434961570609,,20.0,1,163.5,21.4,parked,0.9940762680488708,103.78354371973045,3.5700000000000003,3.67,converged,4.052054274615464,0.051361111111111114,540,0.5507792291792131
base_unw_T27_s4,base_unw,27.0,4,0.9999456652490194,0.49994931479706767,False,0.9992595335061089,2.000005050740371,60000,plateau,200000,0.0001,0,False,15,stalled,60,True,3.0571981551449052e-06,4.7551484245719814e-11,3.0571506036606596e-06,,0.007492893586015214,,20.0,1,324.8,58.4,parked,0.9959274342835986,162.42928807010372,0.01,0.01,converged,4.052054274615464,0.10644444444444444,540,0.001500760842450172
base_unw_T27_s5,base_unw,27.0,5,0.9677858287687753,0.4592444608090424,False,0.917067752684191,2.260438315778943,66000,plateau,200000,0.0001,0,False,13,stalled,60,True,5.444568972871856e-06,1.2580484997515656e-11,5.444556392386858e-06,,0.0015814645077261763,,20.0,1,440.1,46.1,parked,0.9914846353202518,61.726663354076614,2.19,2.24,converged,4.052054274615464,0.13505555555555557,540,0.3361704287088385
base_unw_T27_s6,base_unw,27.0,6,0.8416321014696337,0.34844517973195793,False,0.6975194372454646,2.831802057378143,66000,plateau,200000,0.0001,0,False,21,stalled,60,True,5.632068548221116e-05,3.427696847462907e-08,5.628640851373653e-05,,0.12013111577813995,,20.0,1,427.2,93.7,parked,0.9922251018141429,121.38030485683076,8.13,8.46,converged,4.052054274615464,0.14469444444444443,540,1.2696436727128455
base_unw_T27_s7,base_unw,27.0,7,0.9885282880660473,0.48773235827660666,False,0.975564605701592,1.999999426732557,60250,plateau,200000,0.0001,0,False,13,stalled,60,True,2.0934493957526157e-06,1.1824116968340807e-11,2.0934375716356476e-06,,0.0010563853218187658,,20.0,1,279.5,51.8,parked,0.9940762680488708,95.13255794412734,0.64,0.67,converged,4.052054274615464,0.09202777777777778,540,0.10055097644416153
base_unw_T27_s8,base_unw,27.0,8,0.906260782400337,0.40659249388821384,False,0.7319511292114032,1.9978548235808296,63500,plateau,200000,0.0001,0,False,4,stalled,60,True,0.031316591776524016,2.3205577472507993e-06,0.031314271218776765,,0.0034744240936854225,,20.0,1,397.1,15.7,parked,0.6564235468345058,0.7659414331649361,1.4000000000000001,2.39,converged,4.052054274615464,0.11466666666666667,540,0.3586818413455911
base_unw_T27_s9,base_unw,27.0,9,0.903054555157537,0.40367180195733876,False,0.7282487967419474,2.0140448649196165,60000,plateau,200000,0.0001,0,False,3,stalled,60,True,0.031243474590917242,2.4085840999097038e-06,0.031241066006817333,,0.0006984322491597213,,20.0,1,282.1,9.6,parked,0.6630877452795261,0.8978230773248308,1.43,2.43,converged,4.052054274615464,0.0810277777777778,540,0.3646848847153918
base_unw_T40_s0,base_unw,40.0,0,0.8683593726706791,0.3770019617489204,False,0.7538115471132217,2.8321204962328412,60500,plateau,200000,0.0001,0,False,20,stalled,60,True,5.269977485991309e-06,1.3417853768629102e-09,5.2686357006144455e-06,,0.00043852522253637604,,20.0,1,525.3,94.9,parked,0.9937515621094727,62.23003979926604,9.82,10.06,converged,6.003043369800688,0.17227777777777775,800,1.509765407504873
base_unw_T40_s1,base_unw,40.0,1,0.9352482223716929,0.4345962205783482,False,0.8162959260184953,1.9977826078089684,65750,plateau,200000,0.0001,0,False,3,stalled,60,True,0.021074762564473673,2.46859433606417e-06,0.021072293970137608,,0.007706299481667274,,20.0,1,644.2,15.5,parked,0.7733066733316671,0.879283581155512,1.37,2.4,converged,6.003043369800688,0.18325000000000002,800,0.3601826021880412
base_unw_T40_s2,base_unw,40.0,2,0.9666044224335959,0.46592698737701116,False,0.9300174956260935,2.8293122226653806,60750,plateau,200000,0.0001,0,False,28,stalled,60,True,2.346381711262645e-05,2.293414081512074e-09,2.346152369854494e-05,,0.024745750240434326,,20.0,1,415.1,117.4,parked,0.9912521869532617,192.88955127302452,2.75,2.7800000000000002,converged,6.003043369800688,0.14791666666666667,800,0.4172115142011478
base_unw_T40_s3,base_unw,40.0,3,0.9106868438891812,0.41152210688391616,False,0.6830792301924519,2.0211494871994984,60000,plateau,200000,0.0001,0,False,3,stalled,60,True,0.020966125147558728,8.093494153706538e-07,0.02096531579814336,,0.009617061086287959,,20.0,1,429.5,15.0,parked,0.7648087978005499,33.74275994576551,1.47,2.44,converged,6.003043369800688,0.12347222222222222,800,0.36618564555784194
base_unw_T40_s4,base_unw,40.0,4,0.9770969185474854,0.4715134245187499,False,0.9420144963759061,2.430247081239255,63250,plateau,200000,0.0001,0,False,13,stalled,60,True,1.5809802953393642e-05,1.4348298803136308e-08,1.5795454654590506e-05,,0.01028058617808507,,20.0,1,508.6,62.5,parked,0.9950012496875781,127.21550377880428,2.2800000000000002,2.32,converged,6.003043369800688,0.15863888888888888,800,0.34817651544843986
base_unw_T40_s5,base_unw,40.0,5,0.9253224726345679,0.42568322464133695,False,0.8507873031742065,3.034621891765258,63000,plateau,200000,0.0001,0,False,7,stalled,60,True,8.553398200809216e-06,5.2591236334459155e-09,8.54813907717577e-06,,0.004338908211663554,,20.0,1,571.1,36.1,parked,0.994751312171957,117.24861936943871,5.94,6.0200000000000005,converged,6.003043369800688,0.1686666666666667,800,0.9034580271550036
base_unw_T40_s6,base_unw,40.0,6,0.9357440871976974,0.4350983988038447,False,0.8175456135966008,1.9994105811276601,60500,plateau,200000,0.0001,0,False,3,stalled,60,True,0.021022780379311427,1.116196122292958e-06,0.021021664183189133,,0.0012137969887833623,,20.0,1,724.4,20.0,parked,0.7715571107223195,0.9034757251467502,1.3900000000000001,2.41,converged,6.003043369800688,0.20677777777777778,800,0.3616833630304914
base_unw_T40_s7,base_unw,40.0,7,0.9348738371674998,0.43424501502947704,False,0.8167958010497376,1.998443747748736,60000,plateau,200000,0.0001,0,False,3,stalled,60,True,0.021102543789004596,1.211837512507252e-06,0.021101331951492087,,0.0007987392853297504,,20.0,1,558.7,16.9,parked,0.7695576105973506,0.7759116188272352,1.4000000000000001,2.41,converged,6.003043369800688,0.15988888888888889,800,0.3616833630304914
base_unw_T40_s8,base_unw,40.0,8,0.8515365756360629,0.3601971828000698,False,0.7175706073481629,2.8297886623721,63250,plateau,200000,0.0001,0,False,18,stalled,60,True,7.189041746322529e-05,1.0638942524800097e-09,7.188935356897281e-05,,0.0040927868929031466,,20.0,1,630.6,104.6,parked,0.9922519370157461,117.52377322061041,11.23,11.61,converged,6.003043369800688,0.20422222222222222,800,1.7423833380846494
base_unw_T40_s9,base_unw,40.0,9,0.9352461880594614,0.4345779007300616,False,0.8157960509872532,2.0123344070150684,60500,plateau,200000,0.0001,0,False,3,stalled,60,True,0.021155282689077386,7.979501181575513e-07,0.02115448473895923,,0.0040637266746680455,,20.0,1,636.8,17.8,parked,0.7745563609097725,0.765803601714248,1.46,2.44,converged,6.003043369800688,0.18183333333333332,800,0.36618564555784194
base_unw_T67_s0,base_unw,67.0,0,0.9619802987867522,0.4611060268332166,False,0.8906133412923444,2.0039608705647973,60500,plateau,200000,0.0001,0,False,3,stalled,60,True,0.012528368507937726,4.7458740247535416e-07,0.01252789392053525,,0.0005732761778992337,,20.0,0,2490.4,36.1,parked,0.8634532159379197,0.8540710416014652,1.37,2.42,axes,10.055097644416152,0.7018055555555556,1340,0.3631841238729416
base_unw_T67_s1,base_unw,67.0,1,0.9811277382752869,0.48015661706319607,False,0.9597075063423369,2.863260301922521,60000,plateau,200000,0.0001,0,False,18,stalled,60,True,1.1018993026146331e-05,5.606084973402806e-10,1.1018432417648992e-05,,0.001657778813903903,,20.0,0,965.7,78.8,parked,0.9940307416803462,67.54748548931519,2.65,2.7,axes,10.055097644416152,0.2901388888888889,1340,0.4052054274615464
base_unw_T67_s2,base_unw,67.0,2,0.9615600342540531,0.46067079488112517,False,0.8901656469183704,1.99907694829313,60250,plateau,200000,0.0001,0,False,3,stalled,60,True,0.012599686520374702,4.273441179161909e-07,0.012599259176256787,,0.004547489337534129,,20.0,0,1336.3,14.8,parked,0.8609162811520669,1.0827131261539509,1.3800000000000001,2.4,axes,10.055097644416152,0.3753055555555555,1340,0.3601826021880412
base_unw_T67_s3,base_unw,67.0,3,1.2459714456843172,0.8120879726814855,False,0.7303387554096403,3.4696140108560978,60000,plateau,200000,0.0001,0,False,5,stalled,60,True,0.021944638325028812,9.537638353956166e-05,0.02184926194148925,,0.05877105547937941,,20.0,0,865.9,19.6,parked,0.7294433666616923,93.61880418665481,0.2,0.51,axes,10.055097644416152,0.24597222222222223,1340,0.07653880296495877
base_unw_T67_s4,base_unw,67.0,4,0.9905357479831749,0.48775317931889545,False,0.9750783465154454,1.9999905324768792,60000,plateau,200000,0.0001,0,False,6,stalled,60,True,1.439486511987391e-05,7.411399697997582e-11,1.439479100587693e-05,,0.0018872876410635433,,20.0,0,2106.8,71.4,parked,0.9935830473063721,38.957557248522534,1.61,1.69,axes,10.055097644416152,0.6050555555555557,1340,0.25362858237407904
base_unw_T67_s5,base_unw,67.0,5,0.9618984206407343,0.4610017421428895,False,0.8904641098343531,2.0006974544446825,60250,plateau,200000,0.0001,0,False,3,stalled,60,True,0.01260995781478178,3.989162586487886e-07,0.01260955889852313,,0.0004526809518402916,,20.0,0,995.2,13.1,parked,0.862259364273989,0.8390411352533493,1.41,2.42,axes,10.055097644416152,0.28008333333333335,1340,0.3631841238729416
base_unw_T67_s6,base_unw,67.0,6,0.9586533580244377,0.45812850705702496,False,0.8807640650649157,1.9990373015443286,60000,plateau,200000,0.0001,0,False,3,stalled,60,True,0.012550812194219467,4.6422699628908735e-07,0.012550347967223178,,0.009207268957408128,,20.0,0,1316.2,18.4,parked,0.8606178182360842,5.393938672936823,1.35,2.39,axes,10.055097644416152,0.3707222222222223,1340,0.3586818413455911
base_unw_T67_s7,base_unw,67.0,7,0.9615595412033708,0.46066279651411746,False,0.8904641098343531,1.9996594935845566,65000,plateau,200000,0.0001,0,False,3,stalled,60,True,0.012606783726912192,4.177729399105328e-07,0.012606365953972281,,2.9481431254899285e-05,,20.0,0,977.7,11.6,parked,0.8613639755260409,0.7836415666907861,1.42,2.42,axes,10.055097644416152,0.2748055555555556,1340,0.3631841238729416
base_unw_T67_s8,base_unw,67.0,8,0.9615695182060837,0.46066439521476743,False,0.8904641098343531,1.9991747293291222,60000,plateau,200000,0.0001,0,False,3,stalled,60,True,0.01258109797585272,3.4067067569650053e-07,0.012580757305177022,,9.719568449692645e-05,,20.0,0,2101.5,30.0,parked,0.8641993732278764,0.7938768819404123,1.43,2.41,axes,10.055097644416152,0.5920833333333333,1340,0.3616833630304914
base_unw_T67_s9,base_unw,67.0,9,0.97789360445775,0.4779930087019248,False,0.9561259513505447,2.8290713759205937,66750,plateau,200000,0.0001,0,False,8,stalled,60,True,6.9822478632227895e-06,2.6129758406627606e-09,6.979634887382127e-06,,0.0017238428473939,,20.0,0,1091.3,34.1,parked,0.9961199820922251,95.47290272019113,2.92,2.99,axes,10.055097644416152,0.31261111111111106,1340,0.4487274918926014
base_unw_T100_s0,base_unw,100.0,0,0.9746478652312303,0.47388129484875774,False,0.9266073392660734,2.00421396836524,60250,plateau,200000,0.0001,0,False,3,stalled,60,True,0.008424302488057086,1.8551617732889173e-07,0.008424116971879758,,7.500825151398019e-05,,20.0,0,1315.0,16.8,parked,0.9079092090790921,0.8157315761392114,1.4000000000000001,2.42,axes,15.007608424501719,0.3699444444444444,2000,0.3631841238729416
base_unw_T100_s1,base_unw,100.0,1,0.9744783990660614,0.4737141525133071,False,0.9264073592640736,2.000843210686428,61500,plateau,200000,0.0001,0,False,3,stalled,60,True,0.008457501634847282,1.6019490795782673e-07,0.008457341439939323,,0.0066689023746207155,,20.0,0,2116.3,30.5,parked,0.9083091690830917,0.7886728547632837,1.43,2.42,axes,15.007608424501719,0.5963333333333334,2000,0.3631841238729416
base_unw_T100_s2,base_unw,100.0,2,0.9746872653782754,0.47387775222642403,False,0.9264073592640736,1.9994920477250395,61500,plateau,200000,0.0001,0,False,3,stalled,60,True,0.00846984540528007,1.2941097709764293e-07,0.008469715994302972,,0.00017572819073854133,,20.0,0,3755.9,44.7,parked,0.909009099090091,0.7884266685158532,1.45,2.4,axes,15.007608424501719,1.0557222222222222,2000,0.3601826021880412
base_unw_T100_s3,base_unw,100.0,3,0.9845653156165846,0.484666454558646,False,0.9693030696930307,2.8269675597811914,60000,plateau,200000,0.0001,0,False,18,stalled,60,True,4.534439412478201e-06,1.605126846921147e-09,4.53283428563128e-06,,0.003870217568630627,,20.0,0,1378.3,100.7,parked,0.9974002599740026,63.081567536434726,3.04,3.13,axes,15.007608424501719,0.41083333333333333,2000,0.46973814368690375
base_unw_T100_s4,base_unw,100.0,4,0.9996464556495503,0.49965978202162814,False,0.9988001199880012,2.0000004059562997,67750,plateau,200000,0.0001,0,False,18,stalled,60,True,3.07893080957361e-05,1.965783573956525e-10,3.0789111517378705e-05,,0.003993773048581332,,20.0,0,2398.0,156.7,parked,0.9919008099190081,51.998804362032416,0.01,0.01,axes,15.007608424501719,0.7096388888888888,2000,0.001500760842450172
base_unw_T100_s5,base_unw,100.0,5,1.0001933017174398,0.5002055167484712,False,0.9997000299970003,1.999998232004714,60000,plateau,200000,0.0001,0,False,17,stalled,60,True,1.888416013794662e-05,2.098426682766415e-11,1.888413915367979e-05,,0.013085477060405967,,20.0,0,3671.9,254.5,parked,0.9985001499850015,133.7760379753344,0.01,0.01,axes,15.007608424501719,1.0906666666666667,2000,0.001500760842450172
base_unw_T100_s6,base_unw,100.0,6,0.9818845185767223,0.48199220754115224,False,0.9636036396360363,2.829718300866468,66500,plateau,200000,0.0001,0,False,16,stalled,60,True,1.4024345177868332e-05,4.736840648687731e-09,1.4019608337219645e-05,,0.028400518414501155,,20.0,0,1588.0,110.1,parked,0.9977002299770023,67.38764830001222,3.6,3.7,axes,15.007608424501719,0.4716944444444444,2000,0.5552815117065636
base_unw_T100_s7,base_unw,100.0,7,0.9744383586033665,0.47365152905339636,False,0.9265073492650735,2.000345684099166,60000,plateau,200000,0.0001,0,False,3,stalled,60,True,0.008448556380536676,1.8032435915986564e-07,0.008448376056177516,,4.914960060748653e-05,,20.0,0,2065.7,35.7,parked,0.9085091490850915,0.7758819046416252,1.41,2.42,axes,15.007608424501719,0.5837222222222221,2000,0.3631841238729416
base_unw_T100_s8,base_unw,100.0,8,0.974404122315824,0.47361857813326386,False,0.9264073592640736,1.9994858779733669,60750,plateau,200000,0.0001,0,False,3,stalled,60,True,0.008433464172883908,1.323540920834581e-07,0.008433331818791825,,0.00011406664570435861,,20.0,0,3822.4,50.7,parked,0.9088091190880911,0.7841590037525936,1.45,2.41,axes,15.007608424501719,1.0758611111111112,2000,0.3616833630304914
base_unw_T100_s9,base_unw,100.0,9,0.9999060208911089,0.4998764986036856,False,0.9994000599940006,2.0000052696195803,70000,plateau,200000,0.0001,0,False,16,stalled,60,True,1.4464131252664772e-05,1.2692588409590505e-08,1.4451438664255181e-05,,0.0013000613901787705,,20.0,0,1608.0,108.2,parked,0.998000199980002,61.50272287285495,0.01,0.01,axes,15.007608424501719,0.4767222222222222,2000,0.001500760842450172
base_unw_T14_s0_d80,base_unw,14.0,0,6.274958269359828e-05,1.925099375518291e-09,True,0.0,2.8299061320824634,60500,plateau,200000,0.0001,0,False,7,stalled,60,True,3.022658991248323e-07,3.850115134365736e-13,3.0226551411331887e-07,,6.845332439338804e-06,,80.0,0,1252.3,36.2,success,1.0,0.003978109826227062,,,axes,2.1010651794302406,0.35791666666666666,1120,2.1010651794302406
base_unw_T14_s1_d80,base_unw,14.0,1,5.13895971777367e-05,1.5977722871854692e-09,True,0.0,2.8299497235287494,60250,plateau,200000,0.0001,0,False,6,stalled,60,True,5.712327277025278e-07,8.26357113542684e-14,5.712326450668165e-07,,2.5206039970227566e-05,,80.0,0,804.0,20.6,success,1.0,0.003831176081230053,,,axes,2.1010651794302406,0.22905555555555557,1120,2.1010651794302406
base_unw_T14_s2_d80,base_unw,14.0,2,5.037503955639934e-05,1.4165701556048878e-09,True,0.0,2.8299142514126663,61000,plateau,200000,0.0001,0,False,7,stalled,60,True,4.092447458699778e-07,1.3366313190886824e-13,4.092446122068459e-07,,1.1773706505599425e-05,,80.0,0,1724.6,64.1,success,1.0,0.002805885457734076,,,axes,2.1010651794302406,0.4968611111111111,1120,2.1010651794302406
base_unw_T14_s3_d80,base_unw,14.0,3,0.00012555072276810065,7.300683298447438e-09,True,0.0,2.82998152840174,60250,plateau,200000,0.0001,0,False,6,stalled,60,True,4.541355838019717e-07,1.2983926928719642e-12,4.541342854092788e-07,,1.5943801171813014e-05,,80.0,0,925.8,23.0,success,1.0,0.0047313307960155085,,,axes,2.1010651794302406,0.26355555555555554,1120,2.1010651794302406
base_unw_T14_s4_d80,base_unw,14.0,4,4.10211708091379e-05,9.921387436766656e-10,True,0.0,2.829958589590721,60000,plateau,200000,0.0001,0,False,7,stalled,60,True,3.669859110380351e-07,1.3174566049274246e-13,3.669857792923746e-07,,1.4183077071140981e-05,,80.0,0,1158.0,41.1,success,1.0,0.005899526797365171,,,axes,2.1010651794302406,0.3330833333333333,1120,2.1010651794302406
base_unw_T14_s5_d80,base_unw,14.0,5,7.202667239899882e-05,2.576398707668001e-09,True,0.0,2.829909202403952,60500,plateau,200000,0.0001,0,False,8,stalled,60,True,5.235080217085305e-07,1.2535993240396092e-13,5.235078963485981e-07,,2.6010227130108842e-05,,80.0,0,799.1,28.3,success,1.0,0.0037937628300451563,,,axes,2.1010651794302406,0.22983333333333333,1120,2.1010651794302406
base_unw_T14_s6_d80,base_unw,14.0,6,7.747121084728423e-05,2.978636844291023e-09,True,0.0,2.8298793914424136,60000,plateau,200000,0.0001,0,False,8,stalled,60,True,3.8693803556163146e-07,6.391100823720913e-14,3.869379716506232e-07,,1.2608775495905536e-05,,80.0,0,1863.0,70.7,success,1.0,0.003391612948640098,,,axes,2.1010651794302406,0.5371388888888889,1120,2.1010651794302406
base_unw_T14_s7_d80,base_unw,14.0,7,0.00014060474113968617,8.981955844459111e-09,True,0.0,2.8299569351417158,61250,plateau,200000,0.0001,0,False,7,stalled,60,True,4.1177040579227214e-07,5.838381834058453e-14,4.117703474084538e-07,,9.109427497675132e-06,,80.0,0,880.4,27.0,success,1.0,0.006092467882884928,,,axes,2.1010651794302406,0.25205555555555553,1120,2.1010651794302406
base_unw_T14_s8_d80,base_unw,14.0,8,0.00022740743164126746,2.307119842808381e-08,True,0.0,2.829997070504558,60000,plateau,200000,0.0001,0,False,9,stalled,60,True,3.721435658656933e-07,2.6594958138780584e-12,3.7214090636987944e-07,,1.3962690157950486e-05,,80.0,0,1181.5,49.6,success,1.0,0.006380361182202589,,,axes,2.1010651794302406,0.3419722222222222,1120,2.1010651794302406
base_unw_T14_s9_d80,base_unw,14.0,9,5.2376994736719754e-05,1.6775134440053336e-09,True,0.0,2.8299881439132046,60000,plateau,200000,0.0001,0,False,6,stalled,60,True,3.9915906246282406e-07,5.6532328370171134e-15,3.9915905680959123e-07,,8.108035086575578e-06,,80.0,0,814.1,21.2,success,1.0,0.0018755810218908512,,,axes,2.1010651794302406,0.2320277777777778,1120,2.1010651794302406
base_unw_T27_s0_d80,base_unw,27.0,0,0.9009726005977198,0.40184976236875375,False,0.7271380970011107,2.0076096975517217,60250,plateau,200000,0.0001,0,False,3,stalled,60,True,0.03135061037971207,2.210508458695529e-06,0.031348399871253374,,1.0910779440214329e-05,,80.0,0,1652.5,22.9,parked,0.6567937800814513,0.7667549630351117,1.43,2.43,axes,4.052054274615464,0.4653888888888889,2160,0.3646848847153918
base_unw_T27_s1_d80,base_unw,27.0,1,0.9009457332566722,0.40181678571867535,False,0.7271380970011107,2.007531318392592,60000,plateau,200000,0.0001,0,False,3,stalled,60,True,0.031343329392555255,2.1289634931216097e-06,0.03134120042906213,,2.4762247026060673e-05,,80.0,0,2488.3,28.9,parked,0.6564235468345058,0.7696766462703702,1.43,2.43,axes,4.052054274615464,0.6992222222222223,2160,0.3646848847153918
base_unw_T27_s2_d80,base_unw,27.0,2,0.9010391133168344,0.4019080678023858,False,0.7275083302480563,2.005870132616591,60000,plateau,200000,0.0001,0,False,3,stalled,60,True,0.031343042282335226,2.211513819179486e-06,0.03134083076851605,,1.9954921377297618e-05,,80.0,0,3860.5,47.9,parked,0.6560533135875601,0.7682983766152789,1.42,2.42,axes,4.052054274615464,1.0856666666666668,2160,0.3631841238729416
base_unw_T27_s3_d80,base_unw,27.0,3,0.9010437286936104,0.40190839938973877,False,0.7271380970011107,2.006731039261538,60500,plateau,200000,0.0001,0,False,3,stalled,60,True,0.031354440750270426,2.141483224585437e-06,0.031352299267045844,,1.0324664006292929e-05,,80.0,0,1653.1,23.9,parked,0.6564235468345058,0.7704239431218772,1.43,2.43,axes,4.052054274615464,0.4658333333333333,2160,0.3646848847153918
base_unw_T27_s4_d80,base_unw,27.0,4,0.9010012053169777,0.401874213615024,False,0.7275083302480563,2.0044943794589605,60000,plateau,200000,0.0001,0,False,3,stalled,60,True,0.031356044967490775,2.174162304038037e-06,0.031353870805186736,,5.523512883493773e-05,,80.0,0,2475.5,30.1,parked,0.6560533135875601,0.7677905311372438,1.42,2.42,axes,4.052054274615464,0.696,2160,0.3631841238729416
base_unw_T27_s5_d80,base_unw,27.0,5,0.9010774977159588,0.4019466474592644,False,0.7271380970011107,2.0086797531774763,60000,plateau,200000,0.0001,0,False,3,stalled,60,True,0.031349786635111586,2.1873170411690946e-06,0.031347599318070414,,6.68431473846433e-06,,80.0,0,4314.6,43.5,parked,0.6556830803406146,0.7713630247378993,1.43,2.43,axes,4.052054274615464,1.2105833333333333,2160,0.3646848847153918
base_unw_T27_s6_d80,base_unw,27.0,6,0.9009471917944019,0.4018242950819592,False,0.7271380970011107,2.0083984825712515,60250,plateau,200000,0.0001,0,False,3,stalled,60,True,0.03134951026665026,2.21223358011013e-06,0.03134729803307015,,1.0959217483851774e-05,,80.0,0,1667.5,24.5,parked,0.6567937800814513,0.7735220126861455,1.42,2.43,axes,4.052054274615464,0.47,2160,0.3646848847153918
base_unw_T27_s7_d80,base_unw,27.0,7,0.9009973448223494,0.4018726414121273,False,0.7271380970011107,2.006734351586888,62000,plateau,200000,0.0001,0,False,3,stalled,60,True,0.03135203070601607,2.1915096887681645e-06,0.0313498391963273,,3.462001052277658e-05,,80.0,0,2430.9,35.7,parked,0.6560533135875601,0.7657349207089086,1.42,2.42,axes,4.052054274615464,0.6851666666666666,2160,0.3631841238729416
base_unw_T27_s8_d80,base_unw,27.0,8,0.9009931304931879,0.4018590979077516,False,0.7271380970011107,2.006902102014282,60000,plateau,200000,0.0001,0,False,3,stalled,60,True,0.031351386651497,2.2042428839239603e-06,0.03134918240861307,,1.9657750374608893e-05,,80.0,0,4182.0,48.5,parked,0.6567937800814513,0.7691227059751928,1.42,2.42,axes,4.052054274615464,1.175138888888889,2160,0.3631841238729416
base_unw_T27_s9_d80,base_unw,27.0,9,0.9009299157049999,0.401805067164522,False,0.7271380970011107,2.0065723316822286,60500,plateau,200000,0.0001,0,False,3,stalled,60,True,0.031352868746418905,2.186038470425889e-06,0.03135068270794848,,1.3091406922283838e-05,,80.0,0,1570.9,24.8,parked,0.6564235468345058,0.7699472487822081,1.42,2.42,axes,4.052054274615464,0.44325000000000003,2160,0.3631841238729416
base_unw_T40_s0_d80,base_unw,40.0,0,0.934345333072637,0.43374352238830477,False,0.8157960509872532,2.0083100171955133,60500,plateau,200000,0.0001,0,False,3,stalled,60,True,0.021162180687417816,9.900667913543179e-07,0.021161190620626463,,2.3505034227031727e-05,,80.0,0,6118.2,47.9,parked,0.7685578605348663,0.7668884213362398,1.43,2.43,axes,6.003043369800688,1.7128055555555555,3200,0.3646848847153918
base_unw_T40_s1_d80,base_unw,40.0,1,0.934365648366676,0.43376619886246437,False,0.8157960509872532,2.0081387805078346,60000,plateau,200000,0.0001,0,False,3,stalled,60,True,0.021157788780588604,9.501643973564204e-07,0.021156838616191248,,2.2187787964319244e-05,,80.0,0,5897.9,48.1,parked,0.767808047988003,0.7695681072019525,1.43,2.43,axes,6.003043369800688,1.6516666666666666,3200,0.3646848847153918
base_unw_T40_s2_d80,base_unw,40.0,2,0.9343257330310412,0.4337317567721039,False,0.8157960509872532,2.0065779351766566,60000,plateau,200000,0.0001,0,False,3,stalled,60,True,0.02115713512711301,9.99439053066291e-07,0.021156135688059945,,1.9396324925369707e-05,,80.0,0,5611.6,47.1,parked,0.7685578605348663,0.7687242144568778,1.42,2.42,axes,6.003043369800688,1.5718611111111114,3200,0.3631841238729416
base_unw_T40_s3_d80,base_unw,40.0,3,0.9343723480677507,0.43377198749929397,False,0.8157960509872532,2.008138773972311,60500,plateau,200000,0.0001,0,False,3,stalled,60,True,0.021164899518631156,9.606547991786081e-07,0.02116393886383198,,1.939241214438287e-05,,80.0,0,3470.9,29.9,parked,0.7683079230192452,0.7704450885077753,1.43,2.43,axes,6.003043369800688,0.9724444444444444,3200,0.3646848847153918
base_unw_T40_s4_d80,base_unw,40.0,4,0.9342879418526541,0.43368525865382607,False,0.8157960509872532,2.005423390925492,60250,plateau,200000,0.0001,0,False,3,stalled,60,True,0.021165611897491343,9.755703453128261e-07,0.02116463632714603,,5.101801098186048e-05,,80.0,0,6244.5,35.9,parked,0.7685578605348663,0.7687474600965861,1.43,2.42,axes,6.003043369800688,1.7445555555555554,3200,0.3631841238729416
base_unw_T40_s5_d80,base_unw,40.0,5,0.9344587165412267,0.4338547436351239,False,0.8157960509872532,2.0083142091906216,61750,plateau,200000,0.0001,0,False,3,stalled,60,True,0.02116168670799962,9.886285731351855e-07,0.021160698079426485,,1.0559834180112701e-05,,80.0,0,3221.3,30.1,parked,0.767808047988003,0.7712950550834646,1.43,2.43,axes,6.003043369800688,0.9031666666666667,3200,0.3646848847153918
base_unw_T40_s6_d80,base_unw,40.0,6,0.9344284995518938,0.4338253964643623,False,0.8160459885028742,2.0083807832632212,60000,plateau,200000,0.0001,0,False,3,stalled,60,True,0.02116163038686585,1.0028926794849808e-06,0.021160627494186363,,1.1394627875987572e-05,,80.0,0,5692.6,48.6,parked,0.767808047988003,0.7739391438521144,1.43,2.43,axes,6.003043369800688,1.594777777777778,3200,0.3646848847153918
base_unw_T40_s7_d80,base_unw,40.0,7,0.9343381475237086,0.4337388028964478,False,0.8160459885028742,2.0057346864512406,61500,plateau,200000,0.0001,0,False,3,stalled,60,True,0.021163771190879758,9.934937049048206e-07,0.021162777697174853,,2.23299238745677e-05,,80.0,0,3525.2,30.3,parked,0.767808047988003,0.7648965836232241,1.43,2.42,axes,6.003043369800688,0.9876388888888888,3200,0.3631841238729416
base_unw_T40_s8_d80,base_unw,40.0,8,0.9344832671566905,0.4338733818557158,False,0.8157960509872532,2.0079843064573266,62250,plateau,200000,0.0001,0,False,3,stalled,60,True,0.021162981178049486,9.94742970294865e-07,0.021161986435079192,,4.3848180337899234e-05,,80.0,0,5748.4,49.9,parked,0.7683079230192452,0.7664206865051391,1.43,2.43,axes,6.003043369800688,1.6106388888888887,3200,0.3646848847153918
base_unw_T40_s9_d80,base_unw,40.0,9,0.9343084436360886,0.4337091236111227,False,0.8157960509872532,2.007207669784125,61500,plateau,200000,0.0001,0,False,3,stalled,60,True,0.021164239430072826,9.803177999119907e-07,0.021163259112272913,,1.6123034337437043e-05,,80.0,0,3410.3,33.3,parked,0.7680579855036241,0.7673605780499316,1.43,2.43,axes,6.003043369800688,0.9565555555555556,3200,0.3646848847153918
base_unw_T14_s0_d320,base_unw,14.0,0,0.0001457398647917034,9.786480600474216e-09,True,0.0,2.8299112346667696,61000,plateau,200000,0.0001,0,False,6,stalled,60,True,4.0090431952119027e-07,4.325412197221931e-12,4.0089999410899305e-07,,2.5340564096796232e-05,,320.0,0,7743.3,67.4,success,1.0,0.005042359702754747,,,axes,2.1010651794302406,2.1696388888888887,4480,2.1010651794302406
base_unw_T14_s1_d320,base_unw,14.0,1,0.00015732906277847813,1.129845098096057e-08,True,0.0,2.8300284952906556,60500,plateau,200000,0.0001,0,False,7,stalled,60,True,4.170754040631474e-07,6.608500986465793e-13,4.1707474321304876e-07,,1.7299923909455518e-05,,320.0,0,7616.2,83.0,success,1.0,0.00568216933525057,,,axes,2.1010651794302406,2.1386666666666665,4480,2.1010651794302406
base_unw_T14_s2_d320,base_unw,14.0,2,4.1522678523730196e-05,9.955593351259704e-10,True,0.0,2.8298902665195165,60000,plateau,200000,0.0001,0,False,8,stalled,60,True,3.348916297991579e-07,1.437654967342526e-13,3.3489148603366114e-07,,1.4967713074688399e-05,,320.0,0,7422.0,100.3,success,1.0,0.0031701141670729986,,,axes,2.1010651794302406,2.0895277777777777,4480,2.1010651794302406
base_unw_T14_s3_d320,base_unw,14.0,3,0.00011327032997443671,5.826973457108075e-09,True,0.0,2.829976927661315,61500,plateau,200000,0.0001,0,False,7,stalled,60,True,3.7062438127488604e-07,8.061836663225937e-13,3.706235750912197e-07,,2.249770195794765e-05,,320.0,0,7580.8,83.9,success,1.0,0.005070009253459237,,,axes,2.1010651794302406,2.1290833333333334,4480,2.1010651794302406
base_unw_T14_s4_d320,base_unw,14.0,4,4.3234233642754855e-05,1.0384027129777773e-09,True,0.0,2.8299958582954097,60000,plateau,200000,0.0001,0,False,7,stalled,60,True,2.7634311937332727e-07,1.0010228363186307e-12,2.7634211835049096e-07,,1.9360258116046235e-05,,320.0,0,7478.3,92.0,success,1.0,0.006032719094829704,,,axes,2.1010651794302406,2.1028611111111113,4480,2.1010651794302406
base_unw_T14_s5_d320,base_unw,14.0,5,0.00020622925460381144,1.9352277046435924e-08,True,0.0,2.829969055889505,60000,plateau,200000,0.0001,0,False,7,stalled,60,True,6.681480505809378e-07,2.7958467441965887e-12,6.681452547341936e-07,,2.760980047796355e-05,,320.0,0,7193.0,92.8,success,1.0,0.007179142199532585,,,axes,2.1010651794302406,2.0238333333333336,4480,2.1010651794302406
base_unw_T14_s6_d320,base_unw,14.0,6,0.0002166045176296788,2.1034710377869007e-08,True,0.0,2.830003788974252,61750,plateau,200000,0.0001,0,False,7,stalled,60,True,4.0170636538105626e-07,3.338368386892809e-12,4.0170302701266936e-07,,1.4469351714686421e-05,,320.0,0,7627.7,73.8,success,1.0,0.006697406788379482,,,axes,2.1010651794302406,2.1393055555555556,4480,2.1010651794302406
base_unw_T14_s7_d320,base_unw,14.0,7,8.003606523150858e-05,3.1187840174950617e-09,True,0.0,2.829970441958332,62250,plateau,200000,0.0001,0,False,6,stalled,60,True,4.1794436687139314e-07,7.423466244834228e-14,4.179442926367307e-07,,1.1575937510278875e-05,,320.0,0,7799.0,64.2,success,1.0,0.004695098282796602,,,axes,2.1010651794302406,2.184222222222222,4480,2.1010651794302406
base_unw_T14_s8_d320,base_unw,14.0,8,0.0002139062250127123,2.0476875059479744e-08,True,0.0,2.8300255196765267,60500,plateau,200000,0.0001,0,False,8,stalled,60,True,4.002250487994913e-07,2.140891828575951e-12,4.002229079076627e-07,,2.6264692416509974e-05,,320.0,0,7498.4,97.2,success,1.0,0.006382049844794932,,,axes,2.1010651794302406,2.109888888888889,4480,2.1010651794302406
base_unw_T14_s9_d320,base_unw,14.0,9,4.9879871035203744e-05,1.4346812466607941e-09,True,0.0,2.8299494337017723,60250,plateau,200000,0.0001,0,False,6,stalled,60,True,3.4410409808909654e-07,6.325588522887905e-14,3.441040348332113e-07,,1.403153490368225e-05,,320.0,0,7581.6,67.1,success,1.0,0.002970681865312441,,,axes,2.1010651794302406,2.124638888888889,4480,2.1010651794302406
base_unw_T27_s0_d320,base_unw,27.0,0,0.9009719280114313,0.40185129363401323,False,0.7271380970011107,2.007604798448334,60000,plateau,200000,0.0001,0,False,3,stalled,60,True,0.03135119046259635,2.1976001058552824e-06,0.031348992862490495,,8.996319229073121e-06,,320.0,0,6127.7,79.6,parked,0.6567937800814513,0.769370727161576,1.42,2.43,axes,4.052054274615464,1.72425,8640,0.3646848847153918
base_unw_T27_s1_d320,base_unw,27.0,1,0.9009364798450479,0.40180850950916264,False,0.7271380970011107,2.0070708119950043,64750,plateau,200000,0.0001,0,False,3,stalled,60,True,0.031350767648120254,2.208342844687756e-06,0.03134855930527557,,6.638357531904914e-06,,320.0,0,6653.1,74.8,parked,0.6564235468345058,0.7693564037462572,1.42,2.42,axes,4.052054274615464,1.8688611111111113,8640,0.3631841238729416
base_unw_T27_s2_d320,base_unw,27.0,2,0.9009888970361333,0.401861453630891,False,0.7271380970011107,2.0070448465549715,60000,plateau,200000,0.0001,0,False,3,stalled,60,True,0.03135169903387261,2.209618103343962e-06,0.03134948941576927,,2.5589633020871888e-05,,320.0,0,5902.2,70.5,parked,0.6564235468345058,0.7706984753518686,1.42,2.42,axes,4.052054274615464,1.6590833333333332,8640,0.3631841238729416
base_unw_T27_s3_d320,base_unw,27.0,3,0.901067519664705,0.401932616710543,False,0.7271380970011107,2.0071698057464076,60000,plateau,200000,0.0001,0,False,3,stalled,60,True,0.03135122185938098,2.206103724162646e-06,0.031349015755656816,,1.984785177514997e-05,,320.0,0,5885.1,71.8,parked,0.6564235468345058,0.7700834488848404,1.42,2.43,axes,4.052054274615464,1.6546944444444447,8640,0.3646848847153918
base_unw_T27_s4_d320,base_unw,27.0,4,0.900942795316377,0.40182659836496226,False,0.7271380970011107,2.007226476031825,60000,plateau,200000,0.0001,0,False,3,stalled,60,True,0.0313502458781774,2.1841352016378197e-06,0.03134806174297576,,1.189553937809972e-05,,320.0,0,6188.8,73.2,parked,0.6560533135875601,0.7690489117735876,1.42,2.43,axes,4.052054274615464,1.7394444444444443,8640,0.3646848847153918
base_unw_T27_s5_d320,base_unw,27.0,5,0.90112122844329,0.40198475411193285,False,0.7275083302480563,2.007179001905692,60750,plateau,200000,0.0001,0,False,3,stalled,60,True,0.03135102807077082,2.205638912150163e-06,0.03134882243185867,,6.246621244442864e-06,,320.0,0,6059.6,73.5,parked,0.6556830803406146,0.7697484274380261,1.42,2.43,axes,4.052054274615464,1.703638888888889,8640,0.3646848847153918
base_unw_T27_s6_d320,base_unw,27.0,6,0.9010000408236547,0.4018721338681349,False,0.7275083302480563,2.007309478035919,60000,plateau,200000,0.0001,0,False,3,stalled,60,True,0.031350462044673566,2.2185922304704554e-06,0.031348243452443095,,6.9274082240752395e-06,,320.0,0,5937.7,73.6,parked,0.6567937800814513,0.7697882741069706,1.42,2.43,axes,4.052054274615464,1.6698055555555555,8640,0.3646848847153918
base_unw_T27_s7_d320,base_unw,27.0,7,0.9010337496638774,0.4019089355675195,False,0.7275083302480563,2.007333191214837,61750,plateau,200000,0.0001,0,False,3,stalled,60,True,0.0313506185205018,2.2111099922926072e-06,0.0313484074105095,,1.6418404197476153e-05,,320.0,0,6137.7,71.7,parked,0.6560533135875601,0.7702879785009448,1.42,2.43,axes,4.052054274615464,1.7248333333333332,8640,0.3646848847153918
base_unw_T27_s8_d320,base_unw,27.0,8,0.9010036428188288,0.4018680888022077,False,0.7271380970011107,2.0069502943470607,60000,plateau,200000,0.0001,0,False,3,stalled,60,True,0.03134920952995937,2.1944007910406242e-06,0.03134701512916833,,4.071756907603859e-05,,320.0,0,6270.6,78.5,parked,0.6567937800814513,0.7708519251802478,1.42,2.43,axes,4.052054274615464,1.763638888888889,8640,0.3646848847153918
base_unw_T27_s9_d320,base_unw,27.0,9,0.900962740533302,0.4018355020200449,False,0.7271380970011107,2.007324158564996,60000,plateau,200000,0.0001,0,False,3,stalled,60,True,0.03135101897947106,2.192131041408138e-06,0.031348826848429656,,1.6246242483094588e-05,,320.0,0,5836.8,72.5,parked,0.6564235468345058,0.7699017342016097,1.42,2.43,axes,4.052054274615464,1.6414722222222222,8640,0.3646848847153918
base_unw_T40_s0_d320,base_unw,40.0,0,0.9343019849757679,0.4337039343618809,False,0.8157960509872532,2.008439640018623,60250,plateau,200000,0.0001,0,False,3,stalled,60,True,0.021162730237111033,9.908250035040903e-07,0.021161739412107528,,3.156666901935181e-05,,320.0,0,9534.7,117.0,parked,0.7683079230192452,0.7690997496843452,1.43,2.43,axes,6.003043369800688,2.681027777777778,12800,0.3646848847153918
base_unw_T40_s1_d320,base_unw,40.0,1,0.9344173607285361,0.4338177354951735,False,0.8157960509872532,2.006837403790963,60000,plateau,200000,0.0001,0,False,3,stalled,60,True,0.021162553934722207,1.0011549596868953e-06,0.02116155277976252,,2.8589655007434678e-05,,320.0,0,8746.0,109.8,parked,0.7680579855036241,0.7697278028281198,1.43,2.43,axes,6.003043369800688,2.459944444444444,12800,0.3646848847153918
base_unw_T40_s2_d320,base_unw,40.0,2,0.934294611527537,0.43370078707261506,False,0.8157960509872532,2.0075415197748674,61000,plateau,200000,0.0001,0,False,3,stalled,60,True,0.02116319929830935,1.001107366453311e-06,0.021162198190942897,,2.943756091256474e-05,,320.0,0,15740.6,190.4,parked,0.7683079230192452,0.7716165425560522,1.43,2.43,axes,6.003043369800688,4.425277777777778,12800,0.3646848847153918
base_unw_T40_s3_d320,base_unw,40.0,3,0.9344324139879808,0.433829629706896,False,0.8157960509872532,2.007615307183092,60000,plateau,200000,0.0001,0,False,3,stalled,60,True,0.021162632418104073,9.949872333868613e-07,0.021161637430870687,,9.851524226259071e-06,,320.0,0,8861.6,104.5,parked,0.7683079230192452,0.7698105909747082,1.43,2.43,axes,6.003043369800688,2.4905833333333334,12800,0.3646848847153918
base_unw_T40_s4_d320,base_unw,40.0,4,0.9342649843248826,0.43366845927554576,False,0.8157960509872532,2.0075911013041123,60000,plateau,200000,0.0001,0,False,3,stalled,60,True,0.02116187100587674,9.861433200921332e-07,0.021160884862556645,,8.854280289081392e-06,,320.0,0,8752.6,110.6,parked,0.7683079230192452,0.7701307790381983,1.43,2.43,axes,6.003043369800688,2.462,12800,0.3646848847153918
base_unw_T40_s5_d320,base_unw,40.0,5,0.9344715480239919,0.43386571234577276,False,0.8157960509872532,2.007429880408477,60000,plateau,200000,0.0001,0,False,3,stalled,60,True,0.021163053488712648,9.953539954243122e-07,0.021162058134717224,,3.0164724356041353e-05,,320.0,0,14965.7,181.7,parked,0.767808047988003,0.7681955141700164,1.43,2.43,axes,6.003043369800688,4.207611111111111,12800,0.3646848847153918
base_unw_T40_s6_d320,base_unw,40.0,6,0.934444076731967,0.43384093406992646,False,0.8157960509872532,2.0075259173095747,60000,plateau,200000,0.0001,0,False,3,stalled,60,True,0.021162457936902374,1.0112061421674804e-06,0.021161446730760206,,0.00022878401829359464,,320.0,0,8843.6,114.9,parked,0.7675581104723819,0.7705081212449716,1.43,2.43,axes,6.003043369800688,2.488472222222222,12800,0.3646848847153918
base_unw_T40_s7_d320,base_unw,40.0,7,0.9343540745876822,0.43375648369446346,False,0.8160459885028742,2.0059275014356968,60000,plateau,200000,0.0001,0,False,3,stalled,60,True,0.021162860370679982,1.002099428195292e-06,0.021161858271251787,,2.4963692232988048e-05,,320.0,0,14628.5,174.2,parked,0.767808047988003,0.767431741960575,1.43,2.42,axes,6.003043369800688,4.111861111111112,12800,0.3631841238729416
base_unw_T40_s8_d320,base_unw,40.0,8,0.9345394735796134,0.43392785327340055,False,0.8160459885028742,2.007227417589955,61250,plateau,200000,0.0001,0,False,3,stalled,60,True,0.021162011260040997,9.965114861468758e-07,0.02116101474855485,,2.2121902770548157e-05,,320.0,0,14994.8,176.5,parked,0.7683079230192452,0.7673983275520838,1.43,2.43,axes,6.003043369800688,4.21425,12800,0.3646848847153918
base_unw_T40_s9_d320,base_unw,40.0,9,0.9343429027800596,0.4337414128523366,False,0.8157960509872532,2.0069921061952205,60000,plateau,200000,0.0001,0,False,3,stalled,60,True,0.021162480640757042,9.930377127964347e-07,0.021161487603044246,,1.0440987758512817e-05,,320.0,0,14670.5,177.5,parked,0.7680579855036241,0.7692294355604707,1.43,2.43,axes,6.003043369800688,4.124444444444444,12800,0.3646848847153918
reg_resample_unw_T14_s0,reg_resample_unw,14.0,0,0.00041622594136247657,7.706669336171782e-08,True,0.0,2.8298878273089008,61750,plateau,200000,0.0001,0,False,7,stalled,60,True,4.783691397952494e-07,6.086405811014614e-12,4.783630533894384e-07,4.0080257825302174e-28,1.3871237548387292e-05,,20.0,0,496.3,17.4,success,1.0,0.004820578050320379,,,converged,2.1010651794302406,0.14269444444444446,280,2.1010651794302406
reg_resample_unw_T14_s1,reg_resample_unw,14.0,1,6.121593813468184e-05,1.959938083979418e-09,True,0.0,2.829975611071166,60000,plateau,200000,0.0001,0,False,7,stalled,60,True,4.378712056951661e-07,1.2148703768404781e-13,4.3787108420812844e-07,3.602877364187635e-28,1.7428863695580496e-05,,20.0,0,481.3,20.3,success,1.0,0.018963119901457437,,,converged,2.1010651794302406,0.13933333333333334,280,2.1010651794302406
reg_resample_unw_T14_s2,reg_resample_unw,14.0,2,0.00041147434188146286,7.452437299577327e-08,True,0.0,2.830020841809718,64500,plateau,200000,0.0001,0,False,6,stalled,60,True,3.7833173791705407e-07,1.0909270309949359e-11,3.783208286467441e-07,4.153304882618743e-28,2.783201414871937e-05,,20.0,0,596.7,19.0,success,1.0,0.006918181394092137,,,converged,2.1010651794302406,0.17102777777777778,280,2.1010651794302406
reg_resample_unw_T14_s3,reg_resample_unw,14.0,3,7.491003526836672e-05,2.8871075102777505e-09,True,0.0,2.8300174016250783,61750,plateau,200000,0.0001,0,False,6,stalled,60,True,4.960780279013373e-07,2.791679975152034e-13,4.960777487333398e-07,3.3791502673244034e-28,1.552424940420209e-05,,20.0,0,438.7,16.7,success,1.0,0.0032585017862650375,,,converged,2.1010651794302406,0.1265,280,2.1010651794302406
reg_resample_unw_T14_s4,reg_resample_unw,14.0,4,0.00014324214812859925,9.447267871771406e-09,True,0.0,2.830046394421641,60000,plateau,200000,0.0001,0,False,6,stalled,60,True,4.425373154512003e-07,4.4369685700085333e-13,4.425368717543433e-07,3.3980151105365575e-28,2.0749532364963867e-05,,20.0,0,422.6,13.8,success,1.0,0.033414743331928856,,,converged,2.1010651794302406,0.12122222222222223,280,2.1010651794302406
reg_resample_unw_T14_s5,reg_resample_unw,14.0,5,0.00011231626605099452,6.025562072059606e-09,True,0.0,2.8300002625158815,60250,plateau,200000,0.0001,0,False,7,stalled,60,True,3.907234120564153e-07,1.186808375787628e-13,3.907232933755777e-07,4.532996961130561e-28,2.695649257266171e-05,,20.0,0,460.1,17.4,success,1.0,0.006401866615287263,,,converged,2.1010651794302406,0.1326388888888889,280,2.1010651794302406
reg_resample_unw_T14_s6,reg_resample_unw,14.0,6,0.0001071662663685665,5.3968524772006925e-09,True,0.0,2.8299589981011612,60750,plateau,200000,0.0001,0,False,7,stalled,60,True,3.475571775124238e-07,5.507504823955412e-13,3.475566267619414e-07,3.5627930471206525e-28,9.724848103982019e-06,,20.0,0,561.7,22.5,success,1.0,0.00617909376486834,,,converged,2.1010651794302406,0.1622777777777778,280,2.1010651794302406
reg_resample_unw_T14_s7,reg_resample_unw,14.0,7,0.0001775675487449513,1.459794882841001e-08,True,0.0,2.830076987805712,60000,plateau,200000,0.0001,0,False,6,stalled,60,True,8.490381965433209e-07,2.822724226351022e-12,8.490353738190946e-07,3.9702912641962783e-28,3.0318125683575913e-05,,20.0,0,568.3,18.3,success,1.0,0.008588167427993176,,,converged,2.1010651794302406,0.16294444444444442,280,2.1010651794302406
reg_resample_unw_T14_s8,reg_resample_unw,14.0,8,6.081480949020405e-05,1.747649680839167e-09,True,0.0,2.8300199205892365,60000,plateau,200000,0.0001,0,False,6,stalled,60,True,3.3504752658892724e-07,2.709292344154033e-13,3.3504725565969284e-07,3.7148527091387076e-28,2.6062861935723654e-05,,20.0,0,560.8,19.2,success,1.0,0.0022966996487781884,,,converged,2.1010651794302406,0.16111111111111112,280,2.1010651794302406
reg_resample_unw_T14_s9,reg_resample_unw,14.0,9,0.00011811987788740596,6.487916646386965e-09,True,0.0,2.8298868301784434,61750,plateau,200000,0.0001,0,False,6,stalled,60,True,3.887083850257349e-07,1.0120565227604383e-13,3.887082838200826e-07,4.1677792289395835e-28,1.138996242795443e-05,,20.0,0,598.0,20.2,success,1.0,0.02406188814597254,,,converged,2.1010651794302406,0.17172222222222225,280,2.1010651794302406
reg_resample_unw_T27_s0,reg_resample_unw,27.0,0,1.369195712162121,1.0304739056206824,False,0.0,4.139340668351887,137000,plateau,200000,0.0001,0,False,60,cap,60,False,6.243712880581327e-06,8.570412763797831e-11,6.24362717645369e-06,1.6859126045565324e-06,0.0020190403194738854,,20.0,0,3522.1,596.1,flow-following,0.9944465012958164,117.81016277981104,0.01,0.01,converged,4.052054274615464,1.1439444444444444,540,0.001500760842450172
reg_resample_unw_T27_s1,reg_resample_unw,27.0,1,1.366469806448103,0.998657780892363,False,0.0,3.2976271254683893,69000,plateau,200000,0.0001,0,False,6,stalled,60,True,0.05084060500027813,0.0005708084749699979,0.05026979652530813,0.019323959736295634,0.01841901571922755,,20.0,0,1028.8,28.3,diffuse,0.15512773047019623,1.056844472813091,0.18,0.49,converged,4.052054274615464,0.29363888888888884,540,0.07353728128005842
reg_resample_unw_T27_s2,reg_resample_unw,27.0,2,1.2238140617447364,0.7964326959390176,False,0.0,3.1327887477634544,143250,plateau,200000,0.0001,0,False,12,stalled,60,True,0.027763801663343735,2.5082791844959934e-05,0.027738718871498775,0.010135989850337706,0.009048778396498132,,20.0,0,2181.6,49.7,diffuse,0.011847463902258423,0.5645094973636003,0.77,1.67,converged,4.052054274615464,0.6198055555555555,540,0.25062706068917867
reg_resample_unw_T27_s3,reg_resample_unw,27.0,3,2.1819607161210723,2.6499203564448823,False,0.0,6.173401774475446,66500,plateau,200000,0.0001,0,False,60,cap,60,False,3.84872460033063e-05,6.67612313262615e-12,3.8487239327183166e-05,0.0003404288860550821,0.004658500935581016,,20.0,0,1071.5,290.4,flow-following,0.9918548685671973,177.05675414243467,0.02,0.02,converged,4.052054274615464,0.37830555555555556,540,0.003001521684900344
reg_resample_unw_T27_s4,reg_resample_unw,27.0,4,2.7533448402631424,4.214007963120886,False,0.0,7.350957275661245,72500,plateau,200000,0.0001,0,False,17,stalled,60,True,3.257643641743676e-05,5.3796167078479085e-11,3.2576382621269684e-05,0.0010630577020047734,0.010619485638808254,,20.0,0,1294.1,119.9,flow-following,0.994816734542762,312.6705430297584,0.01,0.01,converged,4.052054274615464,0.3927777777777778,540,0.001500760842450172
reg_resample_unw_T27_s5,reg_resample_unw,27.0,5,2.7493328156177044,4.198537965136133,False,0.0,7.3914252817952395,60750,plateau,200000,0.0001,0,False,26,stalled,60,True,1.845889654446107e-05,1.96877231773654e-11,1.845887685673789e-05,0.0010083613659374268,0.006138649060078775,,20.0,0,981.4,124.7,flow-following,0.9966679007774898,356.3965270945869,0.01,0.01,converged,4.052054274615464,0.30724999999999997,540,0.001500760842450172
reg_resample_unw_T27_s6,reg_resample_unw,27.0,6,1.3788129449995004,1.0153018715215067,False,0.0,3.3014962438344257,75750,plateau,200000,0.0001,0,False,5,stalled,60,True,0.05087796376830314,0.0005728746766495772,0.050305089091653564,0.01924477924247124,0.0048492699356993225,,20.0,0,730.0,15.0,diffuse,0.17882265827471308,1.0196364539518115,0.18,0.48,converged,4.052054274615464,0.20694444444444443,540,0.07203652043760825
reg_resample_unw_T27_s7,reg_resample_unw,27.0,7,2.013723587564175,2.2291137881833367,False,0.0,6.3070639054879285,73500,plateau,200000,0.0001,0,False,55,stalled,60,True,1.1160510321278118e-05,1.5221101192553792e-09,1.1158988211158863e-05,0.0002591240644296716,0.006636785238263403,,20.0,0,1429.6,360.1,flow-following,0.9900037023324695,229.18169651959897,0.01,0.01,converged,4.052054274615464,0.49713888888888885,540,0.001500760842450172
reg_resample_unw_T27_s8,reg_resample_unw,27.0,8,1.4470029010156318,1.1113923834349235,False,0.0,3.331232305309667,72750,plateau,200000,0.0001,0,False,8,stalled,60,True,0.05159469590345459,0.000574115918370147,0.05102057998508445,0.019050942920202985,0.005036978383498614,,20.0,0,691.2,24.7,diffuse,0.20066641984450204,1.0296092185340746,0.18,0.49,converged,4.052054274615464,0.19886111111111113,540,0.07353728128005842
reg_resample_unw_T27_s9,reg_resample_unw,27.0,9,1.983199845775869,2.1561515932342585,False,0.0,5.994731123191829,95000,plateau,200000,0.0001,0,False,50,stalled,60,True,6.183433213663407e-06,5.8157074358030234e-12,6.183427397955972e-06,0.0002580216745210107,0.002082645377916174,,20.0,0,1048.9,176.5,flow-following,0.9955572010366531,241.22160580487207,0.01,0.01,converged,4.052054274615464,0.3403888888888889,540,0.001500760842450172
reg_resample_unw_T40_s0,reg_resample_unw,40.0,0,2.052643528061399,2.329763151318121,False,0.0,4.458905727218495,60000,plateau,200000,0.0001,0,False,4,stalled,60,True,0.050757130049160784,0.00029292780703637524,0.05046420224212441,0.018356665528258993,0.084727907911536,,20.0,0,846.8,16.1,diffuse,0.16320919770057485,1.0896810813951983,0.19,0.47000000000000003,converged,6.003043369800688,0.23969444444444443,800,0.07053575959515808
reg_resample_unw_T40_s1,reg_resample_unw,40.0,1,2.055018611193283,2.3340962167513912,False,0.0,4.63499416994737,64500,plateau,200000,0.0001,0,False,3,stalled,60,True,0.05259401050886049,0.0002984611317345585,0.05229554937712593,0.018725334720493113,0.026379894180627767,,20.0,0,943.8,12.1,diffuse,0.1469632591852037,1.6531218857486774,0.18,0.47000000000000003,converged,6.003043369800688,0.26552777777777775,800,0.07053575959515808
reg_resample_unw_T40_s2,reg_resample_unw,40.0,2,2.036662401844963,2.2951606086364125,False,0.0,4.607840065757336,64250,plateau,200000,0.0001,0,False,3,stalled,60,True,0.052355231526631664,0.0002997187564375001,0.052055512770194164,0.019068423752296507,0.03865826563783626,,20.0,0,911.8,12.3,diffuse,0.1562109472631842,1.6742758017014685,0.17,0.47000000000000003,converged,6.003043369800688,0.2566944444444444,800,0.07053575959515808
reg_resample_unw_T40_s3,reg_resample_unw,40.0,3,2.0790274846987034,2.38616702781683,False,0.0,4.656584750008195,62750,plateau,200000,0.0001,0,False,6,stalled,60,True,0.052426895466264355,0.0002803513304437659,0.05214654413582059,0.018694422741862653,0.09247937581000834,,20.0,0,876.7,22.6,diffuse,0.13696575856035992,1.5475889617631853,0.15,0.45,converged,6.003043369800688,0.2498055555555556,800,0.06753423791025774
reg_resample_unw_T40_s4,reg_resample_unw,40.0,4,3.766368075481504,8.017770455647756,False,0.0,9.75029905202975,60000,plateau,200000,0.0001,0,False,38,stalled,60,True,1.7858889878828707e-05,4.248478995282883e-11,1.7858847394038752e-05,0.0024516552412915216,0.01706189315197103,,20.0,0,937.5,173.7,flow-following,0.9965008747813047,690.9363463878166,0.01,0.01,converged,6.003043369800688,0.3086666666666667,800,0.001500760842450172
reg_resample_unw_T40_s5,reg_resample_unw,40.0,5,4.27221278758163,10.332999611353042,False,0.0,10.565736772400188,62250,plateau,200000,0.0001,0,False,60,cap,60,False,3.4004376781300755e-05,1.3846542838076698e-11,3.400436293475792e-05,0.0031433354094870906,0.028674967841125464,,20.0,0,960.7,263.0,flow-following,0.9970007498125468,973.3616672312154,0.01,0.01,converged,6.003043369800688,0.3399166666666667,800,0.001500760842450172
reg_resample_unw_T40_s6,reg_resample_unw,40.0,6,2.0588723182126563,2.342118741006538,False,0.0,4.625591341580948,72500,plateau,200000,0.0001,0,False,4,stalled,60,True,0.05250806183937123,0.0002824670858131389,0.05222559475355809,0.019022169594207664,0.016046280085637795,,20.0,0,1156.2,17.8,diffuse,0.13946513371657085,1.2540018487652589,0.18,0.47000000000000003,converged,6.003043369800688,0.32611111111111113,800,0.07053575959515808
reg_resample_unw_T40_s7,reg_resample_unw,40.0,7,3.556481129427152,7.141442606145296,False,0.0,9.513549930134047,81500,plateau,200000,0.0001,0,False,46,stalled,60,True,1.7306582272860085e-05,8.868480791723956e-13,1.7306581386012005e-05,0.0021818103792102038,0.005817626135384568,,20.0,0,1227.5,242.3,flow-following,0.9977505623594102,696.142083008771,0.01,0.01,converged,6.003043369800688,0.40827777777777774,800,0.001500760842450172
reg_resample_unw_T40_s8,reg_resample_unw,40.0,8,4.993464634386757,14.136398168855258,False,0.0,11.788697106158292,63750,plateau,200000,0.0001,0,False,22,stalled,60,True,8.213370422701184e-06,2.0808835047580802e-11,8.213349613866136e-06,0.003573351891067377,0.0008205196403554027,,20.0,0,950.7,100.7,flow-following,0.9955011247188202,319.1688035187654,0.02,0.04,converged,6.003043369800688,0.29205555555555557,800,0.006003043369800688
reg_resample_unw_T40_s9,reg_resample_unw,40.0,9,3.1386311859614846,5.5416952808653575,False,0.0,8.779891109649123,60000,plateau,200000,0.0001,0,False,22,stalled,60,True,3.84834074695556e-05,1.75842988902133e-10,3.84832316265667e-05,0.001663107623303502,0.0038732852379720615,,20.0,0,849.5,93.7,flow-following,0.9967508122969257,444.4033056387428,0.01,0.01,converged,6.003043369800688,0.262,800,0.001500760842450172
reg_resample_unw_T67_s0,reg_resample_unw,67.0,0,0.9614488664790504,0.46056588508192087,False,0.8901656469183704,2.012620595370262,60000,plateau,200000,0.0001,0,False,3,stalled,60,True,0.012589621637361697,3.2350172601576505e-07,0.01258929813563568,0.8637524782422811,8.053366739539474e-05,,20.0,0,1375.6,15.4,parked,0.863154753021937,0.7735658004770875,1.43,2.43,axes,10.055097644416152,0.3863888888888889,1340,0.3646848847153918
reg_resample_unw_T67_s1,reg_resample_unw,67.0,1,2.6788812324867353,3.9994238557845594,False,0.0,6.047288408660782,60000,plateau,200000,0.0001,0,False,3,stalled,60,True,0.03993340837292314,0.0001109144761015052,0.03982249389682164,0.014778563804456779,0.015285281605737671,,20.0,0,950.3,11.1,diffuse,0.11028204745560365,1.3817162567377284,0.18,0.48,axes,10.055097644416152,0.26705555555555555,1340,0.07203652043760825
reg_resample_unw_T67_s2,reg_resample_unw,67.0,2,2.6869217966160694,4.027485468335337,False,0.0,6.073146485046029,61000,plateau,200000,0.0001,0,False,3,stalled,60,True,0.039938429285811344,0.00011096957187205317,0.03982745971393929,0.014590159068258635,0.02061204887156512,,20.0,0,2432.8,34.7,diffuse,0.08834502313087599,1.1990882358608397,0.18,0.47000000000000003,axes,10.055097644416152,0.6854166666666667,1340,0.07053575959515808
reg_resample_unw_T67_s3,reg_resample_unw,67.0,3,2.6772325798739334,3.9915339350021224,False,0.0,6.038909903414224,60000,plateau,200000,0.0001,0,False,3,stalled,60,True,0.039655737747479804,0.00010681085701362226,0.03954892689046618,0.014747815289753233,0.013156109567726542,,20.0,0,985.4,12.8,diffuse,0.10147739143411431,1.5611572088004042,0.15,0.45,axes,10.055097644416152,0.27727777777777773,1340,0.06753423791025774
reg_resample_unw_T67_s4,reg_resample_unw,67.0,4,18.248659763234066,189.1817763670964,False,0.0,37.638206033543284,60250,plateau,200000,0.0001,0,False,41,stalled,60,True,0.0002444377261396677,3.586053472669191e-11,0.00024443769027913297,0.0007070421770002633,0.22428514928486745,,20.0,0,1431.6,285.1,flow-following,0.990449186688554,5921.551152450985,0.01,0.01,axes,10.055097644416152,0.47686111111111107,1340,0.001500760842450172
reg_resample_unw_T67_s5,reg_resample_unw,67.0,5,2.6760699184766312,3.9858940819149193,False,0.0,6.040361560003674,62000,plateau,200000,0.0001,0,False,3,stalled,60,True,0.03965788168069986,0.00011059335890494563,0.03954728832179491,0.014654222321670258,0.0073939881197116735,,20.0,0,922.6,12.8,diffuse,0.101775854350097,2.750044705183782,0.15,0.47000000000000003,axes,10.055097644416152,0.2598333333333333,1340,0.07053575959515808
reg_resample_unw_T67_s6,reg_resample_unw,67.0,6,2.7025668731110404,4.07968031063526,False,0.0,6.107021187323759,60750,plateau,200000,0.0001,0,False,3,stalled,60,True,0.04003385244728956,0.00011058595452019184,0.03992326649276937,0.014514579343548207,0.00859227268596081,,20.0,0,2475.8,33.6,diffuse,0.0799880614833607,1.2306270086304156,0.18,0.47000000000000003,axes,10.055097644416152,0.6970555555555555,1340,0.07053575959515808
reg_resample_unw_T67_s7,reg_resample_unw,67.0,7,2.658477159971407,3.9364413962085982,False,0.0,6.041492330866769,61250,plateau,200000,0.0001,0,False,3,stalled,60,True,0.03957752452107146,0.00011042475489999551,0.039467099766171465,0.014252593491203043,0.010048693148366407,,20.0,0,1015.4,12.3,diffuse,0.1031189374720191,3.2288496769000905,0.17,0.45,axes,10.055097644416152,0.28547222222222224,1340,0.06753423791025774
reg_resample_unw_T67_s8,reg_resample_unw,67.0,8,7.685489586015799,33.53486680673271,False,0.0,17.499410849331856,61500,plateau,200000,0.0001,0,False,49,stalled,60,True,1.0498597372420194e-05,2.7288986242244883e-11,1.049857008343395e-05,0.0027964164986176627,0.0041297723248636675,,20.0,0,1310.2,302.8,flow-following,0.996567676466199,424.83859036984893,0.02,0.04,axes,10.055097644416152,0.44805555555555554,1340,0.006003043369800688
reg_resample_unw_T67_s9,reg_resample_unw,67.0,9,22.527220238633284,288.30217994915085,False,0.0,46.051108351567706,60000,plateau,200000,0.0001,0,False,48,stalled,60,True,0.0002757814882702341,3.4800172612182844e-09,0.00027577800825297286,0.00047702727200270827,0.520464732704332,,20.0,0,955.3,197.1,flow-following,0.9926876585584241,24368.207870085993,0.01,0.01,axes,10.055097644416152,0.32011111111111107,1340,0.001500760842450172
reg_resample_unw_T100_s0,reg_resample_unw,100.0,0,3.160696829420002,5.607325212008935,False,0.0,7.331523871106087,60000,plateau,200000,0.0001,0,False,3,stalled,60,True,0.030694928240976284,5.081140894655625e-05,0.03064411683202973,0.011637066936916797,0.00025796660061429164,,20.0,0,2158.6,29.3,diffuse,0.10828917108289171,1.1073112673761119,0.19,0.48,axes,15.007608424501719,0.60775,2000,0.07203652043760825
reg_resample_unw_T100_s1,reg_resample_unw,100.0,1,3.160094406762194,5.604877668945951,False,0.0,7.33580513342748,60000,plateau,200000,0.0001,0,False,3,stalled,60,True,0.03071255355549279,5.1211185842148204e-05,0.03066134236965064,0.011616252254359449,0.08183273740145004,,20.0,0,3723.9,38.8,diffuse,0.12058794120587941,1.2540332576131374,0.18,0.48,axes,15.007608424501719,1.0451944444444445,2000,0.07203652043760825
reg_resample_unw_T100_s2,reg_resample_unw,100.0,2,3.160526992821831,5.60662080632333,False,0.0,7.331991004130295,61000,plateau,200000,0.0001,0,False,3,stalled,60,True,0.030710032967517797,5.018722015984642e-05,0.03065984574735795,0.011643248818410569,0.009404932449093639,,20.0,0,1326.7,16.3,diffuse,0.11778822117788221,1.0672212706019708,0.19,0.48,axes,15.007608424501719,0.37305555555555553,2000,0.07203652043760825
reg_resample_unw_T100_s3,reg_resample_unw,100.0,3,3.1639438878328656,5.6196157490455825,False,0.0,7.33393411763631,60000,plateau,200000,0.0001,0,False,3,stalled,60,True,0.030649439712211454,5.0568113279582154e-05,0.030598871598931873,0.011629999235230904,0.0039642596947978455,,20.0,0,2114.7,31.6,diffuse,0.1272872712728727,1.3717319972583413,0.17,0.46,axes,15.007608424501719,0.5961944444444444,2000,0.06903499875270791
reg_resample_unw_T100_s4,reg_resample_unw,100.0,4,9.326237289591791,49.41177042226751,False,0.0,20.847888296145587,61500,plateau,200000,0.0001,0,False,43,stalled,60,True,0.0002419590951683065,2.940871083389462e-09,0.00024195615429722312,0.0022907965590309837,0.5461817190990552,,20.0,0,3774.4,579.7,flow-following,0.9972002799720028,875.3860102850547,0.01,0.01,axes,15.007608424501719,1.2094722222222223,2000,0.001500760842450172
reg_resample_unw_T100_s5,reg_resample_unw,100.0,5,3.1268369717068984,5.480740897520447,False,0.0,7.27617406469636,60500,plateau,200000,0.0001,0,False,3,stalled,60,True,0.030576722401943805,5.063211660108184e-05,0.030526090285342724,0.011659598013604921,0.09577865985655541,,20.0,0,1376.0,16.2,diffuse,0.11458854114588542,1.3159837738742879,0.18,0.49,axes,15.007608424501719,0.38672222222222224,2000,0.07353728128005842
reg_resample_unw_T100_s6,reg_resample_unw,100.0,6,3.1651346448281976,5.624123819258862,False,0.0,7.338609990588625,61000,plateau,200000,0.0001,0,False,3,stalled,60,True,0.03072007879304887,5.008735092130135e-05,0.03066999144212757,0.011633612493880549,0.013741326621715602,,20.0,0,2128.5,29.7,diffuse,0.12018798120187982,1.1109172287292326,0.19,0.48,axes,15.007608424501719,0.5994999999999999,2000,0.07203652043760825
reg_resample_unw_T100_s7,reg_resample_unw,100.0,7,3.174753947450196,5.659984610120075,False,0.0,7.352373333299914,60000,plateau,200000,0.0001,0,False,3,stalled,60,True,0.030719393748499503,5.052113359486613e-05,0.030668872614904637,0.011668360338331397,0.031842735643468324,,20.0,0,1282.7,15.3,diffuse,0.11858814118588142,2.312389388630864,0.18,0.46,axes,15.007608424501719,0.3605555555555556,2000,0.06903499875270791
reg_resample_unw_T100_s8,reg_resample_unw,100.0,8,13.314714521318717,100.76729927622203,False,0.0,28.749522950163435,60000,plateau,200000,0.0001,0,False,39,stalled,60,True,1.209115273373157e-05,1.472769462308278e-11,1.2091138006036947e-05,0.0012082522128237438,0.0054296382091933,,20.0,0,3349.8,523.4,flow-following,0.9977002299770023,1060.1625525230888,0.04,0.05,axes,15.007608424501719,1.075888888888889,2000,0.0075038042122508595
reg_resample_unw_T100_s9,reg_resample_unw,100.0,9,4.421289828498536,11.055016411513117,False,0.0,10.425955709036783,61000,plateau,200000,0.0001,0,False,60,cap,60,False,0.0031997300520747005,4.2789850205372897e-07,0.0031993021535726466,0.006909953118683933,5.189328684458638,,20.0,0,1324.8,386.8,diffuse,0.43125687431256876,3361.8144548256987,0.01,0.01,axes,15.007608424501719,0.4754444444444444,2000,0.001500760842450172
reg_resample_unw_T14_s0_d80,reg_resample_unw,14.0,0,0.0001509283853665524,1.0477584286254633e-08,True,0.0,2.8299900201669037,61500,plateau,200000,0.0001,0,False,7,stalled,60,True,5.655511386922554e-07,7.110606737084776e-15,5.655511315816486e-07,4.073658897514393e-28,2.1281312340124073e-05,,80.0,0,1919.1,60.9,success,1.0,0.006575826719987376,,,axes,2.1010651794302406,0.55,1120,2.1010651794302406
reg_resample_unw_T14_s1_d80,reg_resample_unw,14.0,1,9.452762400743593e-05,4.096408242979241e-09,True,0.0,2.8299091889316474,60500,plateau,200000,0.0001,0,False,8,stalled,60,True,2.633708933102751e-07,1.9736326030059475e-13,2.633706959470148e-07,3.892263804226184e-28,1.4174709661675975e-05,,80.0,0,900.2,29.8,success,1.0,0.0049841498680873435,,,axes,2.1010651794302406,0.25833333333333336,1120,2.1010651794302406
reg_resample_unw_T14_s2_d80,reg_resample_unw,14.0,2,0.00010448954386203853,4.937476174646135e-09,True,0.0,2.8299720660835868,64500,plateau,200000,0.0001,0,False,7,stalled,60,True,2.477417525249518e-07,3.4678058611395215e-13,2.477414057443657e-07,4.075813443802594e-28,1.1890796956395069e-05,,80.0,0,1401.2,31.5,success,1.0,0.004137862295312135,,,axes,2.1010651794302406,0.3979722222222222,1120,2.1010651794302406
reg_resample_unw_T14_s3_d80,reg_resample_unw,14.0,3,0.00011643041505773289,6.209453321793787e-09,True,0.0,2.829969816854663,60000,plateau,200000,0.0001,0,False,7,stalled,60,True,2.529722316098788e-07,2.6574529171871903e-13,2.529719658645871e-07,4.0713627022816155e-28,1.327337894398811e-05,,80.0,0,839.3,23.8,success,1.0,0.0032716184789615683,,,axes,2.1010651794302406,0.23974999999999996,1120,2.1010651794302406
reg_resample_unw_T14_s4_d80,reg_resample_unw,14.0,4,4.795214363771545e-05,1.1636688788783426e-09,True,0.0,2.8299435637486217,62000,plateau,200000,0.0001,0,False,6,stalled,60,True,2.887763107813597e-07,1.8002532413907522e-13,2.887761307560356e-07,4.002583780335682e-28,7.419105611010732e-06,,80.0,0,2161.0,62.1,success,1.0,0.004455597397366757,,,axes,2.1010651794302406,0.6175277777777778,1120,2.1010651794302406
reg_resample_unw_T14_s5_d80,reg_resample_unw,14.0,5,3.370116254382816e-05,7.129709557181923e-10,True,0.0,2.8299169155304953,60250,plateau,200000,0.0001,0,False,9,stalled,60,True,2.2844103512345735e-07,1.2018460767502556e-13,2.2844091493884968e-07,3.9535995927316746e-28,5.2562444532558446e-06,,80.0,0,896.4,37.7,success,1.0,0.0035869171257100494,,,axes,2.1010651794302406,0.2594722222222222,1120,2.1010651794302406
reg_resample_unw_T14_s6_d80,reg_resample_unw,14.0,6,8.770532168125694e-05,3.6270399859014455e-09,True,0.0,2.8299614137039026,60000,plateau,200000,0.0001,0,False,7,stalled,60,True,3.6317447637390806e-07,3.3610910610526334e-13,3.6317414026480195e-07,3.8647663581070886e-28,1.6981553668549395e-05,,80.0,0,1239.2,36.3,success,1.0,0.0037025910901518425,,,axes,2.1010651794302406,0.35430555555555554,1120,2.1010651794302406
reg_resample_unw_T14_s7_d80,reg_resample_unw,14.0,7,0.0001489351940140658,1.008067496492586e-08,True,0.0,2.829928962676092,60250,plateau,200000,0.0001,0,False,7,stalled,60,True,3.3822250384277274e-07,2.3400480449972597e-12,3.3822016379472774e-07,3.769154539446013e-28,1.1496827231102227e-05,,80.0,0,849.3,25.5,success,1.0,0.003990226278674376,,,axes,2.1010651794302406,0.243,1120,2.1010651794302406
reg_resample_unw_T14_s8_d80,reg_resample_unw,14.0,8,4.5581964395030884e-05,1.1099718931719388e-09,True,0.0,2.8299044683295116,60250,plateau,200000,0.0001,0,False,7,stalled,60,True,3.0019007142234554e-07,2.1668096643995829e-13,3.001898547413791e-07,4.124547257294028e-28,1.2874281038280842e-05,,80.0,0,2254.3,68.1,success,1.0,0.0034182730395723284,,,axes,2.1010651794302406,0.6451111111111112,1120,2.1010651794302406
reg_resample_unw_T14_s9_d80,reg_resample_unw,14.0,9,0.0002163826835776457,2.0882512741834194e-08,True,0.0,2.8299706283724455,60000,plateau,200000,0.0001,0,False,8,stalled,60,True,2.685891660660186e-07,3.653835511961393e-12,2.6858551223050665e-07,3.8523237563351787e-28,1.0163266952949872e-05,,80.0,0,911.3,30.8,success,1.0,0.006298841689651392,,,axes,2.1010651794302406,0.2616944444444444,1120,2.1010651794302406
reg_resample_unw_T27_s0_d80,reg_resample_unw,27.0,0,0.000644211929576748,1.862646991019176e-07,True,0.0,2.8300804318526414,175250,plateau,200000,0.0001,0,False,60,cap,60,False,1.5537873443226453e-06,3.3899765232623725e-14,1.5537873104228801e-06,3.3648493280088484e-28,4.5773825094779924e-05,,80.0,0,5349.4,310.2,success,1.0,0.00982011141828876,,,axes,4.052054274615464,1.572111111111111,2160,4.052054274615464
reg_resample_unw_T27_s1_d80,reg_resample_unw,27.0,1,1.2715788343093286,0.8743233985574851,False,0.0,3.224435512465541,95250,plateau,200000,0.0001,0,False,5,stalled,60,True,0.049361485453378415,0.0005660074476143395,0.04879547800576407,0.018614381163127105,0.03683594432022957,,80.0,0,6090.8,44.4,diffuse,0.14587189929655683,0.915783353623691,0.19,0.5,axes,4.052054274615464,1.704222222222222,2160,0.0750380421225086
reg_resample_unw_T27_s2_d80,reg_resample_unw,27.0,2,0.00029236156578843367,3.9543936710054345e-08,True,0.0,2.830079216204944,200000,cap,200000,0.0001,0,False,42,stalled,60,False,1.1699150123643157e-06,7.804169230178758e-13,1.1699142319473927e-06,3.6963719633774024e-28,7.25757146998307e-05,,80.0,0,5291.3,217.2,success,1.0,0.004926252063064272,,,axes,4.052054274615464,1.530138888888889,2160,4.052054274615464
reg_resample_unw_T27_s3_d80,reg_resample_unw,27.0,3,1.7750074448060709,1.6668054421776244,False,0.0,2.9809942160341225,101500,plateau,200000,0.0001,0,False,9,stalled,60,True,0.04350781545130041,0.000535031936640488,0.042972783514659926,0.01700389226033946,0.014343545823246167,,80.0,0,3668.4,52.6,diffuse,0.06293965198074787,0.9047095114533148,0.19,0.51,axes,4.052054274615464,1.033611111111111,2160,0.07653880296495877
reg_resample_unw_T27_s4_d80,reg_resample_unw,27.0,4,1.389703117010479,1.030024963854165,False,0.0,3.313086387039853,66500,plateau,200000,0.0001,0,False,7,stalled,60,True,0.05109056922400737,0.0005537994937944376,0.050536769730212934,0.01893794229352842,0.04133847043847922,,80.0,0,4757.5,78.6,diffuse,0.18400592373195113,0.9354422366193795,0.18,0.49,axes,4.052054274615464,1.3433611111111112,2160,0.07353728128005842
reg_resample_unw_T27_s5_d80,reg_resample_unw,27.0,5,1.8567656002555415,1.844613444667352,False,0.0,3.557572277669267,90500,plateau,200000,0.0001,0,False,3,stalled,60,True,0.05684484894472653,0.0006114465470769925,0.05623340239764954,0.0207761037804928,0.006988889179231938,,80.0,0,2423.7,17.3,diffuse,0.1862273232136246,1.0012951603963232,0.18,0.48,axes,4.052054274615464,0.6780555555555555,2160,0.07203652043760825
reg_resample_unw_T27_s6_d80,reg_resample_unw,27.0,6,1.5457915656756256,1.2616906811475679,False,0.0,2.9648611657104635,160000,plateau,200000,0.0001,0,False,11,stalled,60,True,0.011636555432411712,2.5845710841173478e-05,0.011610709721570538,6.167972921233993e-11,0.004591052233888766,,80.0,0,5241.7,55.9,diffuse,0.022584228063680118,0.4680702218999809,0.8,1.71,axes,4.052054274615464,1.4715555555555555,2160,0.2566301040589794
reg_resample_unw_T27_s7_d80,reg_resample_unw,27.0,7,0.0028265457203470114,3.553778552213769e-06,True,0.0,2.83018447492125,175750,plateau,200000,0.0001,0,False,35,stalled,60,True,1.196319078079544e-06,2.4156775585723257e-11,1.1962949213039584e-06,3.9498860843871473e-28,3.168303326679508e-05,,80.0,0,8368.0,179.1,success,1.0,0.01675889282185473,,,axes,4.052054274615464,2.3741944444444445,2160,4.052054274615464
reg_resample_unw_T27_s8_d80,reg_resample_unw,27.0,8,1.3207492956932017,0.9393895578915515,False,0.0,3.179037284680993,97750,plateau,200000,0.0001,0,False,4,stalled,60,True,0.04868273212994703,0.0005639292583612709,0.048118802871585764,0.019710432768340107,0.016880643375841452,,80.0,0,2735.7,22.9,diffuse,0.1358756016290263,0.9188759644397664,0.19,0.5,axes,4.052054274615464,0.7662777777777777,2160,0.0750380421225086
reg_resample_unw_T27_s9_d80,reg_resample_unw,27.0,9,1.4372241377148174,1.097046865901455,False,0.0,3.329193467996054,74500,plateau,200000,0.0001,0,False,6,stalled,60,True,0.05154157721593422,0.0005717407758934415,0.05096983644004078,0.018937870454038705,0.01054287382756532,,80.0,0,2950.2,41.3,diffuse,0.19141058867086264,0.9739326815375632,0.18,0.49,axes,4.052054274615464,0.8309722222222222,2160,0.07353728128005842
reg_resample_unw_T40_s0_d80,reg_resample_unw,40.0,0,2.056348515053611,2.335909692693946,False,0.0,4.455861317574383,63500,plateau,200000,0.0001,0,False,3,stalled,60,True,0.05072959336222338,0.0002970241073635346,0.050432569254859845,0.018274116772349747,0.005799737938723279,,80.0,0,6213.9,33.8,diffuse,0.20319920019995003,0.9935355815836552,0.18,0.48,axes,6.003043369800688,1.735472222222222,3200,0.07203652043760825
reg_resample_unw_T40_s1_d80,reg_resample_unw,40.0,1,2.0124420286021554,2.2443540839127385,False,0.0,4.592399702412318,70500,plateau,200000,0.0001,0,False,3,stalled,60,True,0.05230811685230835,0.00030815855749381234,0.05199995829481454,0.01879846907288504,0.1126511426994705,,80.0,0,3704.1,25.6,diffuse,0.14796300924768807,1.0024093538084622,0.18,0.48,axes,6.003043369800688,1.0360277777777778,3200,0.07203652043760825
reg_resample_unw_T40_s2_d80,reg_resample_unw,40.0,2,2.049088446695263,2.3214353807349886,False,0.0,4.629070752462713,60500,plateau,200000,0.0001,0,False,3,stalled,60,True,0.05260060330006405,0.00029663948334449574,0.052303963816719555,0.01878508793998827,0.0031874096345850898,,80.0,0,6205.6,34.7,diffuse,0.15471132216945763,1.0072674463260898,0.18,0.48,axes,6.003043369800688,1.7334166666666668,3200,0.07203652043760825
reg_resample_unw_T40_s3_d80,reg_resample_unw,40.0,3,2.0552979673997367,2.334490584325963,False,0.0,4.637421228774317,65500,plateau,200000,0.0001,0,False,3,stalled,60,True,0.05263428149306242,0.00029708805524882037,0.0523371934378136,0.01867125911230179,0.0007141365730447816,,80.0,0,3592.8,24.0,diffuse,0.14996250937265684,1.0221365629974055,0.18,0.48,axes,6.003043369800688,1.0046666666666668,3200,0.07203652043760825
reg_resample_unw_T40_s4_d80,reg_resample_unw,40.0,4,2.0604010343222043,2.3454328737164616,False,0.0,4.634338476217914,64500,plateau,200000,0.0001,0,False,4,stalled,60,True,0.05269716958778375,0.0002977654315075056,0.05239940415627624,0.01885239785385687,0.002537269714752655,,80.0,0,6057.3,55.0,diffuse,0.14821294676330918,1.0069961262671074,0.18,0.48,axes,6.003043369800688,1.6978611111111113,3200,0.07203652043760825
reg_resample_unw_T40_s5_d80,reg_resample_unw,40.0,5,2.0530298698836837,2.3300844736282573,False,0.0,4.63956631230717,71000,plateau,200000,0.0001,0,False,3,stalled,60,True,0.05262576156690771,0.0003038737910898657,0.052321887775817845,0.018438249583839307,0.008885499658117935,,80.0,0,3901.1,24.7,diffuse,0.1467133216695826,1.0308474194785713,0.18,0.48,axes,6.003043369800688,1.0905,3200,0.07203652043760825
reg_resample_unw_T40_s6_d80,reg_resample_unw,40.0,6,2.048745032213209,2.320780995462023,False,0.0,4.634808906806499,75000,plateau,200000,0.0001,0,False,3,stalled,60,True,0.052599759885515865,0.00029759327440080673,0.05230216661111506,0.01877676252957858,0.005730461221012284,,80.0,0,6682.9,29.8,diffuse,0.14971257185703574,0.9888738335527988,0.18,0.48,axes,6.003043369800688,1.8646388888888887,3200,0.07203652043760825
reg_resample_unw_T40_s7_d80,reg_resample_unw,40.0,7,2.0507307278161373,2.3251176076249203,False,0.0,4.639274383873503,61500,plateau,200000,0.0001,0,False,3,stalled,60,True,0.05260247749279598,0.0002966420468663323,0.05230583544592965,0.01834830317684093,0.040065560613100314,,80.0,0,3612.7,25.8,diffuse,0.15871032241939514,1.239027152026467,0.19,0.48,axes,6.003043369800688,1.0106944444444443,3200,0.07203652043760825
reg_resample_unw_T40_s8_d80,reg_resample_unw,40.0,8,2.0253816085585132,2.2718643785518315,False,0.0,4.613543954234104,68000,plateau,200000,0.0001,0,False,3,stalled,60,True,0.052411974432641124,0.00030405170907209163,0.05210792272356903,0.01837080365773979,0.04639596256019138,,80.0,0,6652.1,30.3,diffuse,0.15421144713821544,1.0512557554867648,0.18,0.48,axes,6.003043369800688,1.8562222222222224,3200,0.07203652043760825
reg_resample_unw_T40_s9_d80,reg_resample_unw,40.0,9,2.0095142709209886,2.2375717613039106,False,0.0,4.605364359616481,68750,plateau,200000,0.0001,0,False,3,stalled,60,True,0.05223512773546817,0.00030113300138555896,0.05193399473408261,0.018229738261690345,0.017533168251910876,,80.0,0,3781.6,26.1,diffuse,0.16245938515371158,1.088408165271871,0.19,0.48,axes,6.003043369800688,1.0576944444444445,3200,0.07203652043760825
reg_resample_unw_T14_s0_d320,reg_resample_unw,14.0,0,8.036501545411244e-05,3.1781404331177016e-09,True,0.0,2.8299393254498706,60500,plateau,200000,0.0001,0,False,8,stalled,60,True,4.616994404064592e-07,8.693577637134133e-13,4.6169857104869546e-07,4.0206836771670782e-28,9.385925153547437e-06,,320.0,0,7656.0,84.4,success,1.0,0.004331304583872147,,,axes,2.1010651794302406,2.150111111111111,4480,2.1010651794302406
reg_resample_unw_T14_s1_d320,reg_resample_unw,14.0,1,9.92520753069646e-05,4.6420227545709e-09,True,0.0,2.8298977163553465,62750,plateau,200000,0.0001,0,False,8,stalled,60,True,3.6458210641242655e-07,1.219547764852527e-12,3.645808868646617e-07,3.836123881461292e-28,1.2040962449378805e-05,,320.0,0,7694.4,85.0,success,1.0,0.003592866556230345,,,axes,2.1010651794302406,2.1609444444444446,4480,2.1010651794302406
reg_resample_unw_T14_s2_d320,reg_resample_unw,14.0,2,0.00011229814890415206,5.727901030559927e-09,True,0.0,2.830001619448797,60250,plateau,200000,0.0001,0,False,7,stalled,60,True,2.6302856976919553e-07,2.264404773378018e-13,2.630283433287182e-07,4.057827445962393e-28,1.1578403822239003e-05,,320.0,0,7421.7,90.3,success,1.0,0.005108294644283962,,,axes,2.1010651794302406,2.0866666666666664,4480,2.1010651794302406
reg_resample_unw_T14_s3_d320,reg_resample_unw,14.0,3,4.692204727181829e-05,1.2387430911553378e-09,True,0.0,2.829940933754309,61250,plateau,200000,0.0001,0,False,6,stalled,60,True,3.7699953673151614e-07,8.688351469258948e-13,3.769986678963692e-07,4.139568086961791e-28,1.9452276595346293e-05,,320.0,0,7695.0,68.8,success,1.0,0.0050612001016232646,,,axes,2.1010651794302406,2.1566111111111113,4480,2.1010651794302406
reg_resample_unw_T14_s4_d320,reg_resample_unw,14.0,4,4.195801640194705e-05,9.657369577619542e-10,True,0.0,2.8299633914517113,61750,plateau,200000,0.0001,0,False,7,stalled,60,True,2.737227226631694e-07,6.016143977183362e-14,2.737226625017296e-07,3.906239383061304e-28,1.1286107557009474e-05,,320.0,0,7505.0,87.1,success,1.0,0.0020536619458289295,,,axes,2.1010651794302406,2.1089166666666666,4480,2.1010651794302406
reg_resample_unw_T14_s5_d320,reg_resample_unw,14.0,5,7.163939012382047e-05,2.506105404571679e-09,True,0.0,2.829938849763801,60500,plateau,200000,0.0001,0,False,8,stalled,60,True,2.864554206253887e-07,9.754337647609359e-14,2.8645532308201223e-07,3.8995329511993605e-28,1.883625069120795e-05,,320.0,0,7567.6,88.7,success,1.0,0.003696827798953713,,,axes,2.1010651794302406,2.12675,4480,2.1010651794302406
reg_resample_unw_T14_s6_d320,reg_resample_unw,14.0,6,8.156396901387753e-05,3.1063682047916577e-09,True,0.0,2.829984978977486,61250,plateau,200000,0.0001,0,False,8,stalled,60,True,3.1549674957981983e-07,6.724446961235209e-14,3.154966823353502e-07,4.02044672750347e-28,7.996591852230529e-06,,320.0,0,7790.1,86.5,success,1.0,0.003525445396231247,,,axes,2.1010651794302406,2.1879444444444447,4480,2.1010651794302406
reg_resample_unw_T14_s7_d320,reg_resample_unw,14.0,7,0.00017089975353944955,1.316738320382341e-08,True,0.0,2.829962145945876,60000,plateau,200000,0.0001,0,False,7,stalled,60,True,2.8129506022944766e-07,2.666111831784368e-12,2.8129239411761587e-07,3.919197514522993e-28,9.412575921427445e-06,,320.0,0,7584.1,87.5,success,1.0,0.004629337790314992,,,axes,2.1010651794302406,2.1310000000000002,4480,2.1010651794302406
reg_resample_unw_T14_s8_d320,reg_resample_unw,14.0,8,5.609105791225072e-05,1.5501942839304352e-09,True,0.0,2.8299338247091668,60000,plateau,200000,0.0001,0,False,8,stalled,60,True,2.702818676033494e-07,9.181875966640868e-15,2.7028185842147346e-07,4.084226699125163e-28,6.326966309769845e-06,,320.0,0,7617.1,86.7,success,1.0,0.0033589325988306325,,,axes,2.1010651794302406,2.1399444444444446,4480,2.1010651794302406
reg_resample_unw_T14_s9_d320,reg_resample_unw,14.0,9,8.090647191381693e-05,3.0572726039240627e-09,True,0.0,2.82994768060956,60250,plateau,200000,0.0001,0,False,9,stalled,60,True,2.7372365208137525e-07,2.8988777744542312e-15,2.737236491824975e-07,3.8442850530666044e-28,1.2285133368865104e-05,,320.0,0,7507.8,110.7,success,1.0,0.005064610437617697,,,axes,2.1010651794302406,2.11625,4480,2.1010651794302406
reg_resample_unw_T27_s0_d320,reg_resample_unw,27.0,0,1.7663630953232776,1.6563139004660652,False,0.0,2.984880379856781,85500,plateau,200000,0.0001,0,False,6,stalled,60,True,0.04368107706597205,0.0005313219114847082,0.043149755154487344,0.017762845828869764,0.003968619131548329,,320.0,0,9503.1,126.3,diffuse,0.10477600888559793,0.9172037811178619,0.19,0.5,axes,4.052054274615464,2.6748333333333334,8640,0.0750380421225086
reg_resample_unw_T27_s1_d320,reg_resample_unw,27.0,1,1.7680011147828392,1.6584095329473765,False,0.0,2.990571432182806,85000,plateau,200000,0.0001,0,False,7,stalled,60,True,0.043652982000430496,0.000533993916460555,0.04311898808396994,0.01705317792486076,0.001827017113408718,,320.0,0,8991.5,148.0,diffuse,0.06886338393187708,0.893509034484978,0.19,0.51,axes,4.052054274615464,2.53875,8640,0.07653880296495877
reg_resample_unw_T27_s2_d320,reg_resample_unw,27.0,2,1.450949163625806,1.1173135818394067,False,0.0,3.326352885381629,75250,plateau,200000,0.0001,0,False,5,stalled,60,True,0.05161499281141726,0.0005721575814706464,0.05104283522994661,0.01961935809239291,0.003538432642654874,,320.0,0,8265.4,107.5,diffuse,0.20251758607922993,0.9346752295100054,0.18,0.49,axes,4.052054274615464,2.3258055555555552,8640,0.07353728128005842
reg_resample_unw_T27_s3_d320,reg_resample_unw,27.0,3,1.4471444076219646,1.111507972531053,False,0.0,3.3257640401239295,63000,plateau,200000,0.0001,0,False,6,stalled,60,True,0.0515885252024515,0.0005742022639573958,0.05101432293849411,0.019524509043584288,0.005518446128805695,,320.0,0,6326.6,122.7,diffuse,0.18548685671973345,0.9405660259141886,0.18,0.49,axes,4.052054274615464,1.7914722222222224,8640,0.07353728128005842
reg_resample_unw_T27_s4_d320,reg_resample_unw,27.0,4,1.4093078680194262,1.0576265266903244,False,0.0,3.317256577072902,62750,plateau,200000,0.0001,0,False,10,stalled,60,True,0.05136212362009015,0.0005816323725949314,0.050780491247495216,0.019213004387963667,0.03271606637102635,,320.0,0,6385.1,213.4,diffuse,0.1780821917808219,0.9467201420948387,0.19,0.49,axes,4.052054274615464,1.8329166666666667,8640,0.07353728128005842
reg_resample_unw_T27_s5_d320,reg_resample_unw,27.0,5,1.4499859833613553,1.1157736540607648,False,0.0,3.3294194272345106,93000,plateau,200000,0.0001,0,False,6,stalled,60,True,0.05161180069003326,0.0005735217409588876,0.051038278949074374,0.01938574326757444,0.001004617630484533,,320.0,0,9220.7,120.8,diffuse,0.19881525360977415,0.9306980426280921,0.18,0.49,axes,4.052054274615464,2.5948611111111113,8640,0.07353728128005842
reg_resample_unw_T27_s6_d320,reg_resample_unw,27.0,6,1.7571565231412327,1.6304011365616882,False,0.0,2.9164954383781105,160500,plateau,200000,0.0001,0,False,5,stalled,60,True,0.041187639617195376,0.000515889758932925,0.040671749858262454,0.016042127231089734,0.020695083419154613,,320.0,0,16079.5,102.0,diffuse,0.0777489818585709,0.8744406599111054,0.2,0.52,axes,4.052054274615464,4.494861111111111,8640,0.07803956380740894
reg_resample_unw_T27_s7_d320,reg_resample_unw,27.0,7,1.7682774900043299,1.6591678169379085,False,0.0,2.991964727828672,107000,plateau,200000,0.0001,0,False,7,stalled,60,True,0.04368117460534613,0.000533743119437387,0.043147431485908744,0.01715159041190598,0.004504896153853466,,320.0,0,10756.4,141.1,diffuse,0.08922621251388374,0.8951690328527692,0.19,0.51,axes,4.052054274615464,3.027083333333333,8640,0.07653880296495877
reg_resample_unw_T27_s8_d320,reg_resample_unw,27.0,8,1.4528331441799314,1.1200516908263474,False,0.0,3.3290060742548904,66250,plateau,200000,0.0001,0,False,6,stalled,60,True,0.051650491712059154,0.0005749637685787393,0.051075527943480414,0.01941642553417364,0.0034405295955816004,,320.0,0,5912.4,105.9,diffuse,0.18770825620140688,0.9259201770882434,0.19,0.49,axes,4.052054274615464,1.6717499999999998,8640,0.07353728128005842
reg_resample_unw_T27_s9_d320,reg_resample_unw,27.0,9,1.315948749494321,0.9292831296889892,False,0.0,3.0580246561964484,137750,plateau,200000,0.0001,0,False,10,stalled,60,True,0.028057344659545732,4.427061983783663e-05,0.028013074039707896,0.0001608037224188785,0.005409061036676389,,320.0,0,12536.6,174.4,diffuse,0.00777489818585709,0.5085071127201026,0.64,1.44,axes,4.052054274615464,3.5308333333333333,8640,0.21610956131282474
reg_resample_unw_T40_s0_d320,reg_resample_unw,40.0,0,2.075400812990857,2.35540503577174,False,0.0,4.435648835631406,81750,plateau,200000,0.0001,0,False,3,stalled,60,True,0.050359565665321245,0.0002934484591402322,0.05006611720618101,0.018035352060598177,0.00374406050310333,,320.0,0,20186.4,160.4,diffuse,0.2279430142464384,0.9854329218803566,0.18,0.48,axes,6.003043369800688,5.65188888888889,12800,0.07203652043760825
reg_resample_unw_T40_s1_d320,reg_resample_unw,40.0,1,2.0077381760467206,2.232203671950912,False,0.0,4.593058565117599,68250,plateau,200000,0.0001,0,False,3,stalled,60,True,0.05213272663727081,0.00029234924683925034,0.05184037739043156,0.018151876766808583,0.016640807448709428,,320.0,0,16905.8,157.9,diffuse,0.15896025993501625,0.9877995562223849,0.18,0.48,axes,6.003043369800688,4.739916666666667,12800,0.07203652043760825
reg_resample_unw_T40_s2_d320,reg_resample_unw,40.0,2,2.0483764195941436,2.3201255399960945,False,0.0,4.629630135683557,63000,plateau,200000,0.0001,0,False,3,stalled,60,True,0.05259505647205477,0.0002960578448889688,0.052298998627165805,0.018699649809379847,0.0016958335838279262,,320.0,0,9679.1,99.5,diffuse,0.14421394651337166,0.9896810119080633,0.18,0.48,axes,6.003043369800688,2.716277777777778,12800,0.07203652043760825
reg_resample_unw_T40_s3_d320,reg_resample_unw,40.0,3,2.0250639380266553,2.2705263832434786,False,0.0,4.583427461834526,62000,plateau,200000,0.0001,0,False,3,stalled,60,True,0.052473447976943685,0.000298437108744715,0.05217501086819897,0.019370250142931533,0.01974068385212518,,320.0,0,10247.2,99.8,diffuse,0.15496125968507873,1.0059917341854367,0.19,0.48,axes,6.003043369800688,2.8741666666666665,12800,0.07203652043760825
reg_resample_unw_T40_s4_d320,reg_resample_unw,40.0,4,2.0477451067895265,2.318716994861982,False,0.0,4.6293891034592125,60500,plateau,200000,0.0001,0,False,4,stalled,60,True,0.0526226818496239,0.0002915024747896792,0.05233117937483422,0.018776693615827626,0.010035183782336265,,320.0,0,9191.4,129.8,diffuse,0.13196700824793803,0.9942020772228268,0.18,0.48,axes,6.003043369800688,2.589222222222222,12800,0.07203652043760825
reg_resample_unw_T40_s5_d320,reg_resample_unw,40.0,5,2.0546938841884312,2.333359255750851,False,0.0,4.633086475917983,67750,plateau,200000,0.0001,0,False,3,stalled,60,True,0.05264510308435057,0.0002949999914886402,0.05235010309286193,0.018643604962954446,0.011476530158998612,,320.0,0,16662.9,161.2,diffuse,0.14596350912271933,0.9869857602431981,0.18,0.48,axes,6.003043369800688,4.673361111111111,12800,0.07203652043760825
reg_resample_unw_T40_s6_d320,reg_resample_unw,40.0,6,2.061129649917075,2.346820532768854,False,0.0,4.635532171712698,60000,plateau,200000,0.0001,0,False,3,stalled,60,True,0.05271158099462316,0.0002969942541973298,0.05241458674042583,0.01875995405088154,0.018899280795332127,,320.0,0,14764.5,161.1,diffuse,0.1467133216695826,0.9819329019621515,0.18,0.48,axes,6.003043369800688,4.146,12800,0.07203652043760825
reg_resample_unw_T40_s7_d320,reg_resample_unw,40.0,7,2.0565433129332438,2.3374471703528434,False,0.0,4.640140677676052,60000,plateau,200000,0.0001,0,False,3,stalled,60,True,0.05264849232188288,0.0002895181262517883,0.05235897419563109,0.018607777344869684,0.01626839926627221,,320.0,0,14789.3,167.9,diffuse,0.15546113471632092,0.9908886326665303,0.18,0.48,axes,6.003043369800688,4.1547777777777775,12800,0.07203652043760825
reg_resample_unw_T40_s8_d320,reg_resample_unw,40.0,8,2.0448668777613275,2.3122651661645306,False,0.0,4.6215264381369145,62750,plateau,200000,0.0001,0,False,3,stalled,60,True,0.05258273530556686,0.0002973962946077111,0.05228533901095915,0.01898123050093142,0.006594009512971074,,320.0,0,9610.5,99.2,diffuse,0.14396400899775055,0.9970529027491062,0.18,0.48,axes,6.003043369800688,2.697138888888889,12800,0.07203652043760825
reg_resample_unw_T40_s9_d320,reg_resample_unw,40.0,9,2.0541198679850763,2.3316947331463966,False,0.0,4.627373100467482,63500,plateau,200000,0.0001,0,False,3,stalled,60,True,0.05263807951599247,0.0002939351670834028,0.052344144348909064,0.018908946174263443,0.0028937814921591084,,320.0,0,9681.6,95.9,diffuse,0.1552111972006998,0.9948217484296653,0.18,0.48,axes,6.003043369800688,2.7159722222222222,12800,0.07203652043760825
