t,y1,y2
0.0,-2.2329750895555556e-13,2.1727136926223216
0.0010000430525773838,0.0021738936827660252,2.174886496068284
0.0020000861051547676,0.0043499602532615185,2.1770592767400574
0.0030001291577321514,0.0065281996770455925,2.1792320117293804
0.004000172210309535,0.008708611896918118,2.1814046779813445
0.005000215262886919,0.010891196832549563,2.18357725229397
0.006000258315464303,0.0130759543803337,2.1857497113177833
0.007000301368041686,0.015262884413239896,2.1879220315554004
0.00800034442061907,0.017451986780664997,2.1900941893611092
0.009000387473196455,0.019643261308284775,2.1922661609404583
0.010000430525773839,0.021836707797904985,2.1944379223498465
0.011000473578351221,0.024032326027312,2.1966094494961164
0.012000516630928606,0.02623011575012305,2.1987807181361516
0.01300055968350599,0.02843007669563605,2.2009517038764757
0.014000602736083372,0.03063220856867905,2.2031223821728556
0.015000645788660756,0.032836511049459255,2.205292728329908
0.01600068884123814,0.03504298379341169,2.207462717500708
0.017000731893815523,0.037251626431047444,2.2096323246864045
0.01800077494639291,0.03946243856780156,2.211801524735834
0.01900081799897029,0.0416754197838805,2.213970292345142
0.020000861051547678,0.0438905696341093,2.216138602057408
0.02100090410412506,0.04610788764777827,2.2183064282622698
0.022000947156702443,0.04832737332848938,2.220473745195558
0.02300099020927983,0.05054902615400227,2.2226405269389287
0.02400103326185721,0.05277284557607988,2.2248067474195037
0.025001076314434593,0.054998831020333705,2.226972380409512
0.02600111936701198,0.05722698188606877,2.229137399525937
0.027001162419589362,0.05945729754612817,2.231301778230168
0.028001205472166744,0.0616897773467373,2.2334654898276542
0.02900124852474413,0.06392442060734774,2.235628507467564
0.030001291577321513,0.0661612266204808,2.2377908041424486
0.0310013346298989,0.06840019465157071,2.239952352687909
0.03200137768247628,0.07064132393880754,2.2421131257822684
0.03300142073505367,0.07288461369297972,2.24427309594625
0.034001463787631046,0.07513006309731628,2.246432235542655
0.03500150684020843,0.07737767130732878,2.248590516776052
0.03600154989278582,0.07962743745065289,2.2507479116924634
0.0370015929453632,0.08187936062688969,2.2529043921790635
0.03800163599794058,0.08413343990744669,2.2550599299638767
0.03900167905051797,0.08638967433537849,2.2572144966154823
0.040001722103095355,0.0886480629252272,2.2593680635427247
0.041001765155672734,0.09090860466286256,2.261520601994427
0.04200180820825012,0.09317129850532177,2.263672083059112
0.043001851260827506,0.09543614338064901,2.2658224776647256
0.044001894313404885,0.0977031381877348,2.2679717565783677
0.04500193736598227,0.0999722817961549,2.2701198904060274
0.04600198041855966,0.10224357304600917,2.272266849592324
0.047002023471137036,0.10451701074776003,2.274412604420253
0.04800206652371442,0.10679259368207066,2.2765571250109358
0.04900210957629181,0.10907032059964306,2.2787003813233815
0.05000215262886919,0.11135019022105579,2.280842343154245
0.05100219568144657,0.11363220123660146,2.2829829801375983
0.05200223873402396,0.1159163523061241,2.285122261744705
0.05300228178660134,0.11820264205885614,2.2872601572837987
0.054002324839178724,0.12049106909325534,2.289396635899872
0.05500236789175611,0.12278163197684142,2.2915316665744663
0.05600241094433349,0.12507432924603248,2.2936652181254726
0.057002453996910875,0.12736915940598126,2.295797259206934
0.05800249704948826,0.1296661209304112,2.2979277583088584
0.05900254010206565,0.13196521226145225,2.3000566837570346
0.060002583154643026,0.13426643180947667,2.3021840037128567
0.06100262620722041,0.1365697779529344,2.304309686173154
0.0620026692597978,0.13887524903818854,2.3064336989700274
0.06300271231237518,0.14118284337935041,2.308556009770694
0.06400275536495256,0.14349255925811472,2.310676586077336
0.06500279841752994,0.1458043949235943,2.3127953952269587
0.06600284147010733,0.14811834859215497,2.314912404391254
0.06700288452268471,0.15043441844725017,2.3170275805764713
0.06800292757526209,0.15275260263925527,2.3191408906232955
0.06900297062783949,0.15507289928530218,2.3212523012067323
0.07000301368041686,0.15739530646911343,2.3233617788360004
0.07100305673299424,0.1597198222408364,2.3254692898544307
0.07200309978557164,0.16204644461687737,2.327574800439374
0.07300314283814902,0.1643751715797355,2.3296782766021153
0.0740031858907264,0.16670600107783665,2.331779684187796
0.07500322894330379,0.1690389310253673,2.3338789888753424
0.07600327199588117,0.17137395930210822,2.3359761561774057
0.07700331504845855,0.1737110837532682,2.3380711514403045
0.07800335810103594,0.1760503021893176,2.340163939843979
0.07900340115361332,0.17839161238582213,2.342254486401953
0.08000344420619071,0.1807350120832762,2.344342755961301
0.08100348725876809,0.18308049898693654,2.3464287132026267
0.08200353031134547,0.1854280707666558,2.3485123226400497
0.08300357336392286,0.1877777250567159,2.350593548621196
0.08400361641650024,0.1901294594556616,2.3526723553272033
0.08500365946907762,0.19248327152613404,2.3547487067727304
0.08600370252165501,0.19483915879470423,2.3568225668059766
0.08700374557423239,0.1971971187517066,2.3588938991087085
0.08800378862680977,0.19955714885107256,2.360962667196299
0.08900383167938716,0.20191924651016419,2.36302883441777
0.09000387473196454,0.2042834091096078,2.3650923639558488
0.09100391778454192,0.20664963399312775,2.3671532188270303
0.09200396083711931,0.2090179184673802,2.3692113618816504
0.0930040038896967,0.211388259801787,2.3712667558039664
0.09400404694227407,0.21376065522836965,2.3733193631122482
0.09500408999485146,0.21613510194158334,2.375369146158879
0.09600413304742884,0.21851159709815113,2.377416067130464
0.09700417610000622,0.2208901378168982,2.379460088047951
0.09800421915258362,0.2232707211785863,2.3815011707667577
0.099004262205161,0.22565334422574818,2.3835392769769097
0.10000430525773837,0.22803800396252238,2.3855743682031907
0.10100434831031577,0.23042469735448803,2.387606405805298
0.10200439136289315,0.23281342132849975,2.3896353509780135
0.10300443441547052,0.2352041727725229,2.391661164751379
0.10400447746804792,0.23759694853546895,2.393683807990885
0.1050045205206253,0.23999174542703094,2.3957032413976704
0.10600456357320268,0.24238856021751928,2.39771942550873
0.10700460662578007,0.2447873896376977,2.3997323206971335
0.10800464967835745,0.24718823037861937,2.4017418871722556
0.10900469273093483,0.24959107909146344,2.4037480849800152
0.11000473578351222,0.2519959323873716,2.405750874003128
0.1110047788360896,0.25440278683728507,2.407750213961366
0.11200482188866698,0.25681163897178166,2.4097460644118307
0.11300486494124437,0.25922248528091335,2.4117383847492366
0.11400490799382175,0.26163532221404406,2.413727134206205
0.11500495104639914,0.26405014617968764,2.415712271853569
0.11600499409897652,0.2664669535453462,2.4176937566006917
0.1170050371515539,0.2688857406373489,2.419671547195792
0.1180050802041313,0.2713065037406908,2.4216456022262847
0.11900512325670867,0.27372923909887253,2.423615880119131
0.12000516630928605,0.2761539429137396,2.4255823391412017
0.12100520936186344,0.27858061134532286,2.4275449373996483
0.12200525241444082,0.28100924051167864,2.4295036328422905
0.1230052954670182,0.28343982648872995,2.431458383258014
0.1240053385195956,0.28587236531010746,2.433409146277177
0.12500538157217297,0.28830685296699127,2.4353558793720347
0.12600542462475037,0.29074328540795313,2.4372985398571694
0.12700546767732773,0.2931816585387988,2.439237084889938
0.12800551072990513,0.29562196822241116,2.441171471470928
0.12900555378248252,0.29806421027859364,2.4431016564444272
0.13000559683505988,0.3005083804839141,2.4450275964989086
0.13100563988763728,0.3029544745715493,2.4469492481675212
0.13200568294021467,0.30540248823112986,2.4488665678286003
0.13300572599279203,0.30785241710858574,2.4507795117061857
0.13400576904536943,0.31030425680599194,2.4526880358705547
0.13500581209794682,0.31275800288141536,2.4545920962387684
0.13600585515052419,0.3152136508487616,2.4564916485752293
0.13700589820310158,0.31767119617762263,2.4583866484922527
0.13800594125567897,0.3201306342931251,2.460277051450651
0.13900598430825634,0.32259196057577905,2.462162812760331
0.14000602736083373,0.3250551703613272,2.464043887580907
0.14100607041341112,0.32752025894059517,2.4659202309223214
0.1420061134659885,0.32998722155934196,2.4677917976454835
0.14300615651856588,0.3324560534181113,2.4696585424629225
0.14400619957114327,0.33492674967208363,2.471520419939449
0.14500624262372064,0.33739930543092855,2.473377384492835
0.14600628567629803,0.3398737157586583,2.475229390394506
0.14700632872887542,0.3423499756734818,2.4770763917702454
0.1480063717814528,0.34482808014765903,2.4789183426009145
0.14900641483403018,0.34730802410735684,2.480755196723187
0.15000645788660757,0.34978980243250496,2.4825869078302953
0.15100650093918494,0.3522734099566529,2.484413429472793
0.15200654399176233,0.3547588414668278,2.4862347150593296
0.15300658704433973,0.3572460917033927,2.4880507178574423
0.1540066300969171,0.35973515535990613,2.4898613909943594
0.15500667314949448,0.3622260270829818,2.491666687457819
0.15600671620207188,0.3647187014721498,2.493466560096903
0.15700675925464924,0.3672131730797183,2.4952609616228836
0.15800680230722663,0.3697094364106362,2.497049844610088
0.15900684535980403,0.3722074859223566,2.498833161496774
0.16000688841238142,0.374707316024701,2.5006108645860223
0.16100693146495879,0.3772089210797248,2.502382906046644
0.16200697451753618,0.37971229540158347,2.5041492379141004
0.16300701757011357,0.3822174332563995,2.505909812091443
0.16400706062269094,0.38472432886213054,2.507664580350262
0.16500710367526833,0.38723297638843845,2.5094134943316555
0.16600714672784572,0.3897433699565593,2.5111565055472096
0.1670071897804231,0.3922555036391742,2.512893565379998
0.16800723283300048,0.39476937146028157,2.514624625085592
0.16900727588557787,0.3972849673950698,2.5163496357930915
0.17000731893815524,0.3998022853697916,2.518068548506166
0.17100736199073263,0.402321319261639,2.5197813141041143
0.17200740504331002,0.4048420628986193,2.5214878833429397
0.1730074480958874,0.4073645100594326,2.5231882068564393
0.17400749114846478,0.40988865447335,2.5248822351573104
0.17500753420104218,0.4124144898200931,2.526569918638272
0.17600757725361954,0.41494200972971457,2.5282512075732013
0.17700762030619693,0.41747120778247987,2.529926052118288
0.17800766335877433,0.4200020775087501,2.5315944023132038
0.1790077064113517,0.4225346123888662,2.5332562080822854
0.18000774946392908,0.42506880585303397,2.5349114192357383
0.18100779251650648,0.42760465128121083,2.536559985470852
0.18200783556908384,0.43014214200299333,2.538201856373235
0.18300787862166124,0.43268127129750616,2.5398369814180617
0.18400792167423863,0.4352220323932923,2.541465309971341
0.185007964726816,0.4377644184682045,2.543086791291197
0.1860080077793934,0.44030842264929804,2.544701374529167
0.18700805083197078,0.44285403801272477,2.5463090087315168
0.18800809388454814,0.4454012575836286,2.5479096428405708
0.18900813693712554,0.4479500743360421,2.549503225696061
0.19000817998970293,0.4505004811927847,2.5510897060364894
0.1910082230422803,0.453052471025362,2.5526690325005097
0.1920082660948577,0.4556060366538668,2.5542411536283236
0.19300830914743508,0.45816117084688107,2.5558060178630955
0.19400835220001245,0.46071786632138,2.5573635735523808
0.19500839525258984,0.46327611574263683,2.5589137689495756
0.19600843830516723,0.46583591172412947,2.560456552215378
0.1970084813577446,0.46839724682744854,2.561991871419271
0.198008524410322,0.470960113562207,2.563519674541016
0.19900856746289938,0.47352450438595106,2.5650399094721705
0.20000861051547675,0.47609041170407274,2.5665525240176175
0.20100865356805414,0.47865782786972405,2.5680574658971125
0.20200869662063153,0.4812267451837326,2.5695546827468494
0.2030087396732089,0.48379715589451877,2.5710441221210405
0.2040087827257863,0.48636905219801463,2.5725257314935157
0.20500882577836368,0.4889424262375842,2.5739994582593377
0.20600886883094105,0.49151727010394575,2.5754652497364345
0.20700891188351844,0.4940935758350951,2.5769230531672482
0.20800895493609584,0.49667133541623143,2.578372815720401
0.2090089979886732,0.49925054077968384,2.5798144844923785
0.2100090410412506,0.5018311838048405,2.581248006509231
0.211009084093828,0.5044132563180785,2.582673328728289
0.21200912714640535,0.5069967500926968,2.5840903980398986
0.21300917019898274,0.5095816568488494,2.585499161269173
0.21400921325156014,0.5121679682534811,2.5868995651777595
0.2150092563041375,0.5147556759202654,2.588291556465626
0.2160092993567149,0.517344771409543,2.5896750817728633
0.2170093424092923,0.5199352462282637,2.5910500876815044
0.21800938546186965,0.5225270918299282,2.59241652071736
0.21900942851444705,0.5251202996145338,2.5937743273518743
0.22000947156702444,0.5277148609285204,2.595123454003993
0.2210095146196018,0.5303107670647189,2.5964638470420534
0.2220095576721792,0.5329080092623021,2.5977954527856864
0.2230096007247566,0.5355065787067362,2.5991182175077396
0.22400964377733396,0.5381064665297356,2.6004320874362157
0.22500968682991135,0.5407076638092185,2.6017370087562277
0.22600972988248874,0.5433101615692656,2.6030329276119715
0.22700977293506613,0.5459139507800796,2.6043197901087147
0.2280098159876435,0.5485190223579477,2.6055975423148046
0.2290098590402209,0.5511253671652053,2.606866130263689
0.23000990209279829,0.5537329760102025,2.6081254999559578
0.23100994514537565,0.556341839647272,2.6093755973613995
0.23200998819795304,0.5589519487766995,2.610616368421074
0.23301003125053044,0.5615632940446958,2.6118477590494042
0.2340100743031078,0.5641758660433716,2.613069715136283
0.2350101173556852,0.5667896553107133,2.614282182549195
0.2360101604082626,0.5694046523305628,2.61548510713536
0.23701020346083995,0.5720208475325972,2.6166784347238883
0.23801024651341735,0.5746382312923123,2.617862111127953
0.23901028956599474,0.5772567939310078,2.6190360821469842
0.2400103326185721,0.5798765257157744,2.62020029356887
0.2410103756711495,0.5824974168594836,2.621354691172185
0.2420104187237269,0.5851194575207795,2.6224992207284252
0.24301046177630425,0.5877426378040727,2.6236338280042664
0.24401050482888165,0.5903669477595364,2.6247584587638344
0.24501054788145904,0.5929923773831055,2.6258730587709946
0.2460105909340364,0.5956189166164775,2.626977573791655
0.2470106339866138,0.598246555347115,2.6280719495960874
0.2480106770391912,0.6008752834082521,2.629156131961262
0.24901072009176856,0.6035050905789017,2.6302300666732013
0.25001076314434595,0.6061359665838656,2.631293699529347
0.25101080619692334,0.6087679010937479,2.632346976340946
0.25201084924950073,0.6114008837249693,2.6333898429354456
0.25301089230207807,0.6140349040397847,2.6344222451589134
0.25401093535465546,0.6166699515463031,2.635444128878464
0.25501097840723286,0.6193060156985098,2.6364554399847084
0.25601102145981025,0.6219430858962912,2.6374561243942125
0.25701106451238764,0.6245811514854619,2.638446128051976
0.25801110756496504,0.6272202017577944,2.6394253969339245
0.25901115061754243,0.6298602259510513,2.6403938770494135
0.26001119367011977,0.6325012132490202,2.6413515144437545
0.26101123672269716,0.6351431527815505,2.642298255200749
0.26201127977527455,0.6377860336245935,2.643234045445241
0.26301132282785195,0.6404298448002445,2.6441588313456847
0.26401136588042934,0.6430745752767879,2.6450725591167235
0.26501140893300673,0.6457202139687447,2.6459751750217864
0.26601145198558407,0.6483667497369222,2.646866625375698
0.26701149503816146,0.6510141713884674,2.647746856547302
0.26801153809073885,0.6536624676769216,2.6486158149621
0.26901158114331625,0.656311627302279,2.649473447104903
0.27001162419589364,0.6589616389110469,2.650319699522498
0.27101166724847103,0.6616124910963092,2.6511545188263272
0.27201171030104837,0.6642641723977923,2.6519778516951824
0.27301175335362576,0.6669166713019343,2.6527896448779114
0.27401179640620316,0.6695699762419557,2.653589845196138
0.27501183945878055,0.6722240755979338,2.6543783995469963
0.27601188251135794,0.6748789576968799,2.655155254905876
0.27701192556393534,0.6775346108128183,2.6559203583291837
0.2780119686165127,0.6801910231668695,2.656673656957114
0.27901201166909007,0.6828481829273348,2.657415098016435
0.28001205472166746,0.6855060782097846,2.6581446288232846
0.28101209777424485,0.6881646970771487,2.658862196785983
0.28201214082682224,0.6908240275398104,2.659567749407853
0.28301218387939964,0.6934840575557029,2.6602612342900533
0.284012226931977,0.6961447750304082,2.660942599134426
0.28501226998455437,0.6988061678172595,2.6616117917463535
0.28601231303713176,0.701468223717446,2.662268760037629
0.28701235608970915,0.7041309304801211,2.662913452029334
0.28801239914228655,0.7067942758025126,2.663545815854734
0.28901244219486394,0.7094582473300369,2.664165799762179
0.2900124852474413,0.7121228326564152,2.664773352118017
0.29101252830001867,0.7147880193237929,2.665368421409519
0.29201257135259606,0.7174537948228623,2.6659509562478143
0.29301261440517345,0.7201201465929877,2.6665209053708354
0.29401265745775085,0.7227870620223339,2.667078217646272
0.29501270051032824,0.7254545284479971,2.667622842074538
0.2960127435629056,0.7281225331561393,2.6681547277917446
0.29701278661548297,0.7307910633821257,2.6686738240726866
0.29801282966806036,0.7334601063106648,2.669180080333835
0.29901287272063776,0.7361296490759511,2.6696734461363403
0.30001291577321515,0.7387996787618121,2.670153871189043
0.30101295882579254,0.7414701824018567,2.6706213053514967
0.3020130018783699,0.7441411469796281,2.6710756986369946
0.3030130449309473,0.7468125594287586,2.6715170012156086
0.30401308798352467,0.7494844066331281,2.6719451634172344
0.30501313103610206,0.7521566754270257,2.6723601357346434
0.30601317408867945,0.7548293525953135,2.6727618688265453
0.30701321714125684,0.7575024248735946,2.673150313520656
0.3080132601938342,0.7601758789483836,2.673525420816772
0.3090133032464116,0.7628497014572798,2.673887141889854
0.31001334629898897,0.7655238789891446,2.6742354280931178
0.31101338935156636,0.7681983980842808,2.674570230961126
0.31201343240414375,0.7708732452346155,2.6748915022128927
0.31301347545672115,0.7735484068838865,2.6751991937549913
0.3140135185092985,0.776223869427831,2.6754932576846673
0.3150135615618759,0.778899619214378,2.6757736462929587
0.31601360461445327,0.7815756425438438,2.6760403120678204
0.31701364766703066,0.7842519256691305,2.676293207697253
0.31801369071960806,0.7869284547959272,2.6765322860724376
0.31901373377218545,0.7896052160829152,2.6767575002908757
0.32001377682476284,0.7922821956419759,2.6769688036595314
0.3210138198773402,0.7949593795384013,2.6771661496979786
0.32201386292991757,0.7976367537911091,2.677349492141553
0.32301390598249496,0.8003143043728592,2.6775187849445046
0.32401394903507236,0.8029920172104746,2.677673982283159
0.32501399208764975,0.8056698781850652,2.6778150385590735
0.32601403514022714,0.8083478731322541,2.6779419084022047
0.3270140781928045,0.8110259878424082,2.6780545466740713
0.3280141212453819,0.813704208060871,2.6781529084709232
0.32901416429795927,0.816382519488199,2.6782369491269113
0.33001420735053666,0.8190609077804011,2.678306624217259
0.33101425040311405,0.8217393585491816,2.6783618895614336
0.33201429345569144,0.8244178573621856,2.678402701226322
0.3330143365082688,0.8270963897432485,2.6784290155294035
0.3340143795608462,0.8297749411726476,2.678440789041925
0.33501442261342357,0.832453497087358,2.678437978592075
0.33601446566600096,0.8351320428813109,2.678420541268161
0.33701450871857835,0.8378105639056553,2.678388434421781
0.33801455177115575,0.8404890454690229,2.6783416156709987
0.3390145948237331,0.8431674728377964,2.678280042903515
0.3400146378763105,0.8458458312363801,2.6782036742798403
0.34101468092888787,0.8485241058474753,2.678112468236464
0.34201472398146526,0.8512022818123569,2.67800638348902
0.34301476703404266,0.8538803442311548,2.677885379035455
0.34401481008662005,0.8565582781631373,2.6777494141591887
0.3450148531391974,0.8592360686269989,2.677598448432276
0.3460148961917748,0.8619137006011494,2.6774324417185613
0.34701493924435217,0.8645911590240084,2.6772513541768337
0.34801498229692956,0.8672684287943012,2.677055146263975
0.34901502534950696,0.8699454947713587,2.676843778738105
0.35001506840208435,0.8726223417754202,2.6766172126617227
0.3510151114546617,0.8752989545879392,2.6763754094048418
0.3520151545072391,0.8779753179518927,2.676118330648122
0.3530151975598165,0.8806514165720933,2.6758459383859936
0.35401524061239387,0.8833272351155048,2.6755581949297778
0.35501528366497126,0.88600275821156,2.6752550629108
0.35601532671754865,0.8886779704524832,2.6749365052834966
0.357015369770126,0.8913528563936141,2.6746024853285157
0.3580154128227034,0.8940274005537359,2.6742529666558106
0.3590154558752808,0.8967015874154062,2.6738879132077247
0.36001549892785817,0.8993754014252908,2.67350728926207
0.36101554198043556,0.9020488269945011,2.6731110594351986
0.36201558503301295,0.9047218484989333,2.672699188685062
0.3630156280855903,0.9073944502796127,2.6722716423142647
0.3640156711381677,0.910066616643039,2.671828385973109
0.3650157141907451,0.912738331861536,2.671369385662629
0.36601575724332247,0.9154095801736034,2.670894607737613
0.36701580029589986,0.9180803457842728,2.6704040189096205
0.36801584334847726,0.9207506128654653,2.6698975862499865
0.3690158864010546,0.9234203655563532,2.6693752771928114
0.370015929453632,0.926089587963724,2.6688370595379465
0.3710159725062094,0.9287582641623479,2.668282901453962
0.3720160155587868,0.9314263781953478,2.6677127714811077
0.37301605861136417,0.9340939140745727,2.667126638534258
0.37401610166394156,0.9367608557809735,2.6665244719058467
0.3750161447165189,0.9394271872649823,2.6659062412687877
0.3760161877690963,0.9420928924468944,2.6652719166793832
0.3770162308216737,0.9447579552172529,2.664621468580217
0.3780162738742511,0.9474223594372366,2.6639548678030374
0.37901631692682847,0.9500860889390506,2.6632720855716197
0.38001635997940586,0.9527491275263195,2.66257309350462
0.3810164030319832,0.9554114589744842,2.6618578636184123
0.3820164460845606,0.9580730670312009,2.6611263683299073
0.383016489137138,0.9607339354167428,2.66037858045936
0.3840165321897154,0.9633940478244051,2.659614473233158
0.38501657524229277,0.9660533879209123,2.6588340202865957
0.38601661829487016,0.9687119393468291,2.6580371956666293
0.38701666134744755,0.9713696857169725,2.6572239738346175
0.3880167044000249,0.9740266106208283,2.6563943296690424
0.3890167474526023,0.9766826976229696,2.6555482384682145
0.3900167905051797,0.9793379302634775,2.6546856759529582
0.39101683355775707,0.9819922920583655,2.6538066182692797
0.39201687661033446,0.9846457665000056,2.652911041991015
0.39301691966291186,0.9872983370575578,2.6519989241224606
0.3940169627154892,0.9899499871774015,2.6510702421009826
0.3950170057680666,0.9926007002835703,2.650124973799608
0.396017048820644,0.9952504597781888,2.649163097529594
0.3970170918732214,0.9978992490419122,2.6481845920429765
0.39801713492579877,1.000547051434368,2.6471894365351014
0.39901717797837616,1.003193850294601,2.64617761064713
0.4000172210309535,1.0058396289415201,2.645149094468524
0.4010172640835309,1.0084843706743485,2.644103868539512
0.4020173071361083,1.0111280587730744,2.643041913853529
0.4030173501886857,1.0137706764989072,2.6419632118596357
0.40401739324126307,1.0164122070947323,2.640867744464915
0.40501743629384046,1.0190526337855723,2.6397554940368457
0.4060174793464178,1.0216919397790474,2.6386264434056494
0.4070175223989952,1.0243301082658394,2.637480575866617
0.4080175654515726,1.0269671224201586,2.6363178751824106
0.40901760850415,1.0296029654002117,2.6351383255853382
0.41001765155672737,1.0322376203486725,2.6339419117796057
0.41101769460930476,1.0348710703931558,2.632728618943543
0.4120177376618821,1.0375032986466919,2.6314984327318047
0.4130177807144595,1.0401342882082039,2.6302513392775446
0.4140178237670369,1.042764022162988,2.6289873251945637
0.4150178668196143,1.0453924835831945,2.627706377579432
0.41601790987219167,1.0480196555283123,2.6264084840135844
0.41701795292476906,1.0506455210456545,2.6250936325653864
0.4180179959773464,1.053270063170846,2.623761811792176
0.4190180390299238,1.0558932649283144,2.622413010742275
0.4200180820825012,1.058515109331781,2.6210472189569733
0.4210181251350786,1.0611355793847557,2.6196644264724847
0.422018168187656,1.063754658081032,2.618264623821873
0.42301821124023337,1.0663723284051856,2.616847802036952
0.4240182542928107,1.0689885733330737,2.6154139526501505
0.4250182973453881,1.0716033758323367,2.613963067696354
0.4260183403979655,1.0742167188629015,2.6124951397147114
0.4270183834505429,1.0768285853774866,2.611010161750415
0.4280184265031203,1.0794389583221093,2.6095081273564475
0.42901846955569767,1.0820478206365944,2.607989030595299
0.430018512608275,1.084655155255084,2.606452866040653
0.4310185556608524,1.0872609451065502,2.6048996287790405
0.4320185987134298,1.0898651731153084,2.603329314411463
0.4330186417660072,1.0924678222015327,2.6017419190549838
0.4340186848185846,1.0950688752817732,2.600137439344285
0.43501872787116197,1.0976683152694735,2.598515872433195
0.4360187709237393,1.1002661250754913,2.5968772159961793
0.4370188139763167,1.1028622876086196,2.5952214682298034
0.4380188570288941,1.1054567857761095,2.5935486278541564
0.4390189000814715,1.1080496024841946,2.5918586941142467
0.4400189431340489,1.1106407206386164,2.590151666781359
0.44101898618662627,1.1132301231451516,2.58842754615438
0.4420190292392036,1.1158177929101398,2.58668633306109
0.443019072291781,1.1184037128410136,2.584928028859417
0.4440191153443584,1.120987865846829,2.5831526354386596
0.4450191583969358,1.1235702348387981,2.581360155220672
0.4460192014495132,1.1261508027308211,2.579550591161015
0.4470192445020906,1.1287295524400216,2.5777239467500714
0.4480192875546679,1.1313064668872814,2.5758802260141245
0.4490193306072453,1.1338815289977773,2.5740194335164026
0.4500193736598227,1.1364547217015182,2.5721415743580844
0.4510194167124001,1.1390260279338842,2.5702466541792717
0.4520194597649775,1.141595430636165,2.568334679159921
0.4530195028175549,1.1441629127561017,2.566405656020742
0.45401954587013227,1.1467284572484264,2.5644595920240576
0.4550195889227096,1.1492920470754053,2.5624964949746256
0.456019631975287,1.1518536652073812,2.560516373220424
0.4570196750278644,1.154413294623317,2.5585192356533994
0.4580197180804418,1.1569709183113406,2.5565050917101755
0.4590197611330192,1.1595265192692892,2.554473951372725
0.46001980418559657,1.1620800805052556,2.552425825169003
0.4610198472381739,1.1646315850381341,2.550360724173542
0.4620198902907513,1.167181015898168,2.5482786600080076
0.4630199333433287,1.1697283561274956,2.546179644841717
0.4640199763959061,1.1722735887807,2.544063691392116
0.4650200194484835,1.1748166969253564,2.541930812925221
0.46602006250106087,1.1773576636425804,2.5397810232560176
0.4670201055536382,1.1798964720275786,2.5376143367488213
0.4680201486062156,1.1824331051901968,2.5354307683176005
0.469020191658793,1.184967546255471,2.5332303334262574
0.4700202347113704,1.187499778364176,2.5310130480888704
0.4710202777639478,1.1900297846733774,2.5287789288698956
0.4720203208165252,1.1925575483569806,2.5265279928843305
0.4730203638691025,1.1950830526062823,2.5242602577978337
0.4740204069216799,1.1976062806305212,2.5219757418268083
0.4750204499742573,1.2001272156574283,2.519674463738443
0.4760204930268347,1.2026458409337781,2.517356442850713
0.4770205360794121,1.2051621397259396,2.5150216990323395
0.4780205791319895,1.207676095320426,2.5126702527027107
0.4790206221845668,1.2101876910244467,2.5103021248317594
0.4800206652371442,1.2126969101664569,2.507917336939802
0.4810207082897216,1.2152037360967083,2.505515911097334
0.482020751342299,1.2177081521877988,2.503097869924789
0.4830207943948764,1.2202101418352231,2.5006632365922514
0.4840208374474538,1.222709688457921,2.4982120348191312
0.4850208805000311,1.2252067754988276,2.4957442888737966
0.4860209235526085,1.2277013864254218,2.493260023573166
0.4870209666051859,1.2301935047302746,2.4907592642822576
0.4880210096577633,1.2326831139315966,2.488242036913699
0.4890210527103407,1.2351701975737863,2.4857083679271943
0.4900210957629181,1.237654739227976,2.4831582843289515
0.4910211388154954,1.2401367224925783,2.4805918136710656
0.4920211818680728,1.242616130993832,2.4780089840508635
0.4930212249206502,1.2450929483863467,2.475409824110205
0.4940212679732276,1.247567158353647,2.472794363034744
0.495021311025805,1.250038744608716,2.4701626305531477
0.4960213540783824,1.252507690894538,2.4675146569362734
0.4970213971309597,1.2549739809846403,2.4648504729963054
0.4980214401835371,1.2574375986836337,2.4621701100858497
0.4990214832361145,1.2598985278277532,2.4594736000969872
0.5000215262886919,1.2623567522853962,2.456760975460286
0.5010215693412693,1.2648122559576611,2.4540322691437715
0.5020216123938467,1.267265022778884,2.4512875146518565
0.5030216554464241,1.2697150367171746,2.448526746024229
0.5040216984990015,1.272162281774951,2.445749997834698
0.5050217415515789,1.2746067419894729,2.442957305190002
0.5060217846041561,1.2770484014333747,2.44014870372857
0.5070218276567335,1.2794872442151957,2.4373242296192466
0.5080218707093109,1.2819232544799102,2.4344839195599755
0.5090219137618883,1.2843564164094563,2.43162781077644
0.5100219568144657,1.2867867142232625,2.428755941020664
0.5110219998670431,1.2892141321787738,2.425868348569572
0.5120220429196205,1.2916386545719754,2.4229650722235085
0.5130220859721979,1.2940602657379154,2.4200461513047173
0.5140221290247753,1.2964789500512268,2.4171116256557794
0.5150221720773527,1.2988946919266458,2.4141615356380113
0.5160222151299301,1.3013074758195302,2.4111959221298225
0.5170222581825075,1.3037172862263766,2.4082148265250343
0.5180223012350849,1.3061241076853336,2.405218290731156
0.5190223442876621,1.3085279247767154,2.402206357167625
0.5200223873402395,1.3109287221235129,2.3991790687640013
0.5210224303928169,1.3133264843919024,2.3961364689581313
0.5220224734453943,1.3157211962917532,2.393078601694262
0.5230225164979717,1.3181128425771338,2.390005511421124
0.5240225595505491,1.320501408046814,2.3869172430899717
0.5250226026031265,1.3228868775447677,2.3838138421525845
0.5260226456557039,1.3252692359606717,2.3806953545592306
0.5270226887082813,1.3276484682304037,2.377561826756591
0.5280227317608587,1.3300245593365372,2.3744133056856453
0.5290227748134361,1.332397494308835,2.3712498387795207
0.5300228178660135,1.3347672582247405,2.3680714739613005
0.5310228609185907,1.3371338362098661,2.3648782596417965
0.5320229039711681,1.33949721343848,2.3616702447172835
0.5330229470237455,1.3418573751339904,2.358447478567195
0.5340229900763229,1.344214306569428,2.3552100110517844
0.5350230331289003,1.3465679930679253,2.3519578925097453
0.5360230761814777,1.3489184200031936,2.3486911737557996
0.5370231192340551,1.3512655727999985,2.3454099060782445
0.5380231622866325,1.3536094369346316,2.342114141236467
0.5390232053392099,1.3559499979353808,2.338803931458419
0.5400232483917873,1.3582872413829972,2.335479329438059
0.5410232914443647,1.3606211529111603,2.332140388332757
0.5420233344969421,1.3629517182069395,2.3287871617606646
0.5430233775495193,1.3652789230112545,2.3254197037980493
0.5440234206020967,1.367602753119331,2.322038068976594
0.5450234636546741,1.3699231943811558,2.3186423122806623
0.5460235067072515,1.3722402327019274,2.3152324891445306
0.5470235497598289,1.3745538540425046,2.3118086554495827
0.5480235928124063,1.3768640444198526,2.3083708675214747
0.5490236358649837,1.3791707899074854,2.3049191821272634
0.5500236789175611,1.3814740766359064,2.3014536564725034
0.5510237219701385,1.3837738907930446,2.297974348198311
0.5520237650227159,1.3860702186246896,2.2944813153783934
0.5530238080752933,1.388363046434922,2.2909746165160483
0.5540238511278707,1.3906523605865415,2.287454310541131
0.555023894180448,1.3929381475014928,2.2839204568069875
0.5560239372330253,1.3952203936612866,2.2803731150873605
0.5570239802856027,1.3974990856074188,2.2768123455732594
0.5580240233381801,1.3997742099417863,2.2732382088698038
0.5590240663907575,1.4020457533270996,2.2696507659930334
0.5600241094433349,1.4043137024872918,2.26605007836669
0.5610241524959123,1.406578044207925,2.262436207818969
0.5620241955484897,1.4088387653365928,2.2588092165792406
0.5630242386010671,1.4110958527833206,2.2551691672747447
0.5640242816536445,1.4133492935209606,2.2515161229272533
0.5650243247062219,1.415599074585586,2.2478501469497076
0.5660243677587993,1.4178451830768795,2.244171303142825
0.5670244108113766,1.4200876061585197,2.240479655691681
0.568024453863954,1.4223263310585639,2.23677526916226
0.5690244969165313,1.4245613450698271,2.233058208497984
0.5700245399691087,1.4267926355502583,2.229328539016209
0.5710245830216861,1.4290201899233113,2.2255863264047018
0.5720246260742635,1.4312439956783147,2.221831636718085
0.5730246691268409,1.4334640403708365,2.2180645363742597
0.5740247121794183,1.4356803116230457,2.2142850921508037
0.5750247552319957,1.4378927971240698,2.210493371181343
0.5760247982845731,1.4401014846303497,2.2066894409519
0.5770248413371505,1.4423063619659897,2.2028733692972167
0.5780248843897279,1.4445074170231045,2.1990452243970586
0.5790249274423053,1.4467046377621624,2.195205074772489
0.5800249704948826,1.4488980122123252,2.191352989282126
0.58102501354746,1.4510875284717832,2.1874890371183744
0.5820250566000373,1.4532731747080876,2.1836132878036363
0.5830250996526147,1.4554549391584781,2.179725811186501
0.5840251427051921,1.4576328101302076,2.1758266774379127
0.5850251857577695,1.4598067760008628,2.1719159570473185
0.5860252288103469,1.4619768252186804,2.167993720818796
0.5870252718629243,1.46414294630286,2.164060039867159
0.5880253149155017,1.4663051278438723,2.160114985614048
0.5890253579680791,1.4684633585037654,2.1561586297839974
0.5900254010206565,1.470617627016464,2.1521910444004875
0.5910254440732339,1.4727679221880676,2.148212301781975
0.5920254871258112,1.4749142328971432,2.1442224745379095
0.5930255301783885,1.477056548095014,2.140221635564729
0.5940255732309659,1.4791948568060445,2.136209858041843
0.5950256162835433,1.4813291481279218,2.1321872154275923
0.5960256593361207,1.4834594112319326,2.1281537814552016
0.5970257023886981,1.4855856353632348,2.1241096301287086
0.5980257454412755,1.4877078098411283,2.120054835718883
0.5990257884938529,1.489825924059318,2.115989472759129
0.6000258315464303,1.4919399674861749,2.111913616041373
0.6010258745990077,1.4940499296649932,2.1078273406119377
0.6020259176515851,1.4961558002142419,2.1037307217674046
0.6030259607041625,1.4982575688278132,2.099623835050462
0.6040260037567398,1.5003552252752665,2.0955067562457397
0.6050260468093172,1.5024487594020686,2.0913795613756334
0.6060260898618945,1.5045381611298287,2.0872423266961166
0.6070261329144719,1.5066234204565307,2.083095128692542
0.6080261759670493,1.50870452745676,2.0789380440754313
0.6090262190196267,1.5107814722819266,2.074771149776254
0.6100262620722041,1.5128542451604836,2.0705945229432
0.6110263051247815,1.5149228363981428,2.066408240936938
0.6120263481773589,1.5169872363780843,2.0622123813263684
0.6130263912299363,1.5190474355611627,2.058007021884367
0.6140264342825137,1.5211034244861092,2.0537922405835194
0.6150264773350911,1.5231551937697287,2.0495681155918493
0.6160265203876684,1.5252027341070937,2.0453347252685385
0.6170265634402458,1.527246036271733,2.0410921481596414
0.6180266064928231,1.5292850911158167,2.0368404629937924
0.6190266495454005,1.5313198895703357,2.0325797486779082
0.6200266925979779,1.5333504226452794,2.0283100842928836
0.6210267356505553,1.5353766814298064,2.0240315490892833
0.6220267787031327,1.5373986570924123,2.0197442224830295
0.6230268217557101,1.5394163408810928,2.015448184051085
0.6240268648082875,1.5414297241235029,2.011143513527133
0.6250269078608649,1.543438798227111,2.006830290797252
0.6260269509134423,1.5454435546793497,2.0025085958955926
0.6270269939660197,1.5474439850477615,1.9981785090000466
0.628027037018597,1.54944008098014,1.9938401104279178
0.6290270800711744,1.5514318342046678,1.989493480631591
0.6300271231237518,1.5534192365300485,1.9851387001941987
0.6310271661763291,1.5554022798456368,1.980775849825289
0.6320272092289065,1.557380956121561,1.9764050103564923
0.6330272522814839,1.5593552574088443,1.9720262627371894
0.6340272953340613,1.5613251758395192,1.967639688030179
0.6350273383866387,1.5632907036267403,1.9632453674073485
0.6360273814392161,1.5652518330648895,1.9588433821453448
0.6370274244917935,1.5672085565296796,1.9544338136212482
0.6380274675443709,1.5691608664782528,1.9500167433082485
0.6390275105969483,1.571108755449274,1.9455922527713243
0.6400275536495257,1.5730522160630207,1.9411604236629256
0.641027596702103,1.5749912410214681,1.9367213377186603
0.6420276397546804,1.576925823108371,1.932275076752985
0.6430276828072577,1.5788559551893386,1.927821722654901
0.6440277258598351,1.5807816302119093,1.9233613573836545
0.6450277689124125,1.582702841205617,1.9188940629644429
0.6460278119649899,1.5846195812820558,1.9144199214841273
0.6470278550175673,1.586531843634939,1.909939015086951
0.6480278980701447,1.5884396215401546,1.9054514259702648
0.6490279411227221,1.5903429083558165,1.9009572363802596
0.6500279841752995,1.5922416975223106,1.8964565286077069
0.6510280272278769,1.5941359825623382,1.8919493849837066
0.6520280702804543,1.596025757080953,1.8874358878754443
0.6530281133330316,1.5979110147655964,1.882916119681956
0.654028156385609,1.5997917493861258,1.8783901628299033
0.6550281994381864,1.6016679547948414,1.873858099769358
0.6560282424907637,1.6035396249265066,1.8693200129695955
0.6570282855433411,1.6054067537983658,1.8647759849149004
0.6580283285959185,1.607269335510157,1.8602260981003818
0.6590283716484959,1.6091273642441204,1.8556704350277995
0.6600284147010733,1.610980834265003,1.8511090782014028
0.6610284577536507,1.6128297399200593,1.8465421101237802
0.6620285008062281,1.6146740756390474,1.841969613291722
0.6630285438588055,1.6165138359342208,1.8373916701920956
0.6640285869113829,1.6183490154003173,1.832808363297733
0.6650286299639602,1.620179608714542,1.8282197750633333
0.6660286730165376,1.6220056106365472,1.823625987921377
0.667028716069115,1.6238270160084092,1.819027084278056
0.6680287591216924,1.6256438197545984,1.8144231465092178
0.6690288021742697,1.627456016881948,1.8098142569563231
0.6700288452268471,1.6292636024796179,1.8052004979224214
0.6710288882794245,1.631066571719053,1.800581951668139
0.6720289313320019,1.6328649198539396,1.795958700407685
0.6730289743845793,1.634658642220157,1.7913308263048728
0.6740290174371567,1.636447734235725,1.7866984114691584
0.6750290604897341,1.638232191400748,1.7820615379516949
0.6760291035423115,1.6400120092973534,1.7774202877414047
0.6770291465948888,1.641787183589629,1.77277474276107
0.6780291896474662,1.6435577100235537,1.76812498486344
0.6790292327000436,1.6453235844269267,1.7634710958273556
0.680029275752621,1.6470848027092904,1.7588131573538954
0.6810293188051983,1.6488413608618515,1.7541512510625377
0.6820293618577757,1.6505932549573976,1.7494854584873427
0.6830294049103531,1.6523404811502092,1.7448158610731546
0.6840294479629305,1.654083035675969,1.7401425401718218
0.6850294910155079,1.6558209148516672,1.7354655770384395
0.6860295340680853,1.6575541150755022,1.73078505282761
0.6870295771206627,1.6592826328267793,1.7261010485897261
0.6880296201732401,1.6610064646658038,1.7214136452672726
0.6890296632258174,1.6627256072337713,1.7167229236911519
0.6900297062783948,1.6644400572526545,1.7120289645770281
0.6910297493309722,1.6661498115250866,1.7073318485216957
0.6920297923835496,1.6678548669342392,1.7026316559994676
0.693029835436127,1.6695552204436999,1.697928467358587
0.6940298784887043,1.6712508690973429,1.6932223628176613
0.6950299215412817,1.6729418100191982,1.6885134224621183
0.6960299645938591,1.6746280404133167,1.6838017262406866
0.6970300076464365,1.6763095575636318,1.6790873539618971
0.6980300506990139,1.677986358833817,1.6743703852906104
0.6990300937515913,1.6796584416671414,1.6696508997445663
0.7000301368041687,1.6813258035863194,1.6649289766909576
0.701030179856746,1.6829884421933603,1.6602046953430285
0.7020302229093234,1.6846463551694109,1.6554781347566965
0.7030302659619008,1.6862995402745973,1.6507493738271999
0.7040303090144782,1.6879479953478629,1.6460184912857696
0.7050303520670556,1.6895917183068023,1.641285565696326
0.706030395119633,1.6912307071474921,1.6365506754522015
0.7070304381722103,1.692864959944319,1.6318138987728872
0.7080304812247877,1.6944944748498045,1.627075313700807
0.7090305242773651,1.696119250094426,1.6223349980981165
0.7100305673299425,1.6977392839864347,1.6175930296435284
0.7110306103825199,1.699354574911671,1.6128494858291629
0.7120306534350973,1.7009651213333759,1.608104443957427
0.7130306964876747,1.7025709217920004,1.6033579811379175
0.714030739540252,1.7041719749050104,1.598610174284353
0.7150307825928294,1.7057682793666897,1.5938611001115315
0.7160308256454068,1.7073598339479399,1.5891108351323153
0.7170308686979842,1.7089466374960758,1.5843594556546443
0.7180309117505616,1.71052868893462,1.579607037778575
0.7190309548031389,1.7121059872630937,1.5748536573933476
0.7200309978557163,1.7136785315568033,1.5700993901744822
0.7210310409082937,1.7152463209666262,1.5653443115809003
0.7220310839608711,1.7168093547187928,1.5605884968520765
0.7230311270134485,1.7183676321146648,1.5558320210052174
0.7240311700660259,1.7199211525305123,1.5510749588324688
0.7250312131186033,1.721469915417287,1.546317384898151
0.7260312561711806,1.7230139203003934,1.5415593735360233
0.727031299223758,1.7245531667794558,1.5368009988465765
0.7280313422763354,1.7260876545280852,1.5320423346943544
0.7290313853289128,1.7276173832936408,1.5272834547053038
0.7300314283814902,1.7291423528969907,1.5225244322641545
0.7310314714340675,1.730662563232269,1.5177653405118265
0.7320315144866449,1.7321780142666312,1.5130062523428682
0.7330315575392223,1.733688706040006,1.5082472404029224
0.7340316005917997,1.7351946386648451,1.5034883770862224
0.7350316436443771,1.7366958123258716,1.4987297345331179
0.7360316866969545,1.7381922272798234,1.4939713846276286
0.7370317297495319,1.7396838838551965,1.4892133989950294
0.7380317728021092,1.741170782451985,1.4844558489994641
0.7390318158546866,1.7426529235414188,1.4796988057415894
0.740031858907264,1.7441303076656984,1.4749423400562471
0.7410319019598414,1.7456029354377285,1.4701865225101687
0.7420319450124188,1.7470708075408485,1.4654314233997072
0.7430319880649962,1.7485339247285614,1.4606771127486011
0.7440320311175735,1.7499922878242593,1.4559236603057664
0.7450320741701509,1.7514458977209482,1.45117113554312
0.7460321172227283,1.7528947553809693,1.4464196076534324
0.7470321602753057,1.7543388618357192,1.4416691455482107
0.7480322033278831,1.7557782181853676,1.4369198178556117
0.7490322463804605,1.7572128255985726,1.432171692918385
0.7500322894330378,1.7586426853121946,1.4274248387918467
0.7510323324856152,1.7600677986310076,1.4226793232418822
0.7520323755381926,1.7614881669274087,1.4179352137429806
0.75303241859077,1.7629037916411263,1.4131925774762981
0.7540324616433474,1.764314674278925,1.4084514813277522
0.7550325046959248,1.7657208164143101,1.403711991886146
0.7560325477485021,1.7671222196872287,1.3989741754413227
0.7570325908010795,1.7685188858037708,1.3942380979823499
0.7580326338536569,1.7699108165358672,1.3895038251957346
0.7590326769062343,1.771298013720986,1.3847714224636685
0.7600327199588117,1.772680479261827,1.3800409548623027
0.7610327630113891,1.7740582151260156,1.375312487160053
0.7620328060639664,1.775431223345794,1.3705860838159358
0.7630328491165438,1.7767995060177104,1.3658618089779329
0.7640328921691212,1.7781630653023077,1.3611397264813871
0.7650329352216986,1.7795219034238101,1.3564198998474288
0.766032978274276,1.7808760226698075,1.35170239228143
0.7670330213268534,1.7822254253909398,1.3469872666714906
0.7680330643794308,1.783570114000578,1.342274585586954
0.7690331074320081,1.7849100909745057,1.337564411276952
0.7700331504845855,1.786245358850597,1.3328568056689796
0.7710331935371629,1.7875759202284953,1.3281518303675002
0.7720332365897403,1.7889017777692886,1.32344954665258
0.7730332796423177,1.7902229341951852,1.318750015478552
0.7740333226948951,1.7915393922891867,1.3140532974727104
0.7750333657474724,1.7928511548947605,1.3093594529340322
0.7760334088000498,1.794158224915511,1.3046685418319317
0.7770334518526272,1.7954606053148494,1.299980623805041
0.7780334949052046,1.796758299115662,1.2952957581600226
0.779033537957782,1.7980513093999781,1.2906140038704086
0.7800335810103594,1.7993396393086356,1.285935419575471
0.7810336240629367,1.800623292040947,1.2812600635791207
0.7820336671155141,1.801902270854363,1.2765879938488343
0.7830337101680915,1.8031765790641354,1.2719192680146112
0.7840337532206689,1.8044462200429794,1.2672539433679586
0.7850337962732463,1.8057111972207347,1.2625920768609056
0.7860338393258237,1.8069715140840252,1.2579337251050453
0.787033882378401,1.8082271741759184,1.2532789443706065
0.7880339254309784,1.809478181095583,1.248627790585552
0.7890339684835558,1.8107245384979467,1.2439803193347077
0.7900340115361332,1.8119662500933527,1.2393365858589165
0.7910340545887106,1.813203319647215,1.2346966450542236
0.792034097641288,1.8144357509796731,1.2300605514710878
0.7930341406938654,1.8156635479652463,1.225428359313621
0.7940341837464427,1.816886714532487,1.2208001224388554
0.7950342267990201,1.818105254663633,1.2161758943560381
0.7960342698515975,1.8193191723942592,1.2115557282259541
0.7970343129041749,1.8205284718129295,1.2069396768602751
0.7980343559567523,1.8217331570608466,1.2023277927209368
0.7990343990093296,1.8229332323315024,1.1977201279195424
0.800034442061907,1.8241287018703274,1.1931167342167937
0.8010344851144844,1.825319569974339,1.188517663021948
0.8020345281670618,1.8265058409917903,1.1839229653923036
0.8030345712196392,1.8276875193218178,1.1793326920327092
0.8040346142722166,1.8288646094140886,1.1747468932951015
0.805034657324794,1.830037115768447,1.1701656191780687
0.8060347003773713,1.8312050429345612,1.16558891932644
0.8070347434299487,1.8323683955115697,1.1610168430309005
0.8080347864825261,1.8335271781477263,1.1564494392276328
0.8090348295351035,1.8346813955400458,1.1518867564979833
0.8100348725876809,1.8358310524339487,1.1473288430681554
0.8110349156402582,1.8369761536229063,1.1427757468089261
0.8120349586928356,1.8381167039480848,1.1382275152353891
0.813035001745413,1.8392527082979895,1.133684195506723
0.8140350447979904,1.840384171608109,1.1291458344259835
0.8150350878505678,1.841511098860559,1.1246124784399207
0.8160351309031452,1.842633495083725,1.1200841736388216
0.8170351739557226,1.8437513653519075,1.1155609657563756
0.8180352170083,1.8448647147849637,1.1110429001695654
0.8190352600608773,1.8459735485479514,1.1065300218985812
0.8200353031134547,1.8470778718507719,1.1020223756067593
0.8210353461660321,1.8481776899478137,1.0975200056005439
0.8220353892186095,1.849273008137595,1.0930229558294728
0.8230354322711868,1.850363831762407,1.0885312698861866
0.8240354753237642,1.8514501662079568,1.0840449910064605
0.8250355183763416,1.852532016903011,1.0795641620692586
0.826035561428919,1.8536093893190388,1.0750888255968134
0.8270356044814964,1.8546822889698547,1.070619023754725
0.8280356475340738,1.8557507214112623,1.0661547983520852
0.8290356905866512,1.856814692240698,1.0616961908416216
0.8300357336392286,1.857874207096875,1.0572432423198663
0.831035776691806,1.8589292716594263,1.052795993527344
0.8320358197443833,1.8599798916485495,1.048354484848784
0.8330358627969607,1.8610260728246504,1.0439187563133523
0.8340359058495381,1.8620678209879886,1.039488847594906
0.8350359489021155,1.8631051419783216,1.035064798012268
0.8360359919546928,1.8641380416745497,1.0306466465295236
0.8370360350072702,1.865166525994362,1.0262344317563372
0.8380360780598476,1.8661906008938816,1.0218281919482903
0.839036121112425,1.8672102723673123,1.0174279650072389
0.8400361641650024,1.8682255464465845,1.0130337884816922
0.8410362072175798,1.869236429201002,1.0086456995672115
0.8420362502701572,1.8702429267368896,1.0042637351068269
0.8430362933227346,1.8712450451972407,0.9998879315914767
0.844036336375312,1.8722427907613652,0.9955183251604641
0.8450363794278893,1.8732361696445385,0.9911549516019336
0.8460364224804667,1.8742251880976502,0.9867978463533671
0.8470364655330441,1.8752098524068535,0.9824470445020985
0.8480365085856214,1.8761901688932157,0.978102580785847
0.8490365516381988,1.877166143912369,0.9737644895932688
0.8500365946907762,1.8781377838541613,0.9694328049645273
0.8510366377433536,1.879105095142308,0.9651075605918817
0.852036680795931,1.8800680842340447,0.9607887898202928
0.8530367238485084,1.8810267576197797,0.9564765256480471
0.8540367669010858,1.8819811218227482,0.9521708007273983
0.8550368099536632,1.8829311833986664,0.9478716473652261
0.8560368530062406,1.883876948935386,0.9435790975237122
0.8570368960588179,1.8848184250525502,0.9392931828210328
0.8580369391113953,1.8857556184012503,0.935013934532069
0.8590369821639727,1.8866885356636824,0.9307413835891324
0.86003702521655,1.8876171835528053,0.9264755605827077
0.8610370682691274,1.8885415688119989,0.9222164957622119
0.8620371113217048,1.8894616982147234,0.9179642190367681
0.8630371543742822,1.89037757856418,0.9137187599759968
0.8640371974268596,1.8912892166929713,0.9094801478108215
0.865037240479437,1.8921966194627626,0.9052484114342901
0.8660372835320144,1.8930997937639455,0.9010235794024114
0.8670373265845918,1.8939987465153003,0.8968056799350068
0.8680373696371692,1.8948934846636607,0.8925947409165765
0.8690374126897465,1.8957840151835788,0.8883907898971805
0.8700374557423239,1.896670345076991,0.8841938540933334
0.8710374987949013,1.8975524813728852,0.8800039603889149
0.8720375418474786,1.8984304311269684,0.8758211353360924
0.873037584900056,1.899304201421335,0.8716454051562584
0.8740376279526334,1.9001737993641374,0.867476795740982
0.8750376710052108,1.901039232089256,0.8633153326529723
0.8760377140577882,1.9019005067559709,0.8591610411270568
0.8770377571103656,1.9027576305486347,0.8550139460711714
0.878037800162943,1.903610610676346,0.8508740720673641
0.8790378432155204,1.9044594543726237,0.8467414433728109
0.8800378862680978,1.9053041688950834,0.8426160839208442
0.8810379293206752,1.906144761525113,0.8384980173219939
0.8820379723732525,1.9069812395675514,0.8343872668650398
0.8830380154258299,1.9078136103503667,0.8302838555180767
0.8840380584784072,1.9086418812243362,0.8261878059295903
0.8850381015309846,1.909466059562727,0.8220991404295453
0.886038144583562,1.9102861527609791,0.8180178810304851
0.8870381876361394,1.911102168236387,0.8139440494286411
0.8880382306887168,1.9119141134277846,0.8098776670050545
0.8890382737412942,1.9127219957952313,0.8058187548267084
0.8900383167938716,1.9135258228196974,0.8017673336476699
0.891038359846449,1.9143256020027521,0.7977234239102435
0.8920384028990264,1.9151213408662526,0.7936870457461336
0.8930384459516038,1.9159130469520338,0.7896582189776179
0.8940384890041811,1.9167007278215995,0.7856369631187303
0.8950385320567585,1.9174843910558148,0.7816232973764534
0.8960385751093358,1.9182640442545993,0.7776172406519203
0.8970386181619132,1.9190396950366224,0.773618811541626
0.8980386612144906,1.919811351038999,0.769628028338648
0.899038704267068,1.9205790199169863,0.7656449090338747
0.9000387473196454,1.921342709343683,0.7616694713172445
0.9010387903722228,1.9221024270097284,0.7577017325789911
0.9020388334248002,1.9228581806230034,0.7537417099108994
0.9030388764773776,1.9236099779083327,0.749789420107568
0.904038919529955,1.9243578266071881,0.7458448796676804
0.9050389625825324,1.925101734477394,0.7419081047952842
0.9060390056351098,1.925841709292832,0.7379791114010774
0.9070390486876871,1.9265777588431492,0.7340579151037026
0.9080390917402645,1.9273098909334667,0.7301445312310483
0.9090391347928418,1.9280381133840891,0.7262389748215579
0.9100391778454192,1.928762434030216,0.7223412606255448
0.9110392208979966,1.9294828607216545,0.7184514031065153
0.912039263950574,1.9301994013225328,0.7145694164424972
0.9130393070031514,1.9309120637110155,0.7106953145273751
0.9140393500557288,1.9316208557790207,0.7068291109722331
0.9150393931083062,1.9323257854319364,0.702970819106702
0.9160394361608836,1.9330268605883416,0.6991204519803136
0.917039479213461,1.9337240891797254,0.6952780223638602
0.9180395222660384,1.9344174791502093,0.6914435427507604
0.9190395653186157,1.935107038456271,0.6876170253584298
0.9200396083711931,1.9357927750664685,0.6837984821296574
0.9210396514237704,1.9364746969611664,0.679987924733987
0.9220396944763478,1.9371528121322632,0.6761853645691034
0.9230397375289252,1.9378271285829205,0.6723908127622243
0.9240397805815026,1.9384976543272927,0.6686042801714961
0.92503982363408,1.9391643973902588,0.664825777387394
0.9260398666866574,1.9398273658071559,0.6610553147341279
0.9270399097392348,1.9404865676235126,0.657292902271051
0.9280399527918122,1.9411420108947857,0.6535385497940731
0.9290399958443896,1.9417937036860973,0.6497922668370786
0.930040038896967,1.9424416540719733,0.6460540626733466
0.9310400819495444,1.9430858701360838,0.6423239463169768
0.9320401250021217,1.9437263599709838,0.6386019265243164
0.933040168054699,1.9443631316778571,0.6348880117953929
0.9340402111072764,1.9449961933662605,0.6311822103753483
0.9350402541598538,1.9456255531538693,0.627484530255877
0.9360402972124312,1.9462512191662245,0.6237949791766669
0.9370403402650086,1.9468731995364819,0.6201135646268429
0.938040383317586,1.947491502405162,0.6164402938464129
0.9390404263701634,1.948106135919902,0.612775173827717
0.9400404694227408,1.9487171082352077,0.6091182113168784
0.9410405124753182,1.9493244275122097,0.6054694128152568
0.9420405555278956,1.949928101918418,0.601828784580904
0.943040598580473,1.95052813962748,0.5981963326300214
0.9440406416330503,1.951124548818939,0.5945720627384187
0.9450406846856276,1.9517173376779953,0.5909559804429759
0.946040727738205,1.9523065143952667,0.5873480910431054
0.9470407707907824,1.9528920871665532,0.5837483996022156
0.9480408138433598,1.9534740641926005,0.5801569109491771
0.9490408568959372,1.954052453678867,0.5765736296797888
0.9500408999485146,1.9546272638352913,0.5729985601582452
0.951040943001092,1.955198502876061,0.5694317065186059
0.9520409860536694,1.9557661790193834,0.565873072666264
0.9530410291062468,1.9563303004872579,0.5623226622794169
0.9540410721588242,1.9568908755052488,0.5587804788105365
0.9550411152114016,1.9574479123022612,0.5552465254878408
0.956041158263979,1.958001419110317,0.5517208053167652
0.9570412013165562,1.9585514041643326,0.5482033210814338
0.9580412443691336,1.9590978757018989,0.5446940753461321
0.959041287421711,1.9596408419630618,0.5411930704567783
0.9600413304742884,1.9601803111901046,0.5377003085423951
0.9610413735268658,1.9607162916273317,0.5342157915165812
0.9620414165794432,1.9612487915208545,0.5307395210789825
0.9630414596320206,1.9617778191183775,0.5272714987167629
0.964041502684598,1.9623033826689866,0.5238117257060746
0.9650415457371754,1.9628254904229394,0.5203602031135274
0.9660415887897528,1.9633441506314557,0.5169169317976575
0.9670416318423302,1.9638593715465107,0.5134819124103958
0.9680416748949076,1.9643711614206285,0.5100551453985341
0.969041717947485,1.9648795285066785,0.5066366310051919
0.9700417610000622,1.9653844810576715,0.5032263692712802
0.9710418040526396,1.9658860273265593,0.4998243600369657
0.972041847105217,1.9663841755660334,0.49643060294313235
0.9730418901577944,1.9668789340283277,0.4930450974328423
0.9740419332103718,1.9673703109650207,0.48966784275279474
0.9750419762629492,1.9678583146268398,0.48629883795478335
0.9760420193155266,1.9683429532634675,0.48293808189715204
0.977042062368104,1.9688242351233485,0.4795855732462487
0.9780421054206814,1.969302168453498,0.476241310477877
0.9790421484732588,1.9697767614993127,0.47290529187874647
0.9800421915258362,1.970248022504382,0.46957751554792015
0.9810422345784136,1.9707159597103006,0.46625797939826014
0.9820422776309908,1.971180581356484,0.46294668115787085
0.9830423206835682,1.9716418956799835,0.4596436183715401
0.9840423637361456,1.9720999109153043,0.4563487884021774
0.985042406788723,1.972554635294224,0.45306218843225005
0.9860424498413004,1.973006077045613,0.4497838154652163
0.9870424928938778,1.9734542443952559,0.4465136663269562
0.9880425359464552,1.9738991455656747,0.44325173766719944
0.9890425789990326,1.974340788775954,0.4399980259609501
0.99004262205161,1.9747791822415663,0.43675252750990917
0.9910426651041874,1.9752143341741992,0.43351523844389334
0.9920427081567648,1.9756462527815852,0.4302861547222511
0.9930427512093422,1.9760749462673308,0.42706527213527573
0.9940427942619194,1.976500422830749,0.42385258630561473
0.9950428373144968,1.976922690666692,0.4206480926896764
0.9960428803670742,1.9773417579653851,0.41745178657903265
0.9970429234196516,1.9777576329122644,0.4142636631018187
0.998042966472229,1.9781703236878114,0.4110837172241292
0.9990430095248064,1.9785798384673938,0.4079119437514103
1.0000430525773838,1.9789861854211046,0.40474833732984933
1.0010430956299612,1.9793893727136038,0.4015928924477591
1.0020431386825386,1.979789408503961,0.3984456034369599
1.003043181735116,1.9801863009454994,0.39530646447415685
1.0040432247876934,1.9805800581856423,0.3921754695823137
1.0050432678402708,1.9809706883657592,0.3890526126320225
1.0060433108928482,1.981358199621014,0.38593788734286955
1.0070433539454255,1.981742600080215,0.3828312872847969
1.008043396998003,1.9821238978656663,0.37973280587946
1.0090434400505803,1.9825021010930197,0.3766424364015813
1.0100434831031577,1.9828772178711283,0.3735601719802991
1.0110435261557351,1.9832492563019017,0.3704860056005128
1.0120435692083123,1.983618224480163,0.36741993010422325
1.0130436122608897,1.9839841304935057,0.364361938191869
1.014043655313467,1.9843469824221533,0.36131202242365806
1.0150436983660445,1.9847067883388199,0.35827017522089516
1.0160437414186219,1.985063556308571,0.3552363888673044
1.0170437844711993,1.985417294388688,0.3522106555103476
1.0180438275237766,1.9857680106285314,0.3491929671625374
1.019043870576354,1.986115713069407,0.3461833157027466
1.0200439136289314,1.986460409744433,0.3431816928775119
1.0210439566815088,1.986802108678408,0.34018809030233327
1.0220439997340862,1.9871408178876808,0.3372024994629687
1.0230440427866636,1.9874765453800214,0.3342249117167237
1.024044085839241,1.9878092991544927,0.33125531829373595
1.0250441288918184,1.9881390872013245,0.3282937102982555
1.0260441719443958,1.988465917501788,0.3253400787099194
1.0270442149969732,1.9887897980280722,0.3223944143850215
1.0280442580495506,1.9891107367431604,0.31945670805777754
1.029044301102128,1.9894287416007095,0.3165269503415846
1.0300443441547054,1.9897438205449292,0.31360513173027593
1.0310443872072828,1.9900559815104637,0.3106912425993701
1.0320444302598601,1.9903652324222734,0.3077852732073155
1.0330444733124375,1.990671581195519,0.3048872136967295
1.034044516365015,1.9909750357354454,0.3019970540956317
1.0350445594175923,1.9912756039372692,0.299114784318673
1.0360446024701697,1.9915732936860642,0.29624039416835835
1.0370446455227469,1.991868112856651,0.2933738733362648
1.0380446885753243,1.9921600693134869,0.29051521140425385
1.0390447316279017,1.9924491709105552,0.28766439784567843
1.040044774680479,1.9927354254912593,0.2848214220265846
1.0410448177330565,1.9930188408883143,0.28198627320690767
1.0420448607856339,1.9932994249236429,0.27915894054166274
1.0430449038382112,1.9935771854082698,0.27633941308213
1.0440449468907886,1.9938521301422194,0.27352767977703424
1.045044989943366,1.9941242669144137,0.2707237294737189
1.0460450329959434,1.994393603502571,0.26792755091931464
1.0470450760485208,1.994660147673107,0.26513913276190193
1.0480451191010982,1.9949239071810356,0.26235846355166864
1.0490451621536756,1.995184889769872,0.2595855317420614
1.050045205206253,1.9954431031715367,0.2568203256909316
1.0510452482588304,1.99569855510626,0.25406283366167565
1.0520452913114078,1.9959512532824886,0.2513130438243695
1.0530453343639852,1.996201205396792,0.24857094425689746
1.0540453774165626,1.996448419133772,0.2458365229460754
1.05504542046914,1.9966929021659714,0.24310976778876783
1.0560454635217174,1.996934662153785,0.24039066659299982
1.0570455065742947,1.9971737067453708,0.23767920707906248
1.0580455496268721,1.9974100435765636,0.23497537688061318
1.0590455926794495,1.997643680270788,0.2322791635457696
1.060045635732027,1.9978746244389742,0.22959055453819815
1.061045678784604,1.9981028836794736,0.22690953723819654
1.0620457218371815,1.9983284655779763,0.2242360989437704
1.0630457648897589,1.9985513777074289,0.2215702268717041
1.0640458079423363,1.9987716276279541,0.21891190815862588
1.0650458509949137,1.9989892228867712,0.21626112986206672
1.066045894047491,1.9992041710181172,0.21361787896151369
1.0670459371000685,1.9994164795431697,0.21098214235945723
1.0680459801526458,1.9996261559699697,0.20835390688243258
1.0690460232052232,1.9998332077933472,0.20573315928205527
1.0700460662578006,2.0000376424948456,0.2031198862360508
1.071046109310378,2.0002394675426496,0.20051407434927818
1.0720461523629554,2.0004386903915115,0.19791571015474782
1.0730461954155328,2.000635318482681,0.1953247801146333
1.0740462384681102,2.000829359243834,0.1927412706212773
1.0750462815206876,2.0010208200890043,0.1901651679981915
1.076046324573265,2.001209708418514,0.18759645850105067
1.0770463676258424,2.001396031618907,0.18503512831868074
1.0780464106784198,2.001579797062882,0.18248116357404093
1.0790464537309972,2.0017610121092284,0.17993455032519995
1.0800464967835746,2.001939684102761,0.17739527456630622
1.081046539836152,2.002115820374255,0.17486332222855222
1.0820465828887293,2.002289428240387,0.17233867918113288
1.0830466259413067,2.0024605150036705,0.16982133123219786
1.0840466689938841,2.002629087952397,0.1673112641297982
1.0850467120464613,2.0027951543605758,0.16480846356282666
1.0860467550990387,2.0029587214878743,0.16231291516195254
1.087046798151616,2.0031197965795626,0.1598246045005501
1.0880468412041935,2.0032783868664543,0.15734351709562147
1.0890468842567709,2.003434499564852,0.1548696384087133
1.0900469273093483,2.0035881418764916,0.15240295384682767
1.0910469703619257,2.0037393209884886,0.14994344876332713
1.092047013414503,2.003888044073285,0.14749110845883356
1.0930470564670804,2.0040343182885967,0.14504591818212145
1.0940470995196578,2.004178150777362,0.14260786313100496
1.0950471425722352,2.0043195486676915,0.1401769284532193
1.0960471856248126,2.0044585190728177,0.1377530992472962
1.09704722867739,2.0045950690910477,0.13533636056343332
1.0980472717299674,2.004729205805713,0.13292669740435803
1.0990473147825448,2.0048609362851257,0.1305240947261851
1.1000473578351222,2.0049902675825284,0.12812853743926866
1.1010474008876996,2.005117206736052,0.12574001040904828
1.102047443940277,2.00524176076867,0.12335849845688918
1.1030474869928544,2.0053639366881546,0.12098398636091659
1.1040475300454318,2.005483741487035,0.11861645885684435
1.1050475730980092,2.005601182142553,0.11625590063879768
1.1060476161505866,2.0057162656166247,0.11390229636013005
1.107047659203164,2.005828998855799,0.11155563063423439
1.1080477022557413,2.005939388791217,0.10921588803534844
1.1090477453083187,2.006047442338575,0.10688305309935435
1.110047788360896,2.006153166398084,0.10455711032457249
1.1110478314134733,2.006256567854437,0.10223804417254959
1.1120478744660507,2.006357653576767,0.09992583906884102
1.113047917518628,2.006456430418616,0.09762047940378753
1.1140479605712055,2.0065529052178976,0.09532194953328604
1.1150480036237829,2.0066470847968643,0.09303023377955501
1.1160480466763603,2.006738975962073,0.09074531643189386
1.1170480897289377,2.006828585504353,0.08846718174743695
1.118048132781515,2.006915920198775,0.08619581395190173
1.1190481758340924,2.0070009868046195,0.08393119724033136
1.1200482188866698,2.0070837920653446,0.0816733157778317
1.1210482619392472,2.00716434270856,0.07942215370030259
1.1220483049918246,2.007242645445996,0.0771776951151637
1.123048348044402,2.0073187069734746,0.07493992410207466
1.1240483910969794,2.0073925339708847,0.07270882471364967
1.1250484341495568,2.0074641331021525,0.07048438097616663
1.1260484772021342,2.007533511015218,0.06826657689027063
1.1270485202547116,2.0076006743420085,0.06605539643167202
1.128048563307289,2.0076656296984132,0.06385082355183892
1.1290486063598664,2.007728383684261,0.06165284217868434
1.1300486494124438,2.0077889428832965,0.059461436217247685
1.1310486924650212,2.0078473138631576,0.057276589550370995
1.1320487355175985,2.007903503175353,0.05509828603936963
1.133048778570176,2.0079575173552424,0.0529265095246976
1.1340488216227531,2.0080093629220137,0.05076124382660751
1.1350488646753305,2.008059046378666,0.04860247274580509
1.136048907727908,2.0081065742119883,0.046450180064098456
1.1370489507804853,2.0081519528925416,0.04430434954504192
1.1380489938330627,2.0081951888746405,0.042164964934574604
1.13904903688564,2.0082362885963367,0.04003200996165368
1.1400490799382175,2.0082752584794017,0.03790546833888236
1.1410491229907949,2.0083121049293116,0.03578532376313263
1.1420491660433723,2.00834683433523,0.03367155991616274
1.1430492090959496,2.0083794530699954,0.031564160465229495
1.144049252148527,2.0084099674901053,0.02946310906369532
1.1450492952011044,2.0084383839357027,0.02736838935163018
1.1460493382536818,2.0084647087305645,0.025279984956408312
1.1470493813062592,2.0084889481820873,0.023197879493299843
1.1480494243588366,2.0085111085812772,0.021122056566057295
1.149049467411414,2.0085311962027372,0.019052499767496976
1.1500495104639914,2.0085492173046577,0.016989192680075312
1.1510495535165688,2.0085651781288054,0.014932118876460124
1.1520495965691462,2.0085790849005147,0.012881261920096877
1.1530496396217236,2.008590943828678,0.010836605365769907
1.154049682674301,2.008600761105739,0.008798132760158676
1.1550497257268784,2.008608542907681,0.006765827642389045
1.1560497687794558,2.008614295394025,0.004739673544579614
1.1570498118320331,2.0086180247078174,0.0027196539923831334
1.1580498548846105,2.008619736975629,0.0007057525055230111
1.1590498979371877,2.008619438307545,-0.0013020474016750532
1.160049940989765,2.008617134797163,-0.0033037622197562974
1.1610499840423425,2.008612832521586,-0.005299408443614956
1.16205002709492,2.008606537541421,-0.007289002571977137
1.1630500701474973,2.0085982559007727,-0.009272561106888483
1.1640501132000747,2.0085879936272413,-0.011250100553206606
1.165050156252652,2.008575756731921,-0.013221637418098266
1.1660501993052295,2.0085615512093975,-0.015187188210541266
1.1670502423578069,2.008545383037745,-0.01714676944083106
1.1680502854103842,2.0085272581785265,-0.019100397620092018
1.1690503284629616,2.008507182576794,-0.021048089259793373
1.170050371515539,2.0084851621610857,-0.022989860871269772
1.1710504145681164,2.0084612028434297,-0.024925728965246453
1.1720504576206938,2.0084353105193418,-0.026855710051368994
1.1730505006732712,2.008407491067829,-0.028779820637737638
1.1740505437258486,2.0083777503513907,-0.030698077230446142
1.175050586778426,2.0083460942160194,-0.03261049633312516
1.1760506298310034,2.008312528491206,-0.0345170944464901
1.1770506728835808,2.0082770589899406,-0.03641788806789345
1.1780507159361582,2.008239691508718,-0.038312893690881575
1.1790507589887356,2.0082004318275404,-0.040202127804755905
1.180050802041313,2.008159285709922,-0.042085606894138546
1.1810508450938904,2.008116258902895,-0.04396334743854223
1.1820508881464677,2.008071357137013,-0.045835365911944675
1.183050931199045,2.0080245861263593,-0.047701678782367224
1.1840509742516223,2.0079759515685502,-0.04956230251145779
1.1850510173041997,2.0079254591447437,-0.05141725355407811
1.186051060356777,2.007873114519646,-0.053266548357895266
1.1870511034093545,2.0078189233415173,-0.05511020336297736
1.1880511464619319,2.007762891242183,-0.0569482350013935
1.1890511895145093,2.007705023837039,-0.05878065969681792
1.1900512325670867,2.007645326725061,-0.060607493864138245
1.191051275619664,2.0075838054888138,-0.06242875390906795
1.1920513186722415,2.0075204656944603,-0.06424445622776287
1.1930513617248188,2.007455312891772,-0.06605461720644187
1.1940514047773962,2.007388352614138,-0.06785925322101152
1.1950514478299736,2.007319590378577,-0.06965838063669486
1.196051490882551,2.007249031685746,-0.07145201580766414
1.1970515339351284,2.0071766820199537,-0.07324017507667761
1.1980515769877058,2.007102546849171,-0.07502287477472024
1.1990516200402832,2.007026631625043,-0.0768001312206484
1.2000516630928606,2.006948941782902,-0.07857196072083847
1.201051706145438,2.0068694827417786,-0.08033837956883937
1.2020517491980154,2.006788259904417,-0.08209940404502891
1.2030517922505928,2.0067052786572854,-0.08385505041627409
1.2040518353031702,2.006620544370593,-0.08560533493559509
1.2050518783557476,2.006534062398301,-0.08735027384183323
1.206051921408325,2.0064458380781396,-0.0890898833593226
1.2070519644609021,2.0063558767316203,-0.09082417969756545
1.2080520075134795,2.0062641836640522,-0.09255317905091141
1.209052050566057,2.006170764164557,-0.09427689759824032
1.2100520936186343,2.006075623506085,-0.09599535150264879
1.2110521366712117,2.005978766945431,-0.09770855691114044
1.212052179723789,2.0058801997232494,-0.09941652995431978
1.2130522227763665,2.005779927064072,-0.10111928674608964
1.2140522658289439,2.005677954176325,-0.10281684338335231
1.2150523088815213,2.0055742862523447,-0.10450921594571419
1.2160523519340987,2.0054689284683964,-0.10619642049519393
1.217052394986676,2.0053618859846916,-0.10787847307593422
1.2180524380392534,2.0052531639454063,-0.10955538971391701
1.2190524810918308,2.0051427674786986,-0.11122718641668221
1.2200525241444082,2.0050307016967275,-0.11289387917304981
1.2210525671969856,2.0049169716956725,-0.11455548395284557
1.222052610249563,2.004801582555752,-0.11621201670662991
1.2230526533021404,2.004684539341243,-0.11786349336543041
1.2240526963547178,2.0045658471005003,-0.11950992984047751
1.2250527394072952,2.004445510865977,-0.12115134202294361
1.2260527824598726,2.004323535654245,-0.1227877457836855
1.22705282551245,2.0041999264660135,-0.12441915697299004
1.2280528685650274,2.004074688286153,-0.12604559142032318
1.2290529116176048,2.003947826083713,-0.12766706493408217
1.2300529546701822,2.0038193448119452,-0.129283593301351
1.2310529977227596,2.003689249408324,-0.13089519228765914
1.2320530407753367,2.0035575447945684,-0.13250187763674326
1.2330530838279141,2.0034242358766643,-0.13410366507031238
1.2340531268804915,2.003289327544886,-0.13570057028781585
1.235053169933069,2.003152824673819,-0.13729260896621476
1.2360532129856463,2.003014732122383,-0.1388797967597562
1.2370532560382237,2.0028750547338534,-0.1404621492997507
1.238053299090801,2.002733797335886,-0.14203968219435267
1.2390533421433785,2.002590964740538,-0.14361241102834396
1.2400533851959559,2.002446561744295,-0.1451803513629203
1.2410534282485333,2.002300593128091,-0.14674351873548078
1.2420534713011107,2.002153063657335,-0.14830192865942032
1.243053514353688,2.0020039780819325,-0.14985559662392506
1.2440535574062654,2.001853341136313,-0.1514045380937706
1.2450536004588428,2.0017011575394523,-0.15294876850912323
1.2460536435114202,2.0015474319948976,-0.15448830328534396
1.2470536865639976,2.001392169190792,-0.1560231578127955
1.248053729616575,2.0012353737999016,-0.15755334745665192
1.2490537726691524,2.001077050479638,-0.15907888755671132
1.2500538157217298,2.0009172038720853,-0.16059979342721104
1.2510538587743072,2.0007558386040265,-0.16211608035664588
1.2520539018268846,2.0005929592869673,-0.16362776360758888
1.253053944879462,2.0004285705171636,-0.16513485841651496
1.2540539879320394,2.0002626768756477,-0.16663737999362718
1.2550540309846168,2.0000952829282537,-0.1681353435226857
1.256054074037194,1.9999263932256446,-0.1696287641608394
1.2570541170897713,1.9997560123033393,-0.17111765703846024
1.2580541601423487,1.9995841446817388,-0.17260203725898
1.2590542031949261,1.999410794866154,-0.17408191989872987
1.2600542462475035,1.9992359673468318,-0.17555732000678256
1.261054289300081,1.999059666598984,-0.17702825260479685
1.2620543323526583,1.9988818970828128,-0.17849473268686478
1.2630543754052357,1.9987026632435403,-0.17995677521936135
1.264054418457813,1.998521969511435,-0.1814143951407967
1.2650544615103905,1.9983398203018405,-0.18286760736167085
1.2660545045629679,1.9981562200152034,-0.18431642676433066
1.2670545476155453,1.9979711730371013,-0.18576086820282958
1.2680545906681226,1.9977846837382713,-0.18720094650278948
1.2690546337207,1.9975967564746386,-0.18863667646126517
1.2700546767732774,1.9974073955873448,-0.190068072846611
1.2710547198258548,1.9972166054027773,-0.1914951503983502
1.2720547628784322,1.9970243902325977,-0.1929179238270461
1.2730548059310096,1.9968307543737707,-0.1943364078141761
1.274054848983587,1.9966357021085936,-0.19575061701200772
1.2750548920361644,1.9964392377047258,-0.19716056604347687
1.2760549350887418,1.9962413654152171,-0.19856626950206863
1.2770549781413192,1.996042089478539,-0.1999677419517
1.2780550211938966,1.995841414118612,-0.2013649979266051
1.279055064246474,1.995639343544838,-0.20275805193122243
1.2800551072990514,1.9954358819521278,-0.2041469184400844
1.2810551503516285,1.9952310335209325,-0.20553161189770897
1.282055193404206,1.9950248024172728,-0.20691214671849353
1.2830552364567833,1.9948171927927698,-0.2082885372866108
1.2840552795093607,1.9946082087846748,-0.2096607979559069
1.285055322561938,1.9943978545158998,-0.21102894304980155
1.2860553656145155,1.9941861340950482,-0.21239298686119035
1.287055408667093,1.993973051616445,-0.21375294365234898
1.2880554517196703,1.9937586111601675,-0.21510882765483963
1.2890554947722477,1.9935428167920768,-0.21646065306941936
1.290055537824825,1.9933256725638477,-0.21780843406595046
1.2910555808774025,1.993107182513,-0.21915218478331283
1.2920556239299799,1.9928873506629294,-0.22049191932931833
1.2930556669825573,1.9926661810229391,-0.22182765178062708
1.2940557100351346,1.9924436775882706,-0.22315939618266561
1.295055753087712,1.9922198443401347,-0.22448716654954715
1.2960557961402894,1.9919946852457433,-0.2258109768639935
1.2970558391928668,1.991768204258341,-0.22713084107725923
1.2980558822454442,1.9915404053172359,-0.22844677310905714
1.2990559252980216,1.9913112923478318,-0.22975878684748624
1.300055968350599,1.9910808692616597,-0.231066896148961
1.3010560114031764,1.9908491399564092,-0.23237111483814282
1.3020560544557538,1.990616108315961,-0.23367145670787304
1.3030560975083312,1.9903817782104178,-0.23496793551910786
1.3040561405609086,1.990146153496137,-0.23626056500085496
1.3050561836134857,1.9899092380157626,-0.23754935885011202
1.3060562266660631,1.9896710355982563,-0.23883433073180674
1.3070562697186405,1.9894315500589312,-0.24011549427873874
1.308056312771218,1.9891907851994826,-0.24139286309152316
1.3090563558237953,1.9889487448080208,-0.24266645073853593
1.3100563988763727,1.9887054326591034,-0.24393627075586058
1.31105644192895,1.9884608525137675,-0.24520233664723692
1.3120564849815275,1.988215008119562,-0.24646466188401125
1.3130565280341049,1.98796790321058,-0.24772325990508814
1.3140565710866823,1.9877195415074915,-0.24897814411688393
1.3150566141392597,1.9874699267175757,-0.2502293278932818
1.316056657191837,1.9872190625347539,-0.25147682457558823
1.3170567002444145,1.9869669526396212,-0.25272064747249146
1.3180567432969919,1.9867136006994803,-0.2539608098600209
1.3190567863495692,1.9864590103683737,-0.25519732498150866
1.3200568294021466,1.9862031852871158,-0.2564302060475522
1.321056872454724,1.9859461290833267,-0.25765946623597846
1.3220569155073014,1.9856878453714644,-0.25888511869181
1.3230569585598788,1.9854283377528579,-0.26010717652723203
1.3240570016124562,1.9851676098157394,-0.2613256528215609
1.3250570446650336,1.984905665135278,-0.26254056062121456
1.326057087717611,1.9846425072736125,-0.263751912939684
1.3270571307701884,1.9843781397798834,-0.26495972275750623
1.3280571738227658,1.9841125661902674,-0.2661640030222387
1.329057216875343,1.9838457900280093,-0.26736476664843506
1.3300572599279203,1.983577814803455,-0.2685620265176223
1.3310573029804977,1.9833086440140852,-0.2697557954782791
1.3320573460330751,1.983038281144548,-0.270946086345816
1.3330573890856525,1.9827667296666918,-0.2721329119025564
1.33405743213823,1.9824939930395993,-0.27331628489771886
1.3350574751908073,1.9822200747096195,-0.2744962180474013
1.3360575182433847,1.9819449781104015,-0.2756727240345658
1.337057561295962,1.9816687066629273,-0.2768458155090249
1.3380576043485395,1.9813912637755453,-0.27801550508742956
1.3390576474011169,1.9811126528440033,-0.27918180535325776
1.3400576904536943,1.9808328772514816,-0.2803447288568047
1.3410577335062717,1.9805519403686263,-0.28150428811517425
1.342057776558849,1.9802698455535823,-0.2826604956122712
1.3430578196114265,1.979986596152027,-0.2838133637987953
1.3440578626640038,1.979702195497203,-0.2849629050922361
1.3450579057165812,1.979416646909951,-0.286109131876869
1.3460579487691586,1.9791299536987443,-0.2872520565037526
1.347057991821736,1.978842119159721,-0.288391691290727
1.3480580348743134,1.9785531465767168,-0.28952804852241354
1.3490580779268908,1.9782630392212996,-0.29066114045021524
1.3500581209794682,1.977971800352802,-0.29179097929231873
1.3510581640320456,1.9776794332183538,-0.29291757723369716
1.352058207084623,1.9773859410529167,-0.294040946426114
1.3530582501372004,1.9770913270793162,-0.29516109898812826
1.3540582931897776,1.9767955945082756,-0.2962780470051004
1.355058336242355,1.9764987465384487,-0.2973918025291997
1.3560583792949323,1.9762007863564532,-0.29850237757941234
1.3570584223475097,1.9759017171369042,-0.29960978414155054
1.3580584654000871,1.9756015420424466,-0.300714034168263
1.3590585084526645,1.9753002642237891,-0.3018151395790459
1.360058551505242,1.9749978868197369,-0.30291311226025525
1.3610585945578193,1.9746944129572246,-0.3040079640651202
1.3620586376103967,1.97438984575135,-0.3050997068137571
1.363058680662974,1.9740841883054068,-0.3061883522931846
1.3640587237155515,1.9737774437109172,-0.3072739122573398
1.3650587667681289,1.9734696150476663,-0.3083563984270954
1.3660588098207063,1.9731607053837334,-0.30943582249027735
1.3670588528732837,1.972850717775527,-0.31051219610168396
1.368058895925861,1.972539655267816,-0.3115855308831057
1.3690589389784384,1.9722275208937639,-0.31265583842334566
1.3700589820310158,1.9719143176749612,-0.3137231302782412
1.3710590250835932,1.9716000486214589,-0.3147874179706865
1.3720590681361706,1.9712847167318006,-0.3158487129906556
1.373059111188748,1.970968324993056,-0.31690702679522664
1.3740591542413254,1.9706508763808541,-0.31796237080860695
1.3750591972939028,1.9703323738594152,-0.3190147564221587
1.3760592403464802,1.9700128203815839,-0.3200641949944256
1.3770592833990576,1.9696922188888628,-0.32111069785116036
1.3780593264516348,1.9693705723114443,-0.3221542762853528
1.3790593695042122,1.9690478835682437,-0.32319494155725903
1.3800594125567895,1.9687241555669321,-0.3242327048944312
1.381059455609367,1.9683993912039688,-0.32526757749174806
1.3820594986619443,1.9680735933646338,-0.3262995705114465
1.3830595417145217,1.967746764923061,-0.32732869508315326
1.3840595847670991,1.9674189087422707,-0.3283549623039182
1.3850596278196765,1.9670900276742012,-0.32937838323824753
1.386059670872254,1.9667601245597426,-0.33039896891813836
1.3870597139248313,1.9664292022287688,-0.3314167303431136
1.3880597569774087,1.9660972635001701,-0.3324316784802577
1.389059800029986,1.9657643111818848,-0.333443824264253
1.3900598430825635,1.9654303480709328,-0.3344531785974171
1.3910598861351409,1.9650953769534472,-0.3354597523497402
1.3920599291877183,1.9647594006047067,-0.336463556358924
1.3930599722402957,1.964422421789168,-0.3374646014304205
1.394060015292873,1.964084443260498,-0.338462898337472
1.3950600583454504,1.9637454677616062,-0.3394584578211513
1.3960601013980278,1.9634054980246762,-0.3404512905904029
1.3970601444506052,1.9630645367711987,-0.3414414073220846
1.3980601875031826,1.9627225867120028,-0.3424288186610099
1.39906023055576,1.9623796505472886,-0.3434135352199906
1.4000602736083374,1.9620357309666585,-0.3443955675798807
1.4010603166609148,1.9616908306491498,-0.3453749262896203
1.402060359713492,1.9613449522632667,-0.3463516218662802
1.4030604027660694,1.960998098467011,-0.3473256647951073
1.4040604458186468,1.9606502719079153,-0.3482970655295703
1.4050604888712241,1.960301475223074,-0.3492658344914062
1.4060605319238015,1.9599517110391753,-0.3502319820706672
1.407060574976379,1.9596009819725322,-0.3511955186257681
1.4080606180289563,1.9592492906291152,-0.35215645448353444
1.4090606610815337,1.9588966396045833,-0.353114799939251
1.410060704134111,1.958543031484315,-0.35407056525671077
1.4110607471866885,1.958188468843441,-0.35502376066826474
1.412060790239266,1.9578329542468742,-0.35597439637487177
1.4130608332918433,1.9574764902493422,-0.35692248254614933
1.4140608763444207,1.957119079395418,-0.3578680293204245
1.415060919396998,1.956760724219552,-0.35881104680478554
1.4160609624495755,1.9564014272461017,-0.359751545075134
1.4170610055021529,1.9560411909893647,-0.3606895341762372
1.4180610485547303,1.9556800179536085,-0.3616250241217811
1.4190610916073076,1.9553179106331022,-0.36255802489442385
1.420061134659885,1.9549548715121472,-0.3634885464458496
1.4210611777124624,1.9545909030651083,-0.36441659869682286
1.4220612207650398,1.9542260077564444,-0.36534219153724323
1.4230612638176172,1.9538601880407398,-0.36626533482620055
1.4240613068701946,1.9534934463627345,-0.36718603839203057
1.425061349922772,1.953125785157355,-0.36810431203237093
1.4260613929753494,1.952757206849745,-0.3690201655142175
1.4270614360279266,1.9523877138552963,-0.3699336085739814
1.428061479080504,1.9520173085796793,-0.370844650917546
1.4290615221330814,1.9516459934188728,-0.3717533022203246
1.4300615651856587,1.9512737707591954,-0.37265957212731854
1.4310616082382361,1.9509006429773355,-0.3735634702531754
1.4320616512908135,1.950526612440381,-0.3744650061822477
1.433061694343391,1.9501516815058513,-0.37536418946865224
1.4340617373959683,1.949775852521725,-0.3762610296363293
1.4350617804485457,1.9493991278264724,-0.37715553617910247
1.436061823501123,1.9490215097490844,-0.378047718560739
1.4370618665537005,1.9486430006091024,-0.37893758621500995
1.4380619096062779,1.948263602716649,-0.37982514854575133
1.4390619526588553,1.9478833183724569,-0.38071041492692503
1.4400619957114327,1.9475021498679002,-0.38159339470268033
1.44106203876401,1.9471200994850226,-0.38247409718741565
1.4420620818165875,1.9467371694965683,-0.38335253166584077
1.4430621248691649,1.946353362166011,-0.38422870739303905
1.4440621679217422,1.9459686797475837,-0.3851026335945302
1.4450622109743196,1.9455831244863084,-0.38597431946633315
1.446062254026897,1.9451966986180254,-0.3868437741750295
1.4470622970794744,1.9448094043694222,-0.3877110068578269
1.4480623401320518,1.9444212439580641,-0.3885760266226229
1.4490623831846292,1.9440322195924225,-0.38943884254806915
1.4500624262372066,1.943642333471904,-0.39029946368363555
1.4510624692897838,1.9432515877868803,-0.391157899049675
1.4520625123423612,1.942859984718717,-0.3920141576374883
1.4530625553949386,1.9424675264398017,-0.39286824840938916
1.454062598447516,1.9420742151135748,-0.3937201802987696
1.4550626415000933,1.9416800528945568,-0.3945699622101655
1.4560626845526707,1.9412850419283778,-0.39541760301932255
1.4570627276052481,1.9408891843518061,-0.3962631115732622
1.4580627706578255,1.9404924822927772,-0.39710649669034803
1.459062813710403,1.9400949378704215,-0.39794776716035213
1.4600628567629803,1.9396965531950943,-0.3987869317445219
1.4610628998155577,1.939297330368403,-0.399623999175647
1.462062942868135,1.938897271483236,-0.4004589781581264
1.4630629859207125,1.9384963786237914,-0.4012918773680359
1.4640630289732899,1.938094653865605,-0.4021227054531953
1.4650630720258673,1.9376920992755782,-0.40295147103323636
1.4660631150784447,1.9372887169120068,-0.4037781826996708
1.467063158131022,1.9368845088246085,-0.40460284901595817
1.4680632011835995,1.9364794770545513,-0.40542547851757416
1.4690632442361768,1.936073623634481,-0.4062460797120791
1.4700632872887542,1.93566695058855,-0.40706466107918654
1.4710633303413316,1.935259459932444,-0.407881231070832
1.472063373393909,1.9348511536734105,-0.4086957981112419
1.4730634164464864,1.9344420338102863,-0.4095083705970025
1.4740634594990638,1.934032102333525,-0.4103189568971295
1.4750635025516412,1.9336213612252242,-0.411127565353137
1.4760635456042184,1.933209812459154,-0.4119342042791073
1.4770635886567958,1.9327974580007832,-0.41273888196176045
1.4780636317093732,1.9323842998073075,-0.41354160666052403
1.4790636747619506,1.9319703398276764,-0.41434238660760314
1.480063717814528,1.93155558000262,-0.4151412300080505
1.4810637608671053,1.9311400222646773,-0.41593814503983634
1.4820638039196827,1.9307236685382219,-0.4167331398539191
1.4830638469722601,1.9303065207394896,-0.41752622257431554
1.4840638900248375,1.9298885807766057,-0.41831740129817147
1.485063933077415,1.929469850549611,-0.4191066840958322
1.4860639761299923,1.9290503319504892,-0.4198940790109133
1.4870640191825697,1.9286300268631933,-0.4206795940603716
1.488064062235147,1.9282089371636721,-0.4214632372345759
1.4890641052877245,1.9277870647198971,-0.4222450164973782
1.4900641483403019,1.927364411391889,-0.4230249397861847
1.4910641913928793,1.926940979031744,-0.42380301501202694
1.4920642344454567,1.9265167694836596,-0.4245792500596332
1.493064277498034,1.9260917845839618,-0.4253536527874998
1.4940643205506114,1.9256660261611307,-0.42612623102796265
1.4950643636031888,1.9252394960358268,-0.4268969925872686
1.4960644066557662,1.924812196020917,-0.42766594524564705
1.4970644497083436,1.9243841279215008,-0.42843309675738167
1.498064492760921,1.9239552935349358,-0.4291984548508821
1.4990645358134984,1.9235256946508636,-0.42996202722875565
1.5000645788660756,1.9230953330512361,-0.43072382156787925
1.501064621918653,1.9226642105103409,-0.4314838455194711
1.5020646649712304,1.9222323287948262,-0.43224210670916285
1.5030647080238078,1.9217996896637277,-0.43299861273707135
1.5040647510763852,1.9213662948684933,-0.43375337117787094
1.5050647941289625,1.9209321461530082,-0.4345063895808652
1.50606483718154,1.9204972452536209,-0.4352576754700593
1.5070648802341173,1.920061593899168,-0.4360072363442319
1.5080649232866947,1.919625193811,-0.43675507967700755
1.5090649663392721,1.9191880467030056,-0.4375012129169288
1.5100650093918495,1.9187501542816372,-0.43824564348752826
1.511065052444427,1.9183115182459358,-0.43898837878740105
1.5120650954970043,1.9178721402875563,-0.439729426190277
1.5130651385495817,1.9174320220907914,-0.44046879304509284
1.514065181602159,1.9169911653325975,-0.44120648667606466
1.5150652246547365,1.9165495716826182,-0.44194251438276005
1.5160652677073139,1.91610724280321,-0.44267688344017064
1.5170653107598913,1.915664180349466,-0.44340960109878413
1.5180653538124687,1.915220385969241,-0.44414067458465684
1.519065396865046,1.9147758613031753,-0.44487011109948593
1.5200654399176234,1.9143306079847198,-0.4455979178206819
1.5210654829702008,1.9138846276401593,-0.4463241019014408
1.5220655260227782,1.9134379218886377,-0.44704867047081637
1.5230655690753556,1.912990492342181,-0.44777163063379277
1.5240656121279328,1.9125423406057223,-0.4484929894713565
1.5250656551805102,1.9120934682771253,-0.44921275404056904
1.5260656982330876,1.9116438769472084,-0.44993093137463874
1.527065741285665,1.911193568199768,-0.4506475284829934
1.5280657843382424,1.910742543611603,-0.4513625523513524
1.5290658273908198,1.9102908047525378,-0.452076009941799
1.5300658704433971,1.9098383531854464,-0.4527879081928522
1.5310659134959745,1.9093851904662758,-0.4534982540195395
1.532065956548552,1.9089313181440692,-0.4542070543134686
1.5330659996011293,1.90847673776099,-0.45491431594289944
1.5340660426537067,1.908021450852344,-0.4556200457528167
1.5350660857062841,1.907565458946604,-0.45632425056500164
1.5360661287588615,1.9071087635654318,-0.4570269371781039
1.537066171811439,1.906651366223702,-0.4577281123677137
1.5380662148640163,1.9061932684295246,-0.4584277828864339
1.5390662579165937,1.9057344716842688,-0.4591259554639514
1.540066300969171,1.9052749774825846,-0.45982263680710955
1.5410663440217485,1.9048147873124264,-0.46051783359997955
1.5420663870743259,1.9043539026550758,-0.46121155250393236
1.5430664301269033,1.903892324985164,-0.46190380015771043
1.5440664731794806,1.9034300557706942,-0.46259458317749913
1.545066516232058,1.902967096473065,-0.4632839081569986
1.5460665592846354,1.9025034485470913,-0.4639717816674951
1.5470666023372128,1.9020391134410284,-0.4646582102579326
1.5480666453897902,1.9015740925965932,-0.46534320045498406
1.5490666884423674,1.9011083874489867,-0.466026758763123
1.5500667314949448,1.9006419994269164,-0.4667088916646945
1.5510667745475222,1.900174929952618,-0.46738960561998666
1.5520668176000996,1.8997071804418781,-0.46806890706730175
1.553066860652677,1.899238752304055,-0.4687468024230271
1.5540669037052544,1.8987696469421016,-0.46942329808170624
1.5550669467578317,1.898299865752587,-0.47009840041611006
1.5560669898104091,1.8978294101257178,-0.47077211577730727
1.5570670328629865,1.8973582814453605,-0.47144445049473543
1.558067075915564,1.8968864810890622,-0.4721154108762718
1.5590671189681413,1.8964140104280731,-0.47278500320830374
1.5600671620207187,1.895940870827367,-0.4734532337557994
1.561067205073296,1.8954670636456636,-0.4741201087623782
1.5620672481258735,1.894992590235449,-0.47478563445038124
1.563067291178451,1.8945174519429973,-0.4754498170209416
1.5640673342310283,1.8940416501083919,-0.47611266265405455
1.5650673772836057,1.8935651860655465,-0.4767741775086478
1.566067420336183,1.8930880611422258,-0.47743436772265146
1.5670674633887605,1.8926102766600674,-0.4780932394130681
1.5680675064413379,1.8921318339346016,-0.4787507986760425
1.5690675494939152,1.891652734275273,-0.47940705158693153
1.5700675925464926,1.8911729789854603,-0.4800620042003739
1.57106763559907,1.8906925693624985,-0.4807156625503598
1.5720676786516474,1.890211506697698,-0.4813680326503001
1.5730677217042246,1.8897297922763663,-0.4820191204930961
1.574067764756802,1.8892474273778272,-0.4826689320512087
1.5750678078093794,1.8887644132754429,-0.48331747327672764
1.5760678508619568,1.8882807512366329,-0.48396475010144063
1.5770678939145342,1.8877964425228946,-0.48461076843690226
1.5780679369671116,1.887311488389824,-0.48525553417450307
1.579067980019689,1.8868258900871357,-0.4858990531855383
1.5800680230722663,1.8863396488586825,-0.48654133132127636
1.5810680661248437,1.8858527659424755,-0.4871823744130279
1.5820681091774211,1.8853652425707044,-0.48782218827221385
1.5830681522299985,1.884877079969757,-0.48846077869043397
1.584068195282576,1.8843882793602393,-0.48909815143953517
1.5850682383351533,1.8838988419569953,-0.48973431227167963
1.5860682813877307,1.883408768969126,-0.4903692669194128
1.587068324440308,1.8829180616000092,-0.49100302109573135
1.5880683674928855,1.8824267210473196,-0.49163558049415107
1.5890684105454629,1.8819347485030478,-0.49226695078877447
1.5900684535980403,1.8814421451535197,-0.4928971376343584
1.5910684966506177,1.8809489121794158,-0.49352614666638156
1.592068539703195,1.8804550507557907,-0.4941539835011119
1.5930685827557725,1.8799605620520916,-0.49478065373567376
1.5940686258083498,1.8794654472321783,-0.495406162948115
1.5950686688609272,1.8789697074543417,-0.49603051669747406
1.5960687119135046,1.8784733438713228,-0.4966537205238468
1.5970687549660818,1.8779763576303319,-0.49727577994845334
1.5980687980186592,1.8774787498730672,-0.4978967004737046
1.5990688410712366,1.8769805217357334,-0.4985164875832688
1.600068884123814,1.8764816743490609,-0.4991351467421379
1.6010689271763914,1.875982208838324,-0.49975268339669393
1.6020689702289688,1.8754821263233599,-0.5003691029747751
1.6030690132815462,1.8749814279185868,-0.5009844108857416
1.6040690563341236,1.8744801147330226,-0.5015986125205418
1.605069099386701,1.873978187870303,-0.5022117132517779
1.6060691424392783,1.8734756484287003,-0.5028237184337715
1.6070691854918557,1.8729724975011413,-0.503434633402629
1.6080692285444331,1.8724687361752252,-0.5040444634763073
1.6090692715970105,1.8719643655332425,-0.5046532139546788
1.610069314649588,1.8714593866521925,-0.5052608901195965
1.6110693577021653,1.8709538006038011,-0.5058674972349592
1.6120694007547427,1.8704476084545396,-0.5064730405467759
1.61306944380732,1.8699408112656415,-0.5070775252832311
1.6140694868598975,1.869433410093121,-0.5076809566547491
1.6150695299124749,1.8689254059877902,-0.5082833398540582
1.6160695729650523,1.8684167999952777,-0.5088846800562553
1.6170696160176297,1.867907593156045,-0.5094849824188702
1.618069659070207,1.8673977865054046,-0.5100842520819293
1.6190697021227844,1.8668873810735378,-0.5106824941680197
1.6200697451753618,1.8663763778855118,-0.5112797137823529
1.6210697882279392,1.8658647779612967,-0.5118759160128287
1.6220698312805164,1.8653525823157833,-0.512471105930098
1.6230698743330938,1.8648397919588,-0.5130652885876271
1.6240699173856712,1.8643264078951305,-0.5136584690217602
1.6250699604382486,1.86381243112453,-0.5142506522517825
1.626070003490826,1.863297862641743,-0.5148418432799837
1.6270700465434034,1.8627827034365196,-0.5154320470917203
1.6280700895959808,1.8622669544936332,-0.5160212686554784
1.6290701326485582,1.8617506167928968,-0.5166095129229361
1.6300701757011355,1.8612336913091796,-0.5171967848290261
1.631070218753713,1.8607161790124243,-0.5177830892919978
1.6320702618062903,1.8601980808676633,-0.5183684312134793
1.6330703048588677,1.8596793978350357,-0.5189528154785396
1.6340703479114451,1.8591601308698031,-0.51953624695575
1.6350703909640225,1.8586402809223672,-0.5201187304972462
1.6360704340166,1.8581198489382849,-0.5207002709387897
1.6370704770691773,1.8575988358582856,-0.5212808730998288
1.6380705201217547,1.857077242618287,-0.5218605417835604
1.639070563174332,1.8565550701494122,-0.5224392817769906
1.6400706062269095,1.8560323193780042,-0.5230170978509958
1.6410706492794869,1.8555089912256433,-0.5235939947603838
1.6420706923320643,1.854985086609163,-0.5241699772439539
1.6430707353846417,1.8544606064406657,-0.5247450500245577
1.644070778437219,1.8539355516275384,-0.5253192178091597
1.6450708214897964,1.8534099230724692,-0.5258924852888968
1.6460708645423736,1.8528837216734626,-0.526464857139139
1.647070907594951,1.8523569483238556,-0.5270363380195493
1.6480709506475284,1.8518296039123325,-0.5276069325741428
1.6490709937001058,1.8513016893229421,-0.5281766454313472
1.6500710367526832,1.8507732054351118,-0.5287454812040617
1.6510710798052606,1.8502441531236637,-0.5293134444897165
1.652071122857838,1.8497145332588303,-0.5298805398703318
1.6530711659104154,1.849184346706269,-0.5304467719125772
1.6540712089629928,1.8486535943270783,-0.5310121451678301
1.6550712520155701,1.8481222769778127,-0.531576664172235
1.6560712950681475,1.8475903955104982,-0.5321403334467616
1.657071338120725,1.8470579507726468,-0.5327031574972632
1.6580713811733023,1.8465249436072722,-0.5332651408145354
1.6590714242258797,1.8459913748529044,-0.5338262878743739
1.6600714672784571,1.8454572453436056,-0.5343866031376326
1.6610715103310345,1.8449225559089832,-0.5349460910502816
1.662071553383612,1.844387307374207,-0.5355047560434643
1.6630715964361893,1.8438515005600222,-0.5360626025335555
1.6640716394887667,1.843315136282765,-0.5366196349222189
1.665071682541344,1.8427782153543772,-0.5371758575964636
1.6660717255939215,1.8422407385824204,-0.5377312749287019
1.6670717686464989,1.841702706770091,-0.5382858912768058
1.6680718116990763,1.841164120716235,-0.538839710984164
1.6690718547516536,1.8406249812153612,-0.5393927383797386
1.670071897804231,1.8400852890576571,-0.539944977778121
1.6710719408568082,1.8395450450290025,-0.5404964334795891
1.6720719839093856,1.8390042499109835,-0.5410471097701629
1.673072026961963,1.8384629044809078,-0.5415970109216608
1.6740720700145404,1.8379210095118172,-0.5421461411917551
1.6750721130671178,1.8373785657725037,-0.5426945048240281
1.6760721561196952,1.8368355740275217,-0.5432421060480278
1.6770721991722726,1.8362920350372036,-0.5437889490793226
1.67807224222485,1.8357479495576725,-0.5443350381195574
1.6790722852774274,1.835203318340857,-0.5448803773565083
1.6800723283300047,1.834658142134504,-0.5454249709641376
1.6810723713825821,1.834112421682194,-0.5459688231026486
1.6820724144351595,1.8335661577233533,-0.5465119379185405
1.683072457487737,1.8330193509932688,-0.5470543195446627
1.6840725005403143,1.832472002223101,-0.547595972100269
1.6850725435928917,1.8319241121398975,-0.5481368996910724
1.686072586645469,1.8313756814666071,-0.5486771064092985
1.6870726296980465,1.830826710922093,-0.5492165963337399
1.688072672750624,1.830277201221146,-0.5497553735298096
1.6890727158032013,1.8297271530744974,-0.5502934420495951
1.6900727588557787,1.8291765671888338,-0.550830805931911
1.691072801908356,1.828625444266809,-0.5513674692023536
1.6920728449609335,1.8280737850070576,-0.5519034358733527
1.6930728880135109,1.8275215901042081,-0.5524387099442255
1.6940729310660883,1.8269688602488963,-0.5529732954012292
1.6950729741186654,1.8264155961277777,-0.5535071962176137
1.6960730171712428,1.8258617984235412,-0.5540404163536741
1.6970730602238202,1.8253074678149217,-0.5545729597568032
1.6980731032763976,1.8247526049767127,-0.5551048303615439
1.699073146328975,1.8241972105797795,-0.5556360320896409
1.7000731893815524,1.823641285291072,-0.556166568850093
1.7010732324341298,1.823084829773637,-0.5566964445392047
1.7020732754867072,1.8225278446866318,-0.5572256630406384
1.7030733185392846,1.8219703306853352,-0.5577542282254648
1.704073361591862,1.8214122884211619,-0.5582821439522156
1.7050734046444393,1.8208537185416735,-0.5588094140669337
1.7060734476970167,1.8202946216905922,-0.5593360424032247
1.7070734907495941,1.8197349985078122,-0.5598620327823075
1.7080735338021715,1.8191748496294124,-0.5603873890130657
1.709073576854749,1.8186141756876693,-0.5609121148920976
1.7100736199073263,1.8180529773110683,-0.5614362142037668
1.7110736629599037,1.8174912551243168,-0.5619596907202526
1.712073706012481,1.8169290097483555,-0.5624825482016004
1.7130737490650585,1.8163662418003712,-0.5630047903957712
1.7140737921176359,1.8158029518938084,-0.563526421038692
1.7150738351702133,1.8152391406383817,-0.5640474438543049
1.7160738782227907,1.8146748086400875,-0.5645678625546175
1.717073921275368,1.814109956501216,-0.5650876808397517
1.7180739643279455,1.813544584820363,-0.565606902397993
1.7190740073805226,1.812978694192442,-0.5661255309058402
1.7200740504331,1.8124122852086952,-0.5666435700280535
1.7210740934856774,1.811845358456706,-0.5671610234177044
1.7220741365382548,1.8112779145204105,-0.5676778947162232
1.7230741795908322,1.810709953980109,-0.5681941875534487
1.7240742226434096,1.8101414774124776,-0.5687099055476759
1.725074265695987,1.8095724853905795,-0.5692250523057042
1.7260743087485644,1.8090029784838766,-0.5697396314228861
1.7270743518011418,1.8084329572582414,-0.5702536464831746
1.7280743948537192,1.8078624222759678,-0.5707671010591713
1.7290744379062966,1.8072913740957823,-0.571279998712174
1.730074480958874,1.8067198132728561,-0.5717923429922243
1.7310745240114513,1.8061477403588155,-0.5723041374381547
1.7320745670640287,1.8055751559017534,-0.5728153855776362
1.7330746101166061,1.8050020604462405,-0.5733260909272253
1.7340746531691835,1.8044284545333362,-0.5738362569924107
1.735074696221761,1.8038543387006,-0.5743458872676606
1.7360747392743383,1.8032797134821024,-0.5748549852364687
1.7370747823269157,1.802704579408435,-0.5753635543714014
1.738074825379493,1.802128937006723,-0.5758715981341437
1.7390748684320705,1.8015527868006347,-0.5763791199755456
1.7400749114846479,1.800976129310393,-0.5768861233356681
1.7410749545372253,1.8003989650527856,-0.5773926116438296
1.7420749975898027,1.7998212945411767,-0.5778985883186509
1.74307504064238,1.7992431182855166,-0.5784040567681016
1.7440750836949572,1.798664436792353,-0.5789090203895451
1.7450751267475346,1.798085250564841,-0.5794134825697843
1.746075169800112,1.7975055601027545,-0.5799174466851068
1.7470752128526894,1.796925365902496,-0.5804209161013298
1.7480752559052668,1.7963446684571072,-0.5809238941738455
1.7490752989578442,1.7957634682562795,-0.5814263842476651
1.7500753420104216,1.7951817657863645,-0.5819283896574646
1.751075385062999,1.7945995615303838,-0.5824299137276282
1.7520754281155764,1.7940168559680398,-0.5829309597722936
1.7530754711681538,1.793433649575726,-0.5834315310953956
1.7540755142207312,1.792849942826536,-0.5839316309907107
1.7550755572733086,1.7922657361902756,-0.5844312627419007
1.756075600325886,1.7916810301334714,-0.584930429622557
1.7570756433784633,1.791095825119381,-0.5854291348962438
1.7580756864310407,1.7905101216080035,-0.585927381816542
1.7590757294836181,1.7899239200560895,-0.5864251736270925
1.7600757725361955,1.7893372209171505,-0.5869225135616393
1.761075815588773,1.7887500246414694,-0.5874194048440732
1.7620758586413503,1.7881623316761093,-0.5879158506884742
1.7630759016939277,1.7875741424649245,-0.5884118542991549
1.764075944746505,1.7869854574485697,-0.5889074188707027
1.7650759877990825,1.7863962770645097,-0.5894025475880231
1.7660760308516599,1.7858066017470287,-0.5898972436263815
1.7670760739042373,1.7852164319272406,-0.5903915101514459
1.7680761169568144,1.7846257680330984,-0.5908853503193289
1.7690761600093918,1.7840346104894034,-0.5913787672766301
1.7700762030619692,1.7834429597178152,-0.5918717641604776
1.7710762461145466,1.7828508161368604,-0.5923643440985702
1.772076289167124,1.7822581801619428,-0.5928565102092187
1.7730763322197014,1.7816650522053523,-0.5933482656013878
1.7740763752722788,1.7810714326762744,-0.5938396133747371
1.7750764183248562,1.7804773219807994,-0.5943305566196628
1.7760764613774336,1.7798827205219319,-0.5948210984173384
1.777076504430011,1.7792876286995993,-0.595311241839756
1.7780765474825884,1.778692046910662,-0.5958009899497672
1.7790765905351658,1.7780959755489216,-0.5962903458011233
1.7800766335877432,1.7774994150051306,-0.5967793124385167
1.7810766766403205,1.776902365667001,-0.5972678928976208
1.782076719692898,1.7763048279192137,-0.5977560902051307
1.7830767627454753,1.7757068021434268,-0.598243907378803
1.7840768057980527,1.7751082887182854,-0.5987313474274962
1.7850768488506301,1.77450928801943,-0.5992184133512108
1.7860768919032075,1.7739098004195053,-0.5997051081411287
1.787076934955785,1.773309826288169,-0.600191434779653
1.7880769780083623,1.7727093659921007,-0.6006773962404478
1.7890770210609397,1.7721084198950106,-0.6011629954884775
1.790077064113517,1.7715069883576482,-0.6016482354800462
1.7910771071660945,1.7709050717378108,-0.6021331191628365
1.7920771502186716,1.770302670390352,-0.6026176494759491
1.793077193271249,1.7696997846671907,-0.6031018293499413
1.7940772363238264,1.7690964149173196,-0.603585661706866
1.7950772793764038,1.768492561486813,-0.6040691494603105
1.7960773224289812,1.7678882247188357,-0.6045522955154349
1.7970773654815586,1.7672834049536517,-0.6050351027690102
1.798077408534136,1.7666781025286322,-0.6055175741094571
1.7990774515867134,1.766072317778264,-0.605999712416884
1.8000774946392908,1.7654660510341578,-0.606481520563125
1.8010775376918682,1.7648593026250563,-0.606963001411778
1.8020775807444456,1.764252072876843,-0.6074441578182419
1.803077623797023,1.7636443621125495,-0.6079249926297553
1.8040776668496004,1.7630361706523643,-0.6084055086854331
1.8050777099021778,1.7624274988136408,-0.6088857088163044
1.8060777529547551,1.7618183469109052,-0.6093655958453498
1.8070777960073325,1.7612087152558644,-0.6098451725875381
1.80807783905991,1.7605986041574146,-0.6103244418498643
1.8090778821124873,1.7599880139216486,-0.6108034064313858
1.8100779251650647,1.7593769448518641,-0.611282069123259
1.811077968217642,1.7587653972485713,-0.611760432708777
1.8120780112702195,1.758153371409501,-0.6122384999634052
1.813078054322797,1.7575408676296123,-0.6127162736548183
1.8140780973753743,1.7569278862011004,-0.6131937565429364
1.8150781404279517,1.7563144274134042,-0.6136709513799613
1.816078183480529,1.7557004915532144,-0.6141478609104125
1.8170782265331062,1.7550860789044807,-0.6146244878711635
1.8180782695856836,1.7544711897484195,-0.6151008349914772
1.819078312638261,1.753855824363522,-0.6155769049930419
1.8200783556908384,1.753239983025561,-0.6160527005900069
1.8210783987434158,1.7526236660075987,-0.6165282244890182
1.8220784417959932,1.7520068735799947,-0.6170034793892533
1.8230784848485706,1.7513896060104128,-0.6174784679824571
1.824078527901148,1.7507718635638287,-0.6179531929529767
1.8250785709537254,1.7501536465025371,-0.6184276569777967
1.8260786140063028,1.7495349550861596,-0.6189018627265738
1.8270786570588802,1.7489157895716514,-0.6193758128616718
1.8280787001114576,1.748296150213309,-0.6198495100381963
1.829078743164035,1.7476760372627773,-0.6203229569040294
1.8300787862166124,1.7470554509690568,-0.6207961560998637
1.8310788292691897,1.7464343915785108,-0.6212691102592373
1.8320788723217671,1.7458128593348723,-0.6217418220085673
1.8330789153743445,1.7451908544792514,-0.6222142939671846
1.834078958426922,1.7445683772501426,-0.6226865287473677
1.8350790014794993,1.743945427883431,-0.6231585289543764
1.8360790445320767,1.7433220066124004,-0.6236302971864855
1.837079087584654,1.7426981136677393,-0.6241018360350192
1.8380791306372315,1.7420737492775482,-0.6245731480843837
1.8390791736898089,1.7414489136673468,-0.6250442359121011
1.8400792167423863,1.7408236070600802,-0.6255151020888431
1.8410792597949635,1.7401978296761265,-0.6259857491784634
1.8420793028475408,1.739571581733303,-0.6264561797380316
1.8430793459001182,1.7389448634468736,-0.6269263963178658
1.8440793889526956,1.7383176750295546,-0.6273964014615656
1.845079432005273,1.7376900166915221,-0.6278661977060449
1.8460794750578504,1.7370618886404188,-0.6283357875815644
1.8470795181104278,1.73643329108136,-0.6288051736117645
1.8480795611630052,1.7358042242169407,-0.6292743583136976
1.8490796042155826,1.7351746882472419,-0.6297433441978604
1.85007964726816,1.7345446833698375,-0.630212133768226
1.8510796903207374,1.7339142097798004,-0.6306807295222767
1.8520797333733148,1.733283267669709,-0.6311491339510351
1.8530797764258922,1.732651857229654,-0.6316173495390969
1.8540798194784696,1.7320199786472448,-0.632085378764662
1.855079862531047,1.731387632107615,-0.6325532240995668
1.8560799055836243,1.73075481779343,-0.6330208880093156
1.8570799486362017,1.7301215358848927,-0.6334883729531117
1.8580799916887791,1.7294877865597496,-0.6339556813838895
1.8590800347413565,1.7288535699932974,-0.6344228157483455
1.860080077793934,1.7282188863583892,-0.6348897784869691
1.8610801208465113,1.7275837358254404,-0.6353565720340747
1.8620801638990887,1.7269481185624351,-0.6358231988178313
1.863080206951666,1.7263120347349326,-0.6362896612602947
1.8640802500042435,1.7256754845060722,-0.6367559617774375
1.8650802930568209,1.7250384680365811,-0.63722210277918
1.866080336109398,1.7244009854847788,-0.6376880866694207
1.8670803791619754,1.7237630370065842,-0.638153915846067
1.8680804222145528,1.723124622755521,-0.6386195927010653
1.8690804652671302,1.7224857428827238,-0.6390851196204315
1.8700805083197076,1.7218463975369442,-0.6395504989842811
1.871080551372285,1.7212065868645563,-0.6400157331668591
1.8720805944248624,1.720566311009563,-0.6404808245365704
1.8730806374774398,1.7199255701136014,-0.6409457754560092
1.8740806805300172,1.7192843643159488,-0.6414105882819889
1.8750807235825946,1.7186426937535286,-0.6418752653655722
1.876080766635172,1.718000558560916,-0.6423398090521
1.8770808096877494,1.7173579588703434,-0.6428042216812213
1.8780808527403268,1.7167148948117061,-0.6432685055869227
1.8790808957929042,1.7160713665125686,-0.6437326630975574
1.8800809388454816,1.7154273740981696,-0.6441966965358744
1.881080981898059,1.7147829176914273,-0.6446606082190478
1.8820810249506363,1.714137997412946,-0.6451244004587056
1.8830810680032137,1.7134926133810209,-0.6455880755609587
1.8840811110557911,1.7128467657116435,-0.6460516358264297
1.8850811541083685,1.7122004545185074,-0.6465150835502816
1.886081197160946,1.7115536799130138,-0.6469784210222466
1.8870812402135233,1.7109064420042766,-0.6474416505266539
1.8880812832661007,1.7102587408991279,-0.6479047743424593
1.889081326318678,1.7096105767021237,-0.6483677947432726
1.8900813693712553,1.7089619495155488,-0.648830713997386
1.8910814124238327,1.7083128594394223,-0.6492935343678027
1.89208145547641,1.7076633065715028,-0.6497562581122643
1.8930814985289874,1.7070132910072937,-0.6502188874832794
1.8940815415815648,1.7063628128400483,-0.6506814247281509
1.8950815846341422,1.7057118721607751,-0.6511438720890044
1.8960816276867196,1.7050604690582432,-0.6516062318028152
1.897081670739297,1.704408603618987,-0.6520685061014363
1.8980817137918744,1.7037562759273113,-0.6525306972116259
1.8990817568444518,1.703103486065297,-0.6529928073550748
1.9000817998970292,1.7024502341128054,-0.6534548387484335
1.9010818429496066,1.7017965201474838,-0.6539167936033395
1.902081886002184,1.7011423442447702,-0.654378674126445
1.9030819290547614,1.7004877064778983,-0.6548404825194432
1.9040819721073388,1.6998326069179024,-0.6553022209790953
1.9050820151599162,1.6991770456336224,-0.6557638916972581
1.9060820582124935,1.698521022691709,-0.6562254968609101
1.907082101265071,1.6978645381566275,-0.6566870386521786
1.9080821443176483,1.6972075920906646,-0.6571485192483658
1.9090821873702257,1.696550184553931,-0.657609940821976
1.9100822304228031,1.6958923156043675,-0.6580713055407414
1.9110822734753805,1.6952339852977494,-0.6585326155676492
1.912082316527958,1.6945751936876914,-0.658993873060967
1.9130823595805353,1.6939159408256521,-0.6594550801742697
1.9140824026331125,1.6932562267609388,-0.659916239056465
1.9150824456856899,1.6925960515407121,-0.6603773518518201
1.9160824887382673,1.6919354152099908,-0.6608384206999869
1.9170825317908446,1.6912743178116556,-0.6612994477360282
1.918082574843422,1.690612759386455,-0.6617604350904438
1.9190826178959994,1.6899507399730092,-0.6622213848891954
1.9200826609485768,1.6892882596078138,-0.6626822992537327
1.9210827040011542,1.688625318325246,-0.6631431803010188
1.9220827470537316,1.6879619161575676,-0.6636040301435558
1.923082790106309,1.6872980531349304,-0.6640648508894098
1.9240828331588864,1.6866337292853801,-0.6645256446422363
1.9250828762114638,1.6859689446348607,-0.6649864135013054
1.9260829192640412,1.6853036992072192,-0.6654471595615269
1.9270829623166186,1.68463799302421,-0.6659078849134754
1.928083005369196,1.6839718261054983,-0.666368591643415
1.9290830484217734,1.683305198468666,-0.6668292818333243
1.9300830914743508,1.6826381101292143,-0.6672899575609214
1.9310831345269281,1.6819705611005689,-0.6677506208996878
1.9320831775795055,1.6813025513940842,-0.6682112739188941
1.933083220632083,1.6806340810190474,-0.6686719186836237
1.9340832636846603,1.6799651499826824,-0.6691325572547976
1.9350833067372377,1.6792957582901544,-0.6695931916891986
1.9360833497898151,1.6786259059445734,-0.6700538240394959
1.9370833928423925,1.677955592946999,-0.6705144563542689
1.93808343589497,1.677284819296444,-0.6709750906780316
1.939083478947547,1.676613584989879,-0.6714357290512568
1.9400835220001245,1.6759418900222354,-0.6718963735103997
1.9410835650527019,1.6752697343864107,-0.672357026087922
1.9420836081052792,1.6745971180732713,-0.6728176888123159
1.9430836511578566,1.6739240410716574,-0.6732783637081273
1.944083694210434,1.6732505033683864,-0.6737390527959805
1.9450837372630114,1.6725765049482568,-0.6741997580926005
1.9460837803155888,1.6719020457940525,-0.6746604816108375
1.9470838233681662,1.671227125886546,-0.6751212253596899
1.9480838664207436,1.6705517452045031,-0.675581991344328
1.949083909473321,1.669875903724686,-0.676042781566117
1.9500839525258984,1.6691996014218573,-0.6765035980226403
1.9510839955784758,1.6685228382687838,-0.6769644427077226
1.9520840386310532,1.6678456142362403,-0.6774253176114533
1.9530840816836306,1.6671679292930135,-0.6778862247202091
1.954084124736208,1.6664897834059051,-0.6783471660166771
1.9550841677887854,1.6658111765397363,-0.6788081434798777
1.9560842108413627,1.6651321086573505,-0.6792691590851874
1.9570842538939401,1.664452579719618,-0.6797302148043614
1.9580842969465175,1.6637725896854385,-0.6801913126055561
1.959084339999095,1.6630921385117456,-0.6806524544533523
1.9600843830516723,1.6624112261535102,-0.6811136423087769
1.9610844261042497,1.6617298525637434,-0.6815748781293259
1.962084469156827,1.6610480176935007,-0.6820361638689866
1.9630845122094043,1.6603657214918854,-0.6824975014782595
1.9640845552619817,1.6596829639060515,-0.6829588929041813
1.965084598314559,1.6589997448812082,-0.6834203400903464
1.9660846413671365,1.6583160643606223,-0.683881844976929
1.9670846844197138,1.6576319222856222,-0.6843434095007057
1.9680847274722912,1.6569473185956012,-0.6848050355950768
1.9690847705248686,1.6562622532280207,-0.6852667251900882
1.970084813577446,1.6555767261184136,-0.685728480212454
1.9710848566300234,1.6548907372003876,-0.686190302585577
1.9720848996826008,1.6542042864056288,-0.6866521942295714
1.9730849427351782,1.6535173736639046,-0.6871141570612839
1.9740849857877556,1.6528299989030673,-0.6875761929943153
1.975085028840333,1.6521421620490566,-0.688038303939042
1.9760850718929104,1.651453863025904,-0.6885004918026374
1.9770851149454878,1.6507651017557345,-0.6889627584890933
1.9780851579980652,1.6500758781587717,-0.6894251058992411
1.9790852010506426,1.649386192153339,-0.6898875359307729
1.98008524410322,1.648696043655864,-0.6903500504782627
1.9810852871557973,1.6480054325808808,-0.6908126514331877
1.9820853302083747,1.6473143588410342,-0.6912753406839489
1.9830853732609521,1.6466228223470811,-0.6917381201158923
1.9840854163135295,1.6459308230078953,-0.6922009916113296
1.985085459366107,1.6452383607304693,-0.6926639570495594
1.9860855024186843,1.6445454354199178,-0.6931270183068874
1.9870855454712617,1.6438520469794808,-0.6935901772566474
1.9880855885238389,1.643158195310526,-0.694053435769222
1.9890856315764163,1.6424638803125524,-0.6945167957120628
1.9900856746289937,1.6417691018831926,-0.6949802589497114
1.991085717681571,1.6410738599182164,-0.6954438273438193
1.9920857607341484,1.6403781543115332,-0.6959075027531685
1.9930858037867258,1.639681984955195,-0.696371287033692
1.9940858468393032,1.6389853517393986,-0.6968351820384937
1.9950858898918806,1.6382882545524902,-0.6972991896178689
1.996085932944458,1.6375906932809658,-0.697763311619324
1.9970859759970354,1.6368926678094762,-0.6982275498875972
1.9980860190496128,1.636194178020828,-0.6986919062646777
1.9990860621021902,1.6354952237959877,-0.6991563825898263
2.0000861051547676,1.6347958050140832,-0.699620980699595
2.001086148207345,1.6340959215524076,-0.7000857024278468
2.0020861912599224,1.6333955732864214,-0.7005505496057757
2.0030862343124998,1.6326947600897548,-0.7010155240619259
2.004086277365077,1.6319934818342108,-0.7014806276222121
2.0050863204176546,1.6312917383897678,-0.7019458621099384
2.006086363470232,1.6305895296245825,-0.7024112293458182
2.0070864065228093,1.6298868554049912,-0.702876731147994
2.0080864495753867,1.6291837155955142,-0.703342369332056
2.009086492627964,1.6284801100588566,-0.703808145711062
2.0100865356805415,1.6277760386559121,-0.7042740620955565
2.011086578733119,1.627071501245765,-0.7047401202935902
2.0120866217856963,1.6263664976856926,-0.7052063221107389
2.0130866648382737,1.6256610278311678,-0.7056726693501224
2.014086707890851,1.6249550915358615,-0.7061391638124243
2.0150867509434285,1.624248688651645,-0.7066058072959102
2.016086793996006,1.6235418190285926,-0.7070726015964471
2.0170868370485833,1.6228344825149839,-0.7075395485075223
2.0180868801011607,1.6221266789573057,-0.7080066498202621
2.019086923153738,1.6214184082002554,-0.7084739073234505
2.0200869662063154,1.620709670086742,-0.7089413228035483
2.021087009258893,1.6200004644578898,-0.7094088980447112
2.0220870523114702,1.6192907911530396,-0.7098766348288089
2.0230870953640476,1.6185806500097515,-0.7103445349354436
2.0240871384166246,1.617870040863807,-0.7108126001419681
2.025087181469202,1.6171589635492112,-0.711280832223505
2.0260872245217794,1.6164474178981953,-0.7117492329529643
2.0270872675743568,1.6157354037412186,-0.7122178041010623
2.028087310626934,1.6150229209069706,-0.7126865474363395
2.0290873536795115,1.6143099692223735,-0.7131554647251793
2.030087396732089,1.6135965485125836,-0.7136245577318259
2.0310874397846663,1.6128826586009943,-0.7140938282184023
2.0320874828372437,1.6121682993092379,-0.7145632779449287
2.033087525889821,1.6114534704571875,-0.7150329086693403
2.0340875689423985,1.6107381718629592,-0.7155027221475057
2.035087611994976,1.6100224033429145,-0.7159727201332439
2.0360876550475533,1.6093061647116615,-0.7164429043783432
2.0370876981001307,1.6085894557820581,-0.7169132766325786
2.038087741152708,1.6078722763652127,-0.7173838386437296
2.0390877842052855,1.6071546262704872,-0.7178545921575976
2.040087827257863,1.6064365053054985,-0.7183255389180242
2.0410878703104403,1.6057179132761206,-0.7187966806669083
2.0420879133630176,1.6049988499864862,-0.719268019144224
2.043087956415595,1.6042793152389896,-0.719739556088038
2.0440879994681724,1.6035593088342872,-0.7202112932345269
2.04508804252075,1.6028388305713004,-0.7206832323179951
2.046088085573327,1.6021178802472171,-0.7211553750708918
2.0470881286259046,1.6013964576574937,-0.7216277232238281
2.048088171678482,1.6006745625958567,-0.7221002785055949
2.0490882147310594,1.5999521948543047,-0.7225730426431798
2.050088257783637,1.59922935422311,-0.7230460173617842
2.051088300836214,1.5985060404908207,-0.7235192043848406
2.0520883438887916,1.597782253444262,-0.7239926054340297
2.053088386941369,1.5970579928685387,-0.724466222229297
2.0540884299939464,1.596333258547036,-0.7249400564888707
2.0550884730465238,1.5956080502614218,-0.7254141099292777
2.056088516099101,1.5948823677916482,-0.725888384265361
2.0570885591516785,1.5941562109159533,-0.7263628812102964
2.058088602204256,1.5934295794108626,-0.7268376024756095
2.0590886452568333,1.5927024730511912,-0.7273125497711921
2.0600886883094107,1.5919748916100445,-0.7277877248053194
2.061088731361988,1.5912468348588207,-0.7282631292846662
2.0620887744145655,1.590518302567212,-0.7287387649143238
2.063088817467143,1.5897892945032064,-0.7292146333978163
2.0640888605197203,1.5890598104330889,-0.7296907364371178
2.0650889035722977,1.588329850121443,-0.7301670757326678
2.066088946624875,1.5875994133311526,-0.7306436529833886
2.0670889896774525,1.5868684998234037,-0.7311204698867014
2.06808903273003,1.586137109357685,-0.7315975281385424
2.0690890757826073,1.5854052416917903,-0.7320748294333794
2.0700891188351846,1.5846728965818195,-0.732552375464228
2.071089161887762,1.58394007378218,-0.7330301679226677
2.0720892049403394,1.5832067730455885,-0.7335082084988583
2.0730892479929164,1.582472994123072,-0.7339864988815559
2.0740892910454938,1.5817387367639693,-0.7344650407581288
2.075089334098071,1.5810040007159327,-0.734943835814574
2.0760893771506486,1.580268785724929,-0.7354228857355328
2.077089420203226,1.5795330915352406,-0.735902192204307
2.0780894632558033,1.5787969178894679,-0.7363817569028746
2.0790895063083807,1.578060264528529,-0.736861581511906
2.080089549360958,1.5773231311916631,-0.7373416677107794
2.0810895924135355,1.5765855176164294,-0.7378220171775971
2.082089635466113,1.57584742353871,-0.738302631589201
2.0830896785186903,1.5751088486927112,-0.738783512621188
2.0840897215712677,1.5743697928109635,-0.7392646619479263
2.085089764623845,1.573630255624324,-0.7397460812425706
2.0860898076764225,1.572890236861977,-0.7402277721770777
2.087089850729,1.5721497362514354,-0.7407097364222224
2.0880898937815773,1.571408753518542,-0.7411919756476125
2.0890899368341547,1.5706672883874702,-0.7416744915217047
2.090089979886732,1.5699253405807256,-0.7421572857118198
2.0910900229393095,1.5691829098191472,-0.7426403598841581
2.092090065991887,1.5684399958219077,-0.7431237157038147
2.0930901090444642,1.5676965983065159,-0.7436073548347953
2.0940901520970416,1.5669527169888162,-0.7440912789400307
2.095090195149619,1.5662083515829914,-0.7445754896813924
2.0960902382021964,1.5654635018015626,-0.745059988719708
2.097090281254774,1.56471816735539,-0.745544777714776
2.098090324307351,1.5639723479536751,-0.7460298583253813
2.0990903673599286,1.5632260433039609,-0.7465152322093096
2.100090410412506,1.5624792531121328,-0.7470009010233634
2.1010904534650834,1.5617319770824198,-0.747486866423376
2.102090496517661,1.5609842149173958,-0.7479731300642275
2.103090539570238,1.56023596631798,-0.7484596935998586
2.1040905826228156,1.559487230983438,-0.7489465586832865
2.105090625675393,1.5587380086113831,-0.749433726966619
2.1060906687279703,1.5579882988977765,-0.7499212001010698
2.1070907117805477,1.5572381015369285,-0.7504089797369731
2.108090754833125,1.5564874162214999,-0.7508970675237983
2.1090907978857025,1.5557362426425019,-0.7513854651101647
2.11009084093828,1.5549845804892977,-0.7518741741438564
2.1110908839908573,1.5542324294496028,-0.7523631962718365
2.1120909270434347,1.5534797892094865,-0.7528525331402621
2.113090970096012,1.552726659453372,-0.7533421863944988
2.1140910131485895,1.5519730398640372,-0.7538321576791348
2.115091056201167,1.5512189301226165,-0.7543224486379961
2.1160910992537443,1.5504643299085998,-0.7548130609141603
2.1170911423063217,1.549709238899835,-0.7553039961499715
2.118091185358899,1.5489536567725275,-0.7557952559870541
2.1190912284114765,1.5481975832012413,-0.756286842066328
2.120091271464054,1.5474410178589004,-0.7567787560280221
2.1210913145166312,1.5466839604167881,-0.7572709995116891
2.122091357569208,1.5459264105445487,-0.7577635741562193
2.1230914006217856,1.545168367910188,-0.7582564815998555
2.124091443674363,1.5444098321800737,-0.7587497234802063
2.1250914867269404,1.543650803018936,-0.759243301434261
2.1260915297795178,1.5428912800898684,-0.7597372170984031
2.127091572832095,1.5421312630543285,-0.7602314721084251
2.1280916158846725,1.5413707515721378,-0.7607260680995417
2.12909165893725,1.5406097453014833,-0.7612210067064044
2.1300917019898273,1.5398482438989174,-0.7617162895631153
2.1310917450424047,1.5390862470193585,-0.7622119183032412
2.132091788094982,1.5383237543160917,-0.762707894559827
2.1330918311475595,1.5375607654407695,-0.7632042199654102
2.134091874200137,1.5367972800434113,-0.7637008961520345
2.1350919172527143,1.5360332977724056,-0.7641979247512635
2.1360919603052917,1.5352688182745087,-0.7646953073941944
2.137092003357869,1.5345038411948462,-0.7651930457114724
2.1380920464104465,1.5337383661769135,-0.7656911413333034
2.139092089463024,1.5329723928625756,-0.7661895958894687
2.1400921325156013,1.5322059208920678,-0.7666884110093378
2.1410921755681787,1.5314389499039964,-0.7671875883218827
2.142092218620756,1.5306714795353389,-0.7676871294556911
2.1430922616733334,1.5299035094214442,-0.7681870360389799
2.144092304725911,1.529135039196033,-0.7686873096996091
2.1450923477784882,1.5283660684911984,-0.7691879520650949
2.1460923908310656,1.527596596937406,-0.7696889647626237
2.147092433883643,1.526826624163494,-0.770190349419065
2.1480924769362204,1.5260561497966747,-0.7706921076609847
2.149092519988798,1.525285173462533,-0.7711942411146593
2.150092563041375,1.524513694785028,-0.7716967514060884
2.1510926060939526,1.5237417133864928,-0.7721996401610085
2.15209264914653,1.5229692288876346,-0.7727029090049061
2.1530926921991074,1.5221962409075358,-0.7732065595630311
2.1540927352516848,1.521422749063653,-0.7737105934604096
2.155092778304262,1.5206487529718178,-0.7742150123218579
2.1560928213568396,1.5198742522462374,-0.7747198177719947
2.157092864409417,1.5190992464994941,-0.7752250114352551
2.1580929074619943,1.5183237353425458,-0.7757305949359032
2.1590929505145717,1.5175477183847266,-0.7762365698980455
2.160092993567149,1.5167711952337457,-0.7767429379456434
2.1610930366197265,1.515994165495689,-0.7772497007025272
2.162093079672304,1.5152166287750182,-0.777756859792408
2.1630931227248813,1.5144385846745714,-0.7782644168388916
2.1640931657774587,1.5136600327955632,-0.7787723734654906
2.165093208830036,1.5128809727375845,-0.779280731295638
2.1660932518826135,1.5121014040986025,-0.7797894919527
2.167093294935191,1.5113213264749616,-0.7802986570599884
2.1680933379877683,1.5105407394613823,-0.7808082282407738
2.1690933810403457,1.509759642650962,-0.7813182071182984
2.1700934240929226,1.5089780356351747,-0.7818285953157885
2.1710934671455,1.5081959180038713,-0.7823393944564678
2.1720935101980774,1.5074132893452792,-0.7828506061635695
2.173093553250655,1.5066301492460024,-0.7833622320603494
2.174093596303232,1.505846497291022,-0.7838742737700983
2.1750936393558096,1.5050623330636952,-0.784386732916155
2.176093682408387,1.504277656145756,-0.7848996111219185
2.1770937254609644,1.503492466117315,-0.7854129100108609
2.1780937685135418,1.502706762556859,-0.7859266312065398
2.179093811566119,1.5019205450412514,-0.7864407763326109
2.1800938546186965,1.5011338131457315,-0.7869553470128404
2.181093897671274,1.5003465664439148,-0.7874703448711178
2.1820939407238513,1.499558804507793,-0.787985771531468
2.1830939837764287,1.4987705269077334,-0.7885016286180638
2.184094026829006,1.497981733212479,-0.7890179177552386
2.1850940698815835,1.4971924229891485,-0.7895346405674982
2.186094112934161,1.4964025958032354,-0.7900517986795339
2.1870941559867383,1.4956122512186092,-0.7905693937162342
2.1880941990393157,1.4948213887975135,-0.7910874273026975
2.189094242091893,1.494030008100567,-0.7916059010642442
2.1900942851444705,1.4932381086867632,-0.792124816626429
2.191094328197048,1.4924456901134693,-0.7926441756150528
2.1920943712496253,1.4916527519364267,-0.7931639796561759
2.1930944143022026,1.4908592937097505,-0.7936842303761289
2.19409445735478,1.4900653149859293,-0.7942049294015258
2.1950945004073574,1.4892708153158252,-0.7947260783592756
2.196094543459935,1.4884757942486726,-0.7952476788765946
2.197094586512512,1.4876802513320788,-0.7957697325810189
2.1980946295650896,1.4868841861120232,-0.7962922411004156
2.199094672617667,1.4860875981328572,-0.7968152060629955
2.2000947156702444,1.4852904869373036,-0.7973386290973248
2.201094758722822,1.4844928520664564,-0.7978625118323371
2.202094801775399,1.4836946930597805,-0.7983868558973458
2.2030948448279766,1.4828960094551114,-0.7989116629220555
2.204094887880554,1.4820968007886541,-0.799436934536574
2.2050949309331314,1.4812970665949838,-0.7999626723714246
2.2060949739857088,1.4804968064070445,-0.8004888780575574
2.207095017038286,1.479696019756149,-0.8010155532263616
2.2080950600908635,1.4788947061719786,-0.8015426995096772
2.209095103143441,1.4780928651825824,-0.8020703185398066
2.2100951461960183,1.4772904963143767,-0.8025984119495266
2.2110951892485957,1.476487599092145,-0.8031269813721003
2.212095232301173,1.475684173039037,-0.8036560284412883
2.2130952753537505,1.4748802176765685,-0.8041855547913609
2.214095318406328,1.4740757325246205,-0.8047155620571098
2.2150953614589053,1.473270717101439,-0.8052460518738594
2.2160954045114827,1.4724651709236343,-0.8057770258774788
2.21709544756406,1.4716590935061804,-0.806308485704393
2.2180954906166375,1.4708524843624147,-0.806840432991595
2.2190955336692144,1.4700453430040372,-0.8073728693766573
2.220095576721792,1.4692376689411097,-0.807905796497743
2.221095619774369,1.468429461682056,-0.8084392159936177
2.2220956628269466,1.4676207207336602,-0.8089731295036611
2.223095705879524,1.466811445601067,-0.8095075386678782
2.2240957489321014,1.4660016357877805,-0.810042445126911
2.2250957919846788,1.465191290795664,-0.81057785052205
2.226095835037256,1.4643804101249387,-0.8111137564952453
2.2270958780898336,1.4635689932741838,-0.8116501646891182
2.228095921142411,1.4627570397403356,-0.8121870767469727
2.2290959641949883,1.461944549018686,-0.8127244943128066
2.2300960072475657,1.4611315206028832,-0.8132624190313232
2.231096050300143,1.46031795398493,-0.8138008525479423
2.2320960933527205,1.4595038486551835,-0.8143397965088115
2.233096136405298,1.4586892041023538,-0.8148792525608177
2.2340961794578753,1.457874019813504,-0.8154192223515984
2.2350962225104527,1.4570582952740492,-0.8159597075295525
2.23609626556303,1.4562420299677552,-0.816500709743852
2.2370963086156075,1.4554252233767386,-0.817042230644453
2.238096351668185,1.4546078749814655,-0.8175842718821069
2.2390963947207623,1.4537899842607505,-0.8181268351083714
2.2400964377733397,1.4529715506917564,-0.8186699219756217
2.241096480825917,1.4521525737499932,-0.8192135341370621
2.2420965238784945,1.4513330529093171,-0.8197576732467363
2.243096566931072,1.4505129876419298,-0.820302340959539
2.2440966099836492,1.4496923774183774,-0.8208475389312269
2.2450966530362266,1.4488712217075501,-0.8213932688184293
2.246096696088804,1.4480495199766807,-0.82193953227866
2.2470967391413814,1.4472272716913441,-0.8224863309703274
2.248096782193959,1.446404476315456,-0.8230336665527459
2.249096825246536,1.4455811333112727,-0.8235815406861468
2.2500968682991136,1.4447572421393893,-0.8241299550316893
2.251096911351691,1.4439328022587394,-0.8246789112514713
2.2520969544042684,1.4431078131265942,-0.8252284110085404
2.2530969974568458,1.4422822741985608,-0.8257784559669046
2.254097040509423,1.441456184928582,-0.8263290477915434
2.2550970835620006,1.4406295447689352,-0.8268801881484185
2.256097126614578,1.439802353170231,-0.8274318787044845
2.2570971696671553,1.4389746095814127,-0.8279841211277003
2.2580972127197327,1.4381463134497547,-0.8285369170870387
2.25909725577231,1.4373174642208624,-0.8290902682524985
2.2600972988248875,1.4364880613386701,-0.8296441762951146
2.261097341877465,1.4356581042454408,-0.8301986428869683
2.2620973849300423,1.4348275923817646,-0.8307536697011989
2.2630974279826197,1.433996525186558,-0.8313092584120139
2.264097471035197,1.4331649020970627,-0.8318654106946994
2.2650975140877745,1.4323327225488445,-0.8324221282256314
2.266097557140352,1.431499985975792,-0.8329794126822861
2.2670976001929293,1.4306666918101159,-0.8335372657432504
2.2680976432455062,1.4298328394823474,-0.8340956890882325
2.2690976862980836,1.4289984284213377,-0.8346546843980728
2.270097729350661,1.4281634580542566,-0.8352142533547541
2.2710977724032384,1.427327927806591,-0.8357743976414123
2.272097815455816,1.4264918371021436,-0.8363351189423469
2.273097858508393,1.425655185363033,-0.8368964189430316
2.2740979015609706,1.4248179720096914,-0.8374582993301245
2.275097944613548,1.4239801964608634,-0.8380207617914789
2.2760979876661254,1.423141858133605,-0.8385838080161535
2.2770980307187028,1.422302956443283,-0.839147439694423
2.27809807377128,1.4214634908035726,-0.8397116585177882
2.2790981168238575,1.4206234606264574,-0.840276466178987
2.280098159876435,1.419782865322227,-0.840841864372004
2.2810982029290123,1.418941704299477,-0.8414078547920817
2.2820982459815897,1.4180999769651064,-0.8419744391357299
2.283098289034167,1.4172576827243173,-0.8425416191007368
2.2840983320867445,1.416414820980613,-0.843109396386179
2.285098375139322,1.4155713911357977,-0.8436777726924316
2.2860984181918993,1.4147273925899737,-0.844246749721179
2.2870984612444767,1.4138828247415411,-0.8448163291754244
2.288098504297054,1.4130376869871968,-0.8453865127595007
2.2890985473496315,1.412191978721932,-0.8459573021790805
2.290098590402209,1.4113456993390314,-0.846528699141186
2.2910986334547863,1.4104988482300727,-0.8471007053541996
2.2920986765073637,1.4096514247849234,-0.8476733225278738
2.293098719559941,1.4088034283917414,-0.8482465523733415
2.2940987626125184,1.4079548584369723,-0.8488203966031259
2.295098805665096,1.4071057143053485,-0.849394856931151
2.2960988487176732,1.4062559953798877,-0.8499699350727513
2.2970988917702506,1.4054057010418912,-0.8505456327446819
2.298098934822828,1.4045548306709432,-0.8511219516651287
2.2990989778754054,1.4037033836449087,-0.8516988935537186
2.300099020927983,1.402851359339932,-0.8522764601315292
2.30109906398056,1.4019987571304362,-0.8528546531210989
2.3020991070331376,1.4011455763891203,-0.8534334742464368
2.303099150085715,1.400291816486959,-0.854012925233033
2.3040991931382924,1.3994374767932007,-0.8545930078078681
2.3050992361908698,1.3985825566753656,-0.8551737236994235
2.306099279243447,1.3977270554992447,-0.8557550746376911
2.3070993222960245,1.3968709726288986,-0.8563370623541832
2.308099365348602,1.3960143074266549,-0.8569196885819426
2.3090994084011793,1.3951570592531077,-0.8575029550555522
2.3100994514537567,1.3942992274671158,-0.8580868635111449
2.311099494506334,1.3934408114258008,-0.8586714156864136
2.3120995375589115,1.3925818104845455,-0.8592566133206206
2.313099580611489,1.3917222239969933,-0.8598424581546081
2.3140996236640663,1.3908620513150451,-0.8604289519308073
2.3150996667166437,1.390001291788859,-0.8610160963932482
2.316099709769221,1.3891399447668478,-0.8616038932875699
2.317099752821798,1.3882780095956782,-0.8621923443610299
2.3180997958743754,1.3874154856202685,-0.8627814513625136
2.319099838926953,1.3865523721837871,-0.8633712160425446
2.32009988197953,1.3856886686276515,-0.8639616401532939
2.3210999250321076,1.3848243742915256,-0.8645527254485895
2.322099968084685,1.3839594885133186,-0.8651444736839266
2.3231000111372624,1.3830940106291836,-0.8657368866164763
2.32410005418984,1.3822279399735153,-0.8663299660050963
2.325100097242417,1.381361275878949,-0.8669237136103396
2.3261001402949946,1.3804940176763583,-0.8675181311944644
2.327100183347572,1.3796261646948533,-0.8681132205214438
2.3281002264001494,1.3787577162617797,-0.868708983356975
2.3291002694527267,1.3778886717027161,-0.8693054214684891
2.330100312505304,1.3770190303414733,-0.8699025366251604
2.3311003555578815,1.3761487915000916,-0.8705003305979159
2.332100398610459,1.3752779544988392,-0.8710988051594449
2.3331004416630363,1.374406518656211,-0.8716979620842086
2.3341004847156137,1.3735344832889267,-0.8722978031484487
2.335100527768191,1.372661847711928,-0.872898330130198
2.3361005708207685,1.3717886112383781,-0.8734995448092889
2.337100613873346,1.3709147731796596,-0.8741014489673631
2.3381006569259233,1.370040332845372,-0.874704044387881
2.3391006999785007,1.3691652895433308,-0.8753073328561307
2.340100743031078,1.3682896425795648,-0.875911316159238
2.3411007860836555,1.3674133912583148,-0.876515996086175
2.342100829136233,1.366536534882032,-0.8771213744277699
2.3431008721888102,1.365659072751375,-0.8777274529767158
2.3441009152413876,1.3647810041652095,-0.8783342335275803
2.345100958293965,1.363902328420605,-0.8789417178768146
2.3461010013465424,1.3630230448128342,-0.8795499078227629
2.34710104439912,1.3621431526353696,-0.8801588051656711
2.348101087451697,1.3612626511798829,-0.8807684117076968
2.3491011305042746,1.3603815397362424,-0.8813787292529177
2.350101173556852,1.3594998175925117,-0.881989759607341
2.3511012166094294,1.358617484034947,-0.8826015045789127
2.352101259662007,1.3577345383479955,-0.8832139659775264
2.353101302714584,1.3568509798142936,-0.8838271456150328
2.3541013457671616,1.3559668077146645,-0.8844410453052484
2.355101388819739,1.3550820213281167,-0.8850556668639644
2.3561014318723164,1.3541966199318423,-0.8856710121089566
2.3571014749248937,1.3533106028012136,-0.8862870828599935
2.358101517977471,1.3524239692097828,-0.8869038809388456
2.3591015610300485,1.351536718429279,-0.8875214081692947
2.360101604082626,1.3506488497296065,-0.8881396663771423
2.3611016471352033,1.3497603623788426,-0.8887586573902188
2.3621016901877807,1.3488712556432356,-0.8893783830383928
2.363101733240358,1.347981528787203,-0.8899988451535794
2.3641017762929355,1.3470911810733293,-0.8906200455697495
2.3651018193455124,1.3462002117623637,-0.8912419861229384
2.36610186239809,1.3453086201132185,-0.8918646686512548
2.3671019054506672,1.3444164053829668,-0.8924880949948898
2.3681019485032446,1.3435235668268402,-0.8931122669961254
2.369101991555822,1.3426301036982267,-0.8937371864993435
2.3701020346083994,1.3417360152486693,-0.8943628553510344
2.371102077660977,1.3408413007278628,-0.8949892753998061
2.372102120713554,1.339945959383653,-0.8956164484963924
2.3731021637661316,1.3390499904620328,-0.8962443764936623
2.374102206818709,1.338153393207142,-0.896873061246628
2.3751022498712864,1.337256166861264,-0.8975025046124541
2.3761022929238638,1.3363583106648234,-0.898132708450466
2.377102335976441,1.3354598238563848,-0.8987636746221587
2.3781023790290186,1.3345607056726503,-0.8993954049912053
2.379102422081596,1.3336609553484566,-0.9000279014234657
2.3801024651341733,1.3327605721167737,-0.9006611657869952
2.3811025081867507,1.331859555208702,-0.9012951999520529
2.382102551239328,1.3309579038534711,-0.9019300057911105
2.3831025942919055,1.3300556172784364,-0.9025655851788605
2.384102637344483,1.3291526947090777,-0.9032019399922253
2.3851026803970603,1.3282491353689965,-0.9038390721103648
2.3861027234496377,1.3273449384799139,-0.9044769834146857
2.387102766502215,1.3264401032616686,-0.9051156757888495
2.3881028095547925,1.3255346289322143,-0.9057551511187811
2.38910285260737,1.3246285147076176,-0.9063954112926771
2.3901028956599473,1.3237217598020556,-0.9070364582010141
2.3911029387125247,1.322814363427814,-0.9076782937365575
2.392102981765102,1.321906324795284,-0.9083209197943694
2.3931030248176794,1.3209976431129609,-0.9089643382718169
2.394103067870257,1.320088317587441,-0.909608551068581
2.3951031109228342,1.31917834742342,-0.9102535600866641
2.3961031539754116,1.3182677318236906,-0.910899367230399
2.397103197027989,1.3173564699891394,-0.9115459744064563
2.3981032400805664,1.3164445611187452,-0.9121933835238536
2.399103283133144,1.3155320044095768,-0.9128415964939629
2.400103326185721,1.3146187990567901,-0.9134906152305192
2.4011033692382986,1.313704944253626,-0.9141404416496286
2.402103412290876,1.312790439191408,-0.9147910776697763
2.4031034553434534,1.3118752830595402,-0.9154425252118348
2.4041034983960308,1.310959475045504,-0.916094786199072
2.405103541448608,1.3100430143348567,-0.9167478625571595
2.4061035845011856,1.3091259001112283,-0.9174017562141801
2.407103627553763,1.3082081315563199,-0.9180564691006363
2.4081036706063403,1.3072897078499002,-0.9187120031494583
2.4091037136589177,1.306370628169804,-0.9193683602960117
2.410103756711495,1.3054508916919294,-0.9200255424781055
2.4111037997640725,1.3045304975902354,-0.9206835516360006
2.41210384281665,1.3036094450367395,-0.9213423897124167
2.4131038858692273,1.302687733201515,-0.9220020586525411
2.4141039289218043,1.3017653612526887,-0.9226625604040365
2.4151039719743816,1.3008423283564385,-0.923323896917048
2.416104015026959,1.2999186336769908,-0.923986070144212
2.4171040580795364,1.298994276376618,-0.9246490820406632
2.418104101132114,1.2980692556156361,-0.9253129345640431
2.419104144184691,1.2971435705524021,-0.9259776296745069
2.4201041872372686,1.2962172203433113,-0.9266431693347322
2.421104230289846,1.2952902041427954,-0.9273095555099259
2.4221042733424234,1.294362521103319,-0.9279767901678322
2.423104316395001,1.293434170375378,-0.9286448752787404
2.424104359447578,1.2925051511074965,-0.9293138128154923
2.4251044025001556,1.2915754624462246,-0.9299836047534901
2.426104445552733,1.2906451035361353,-0.9306542530707035
2.4271044886053104,1.2897140735198225,-0.931325759747678
2.4281045316578878,1.288782371537898,-0.9319981267675416
2.429104574710465,1.2878499967289894,-0.9326713561160129
2.4301046177630425,1.2869169482297367,-0.9333454497814087
2.43110466081562,1.2859832251747905,-0.9340204097546506
2.4321047038681973,1.2850488266968092,-0.9346962380292736
2.4331047469207747,1.284113751926456,-0.9353729366014327
2.434104789973352,1.283177999992397,-0.9360505074699106
2.4351048330259295,1.2822415700212972,-0.9367289526361249
2.436104876078507,1.28130446113782,-0.9374082741041357
2.4371049191310843,1.2803666724646223,-0.9380884738806529
2.4381049621836617,1.2794282031223536,-0.9387695539750429
2.439105005236239,1.278489052229652,-0.9394515163993367
2.4401050482888165,1.2775492189031425,-0.9401343631682365
2.441105091341394,1.276608702257434,-0.9408180962991235
2.4421051343939713,1.2756675014051164,-0.9415027178120643
2.4431051774465486,1.2747256154567583,-0.9421882297298189
2.444105220499126,1.2737830435209039,-0.942874634077847
2.4451052635517034,1.2728397847040707,-0.9435619328843159
2.446105306604281,1.2718958381107464,-0.9442501281801069
2.447105349656858,1.2709512028433865,-0.9449392219988229
2.4481053927094356,1.2700058780024115,-0.9456292163767949
2.449105435762013,1.269059862686204,-0.9463201133530893
2.4501054788145904,1.2681131559911059,-0.947011914969515
2.451105521867168,1.267165757011416,-0.9477046232706299
2.452105564919745,1.2662176648393877,-0.948398240303748
2.4531056079723226,1.2652688785652244,-0.9490927681189465
2.4541056510249,1.2643193972770788,-0.9497882087690723
2.4551056940774774,1.263369220061049,-0.9504845643097491
2.4561057371300548,1.262418346001176,-0.9511818367993841
2.457105780182632,1.261466774179441,-0.9518800282991743
2.4581058232352095,1.2605145036757626,-0.952579140873114
2.459105866287787,1.2595615335679935,-0.9532791765880012
2.4601059093403643,1.2586078629319186,-0.953980137513444
2.4611059523929417,1.2576534908412516,-0.9546820257218674
2.462105995445519,1.256698416367632,-0.9553848432885202
2.463106038498096,1.2557426385806227,-0.9560885922914811
2.4641060815506735,1.2547861565477072,-0.9567932748116655
2.465106124603251,1.2538289693342861,-0.957498892932832
2.4661061676558282,1.2528710760036752,-0.9582054487415888
2.4671062107084056,1.251912475617102,-0.9589129443274003
2.468106253760983,1.250953167233703,-0.9596213817825934
2.4691062968135604,1.249993149910521,-0.9603307632023638
2.470106339866138,1.2490324227025016,-0.9610410906847826
2.471106382918715,1.2480709846624913,-0.9617523663308025
2.4721064259712926,1.2471088348412342,-0.962464592244264
2.47310646902387,1.2461459722873685,-0.9631777705319015
2.4741065120764474,1.2451823960474244,-0.9638919033033501
2.4751065551290248,1.244218105165821,-0.9646069926711512
2.476106598181602,1.2432530986848633,-0.9653230407507591
2.4771066412341796,1.2422873756447392,-0.9660400496605467
2.478106684286757,1.2413209350835166,-0.9667580215218118
2.4791067273393343,1.2403537760371408,-0.9674769584587832
2.4801067703919117,1.239385897539431,-0.9681968625986267
2.481106813444489,1.2384172986220778,-0.9689177360714508
2.4821068564970665,1.2374479783146404,-0.9696395810103132
2.483106899549644,1.236477935644543,-0.9703623995512263
2.4841069426022213,1.2355071696370723,-0.9710861938331629
2.4851069856547987,1.2345356793153746,-0.9718109659980625
2.486107028707376,1.2335634637004524,-0.972536718190837
2.4871070717599535,1.2325905218111621,-0.9732634525593762
2.488107114812531,1.2316168526642104,-0.9739911712545538
2.4891071578651083,1.2306424552741515,-0.974719876430233
2.4901072009176857,1.2296673286533841,-0.9754495702432718
2.491107243970263,1.2286914718121487,-0.9761802548535294
2.4921072870228405,1.2277148837585241,-0.9769119324238712
2.493107330075418,1.2267375634984248,-0.9776446051201743
2.4941073731279952,1.2257595100355978,-0.9783782751113332
2.4951074161805726,1.2247807223716194,-0.9791129445692655
2.49610745923315,1.2238011995058926,-0.9798486156689167
2.4971075022857274,1.2228209404356438,-0.9805852905882662
2.498107545338305,1.2218399441559198,-0.9813229715083321
2.499107588390882,1.2208582096595848,-0.9820616606131771
2.5001076314434596,1.2198757359373171,-0.9828013600899134
2.501107674496037,1.2188925219776066,-0.9835420721287076
2.5021077175486144,1.217908566766751,-0.9842837989227866
2.503107760601192,1.2169238692888538,-0.9850265426684425
2.504107803653769,1.2159384285258197,-0.9857703055650371
2.5051078467063466,1.2149522434573532,-0.9865150898150079
2.506107889758924,1.2139653130609542,-0.9872608976238724
2.5071079328115013,1.2129776363119158,-0.9880077312002334
2.5081079758640787,1.2119892121833207,-0.9887555927557841
2.509108018916656,1.211000039646038,-0.9895044845053123
2.5101080619692335,1.210010117668721,-0.9902544086667059
2.511108105021811,1.209019445217803,-0.9910053674609576
2.512108148074388,1.2080280212574945,-0.9917573631121693
2.5131081911269653,1.2070358447497809,-0.9925103978475573
2.5141082341795427,1.2060429146544183,-0.9932644738974565
2.51510827723212,1.2050492299289306,-0.9940195934953254
2.5161083202846974,1.204054789528607,-0.9947757588777505
2.517108363337275,1.203059592406498,-0.9955329722844507
2.5181084063898522,1.2020636375134133,-0.996291235958282
2.5191084494424296,1.2010669237979177,-0.9970505521452419
2.520108492495007,1.2000694502063283,-0.9978109230944736
2.5211085355475844,1.1990712156827115,-0.9985723510582708
2.522108578600162,1.1980722191688797,-0.9993348382920814
2.523108621652739,1.1970724596043882,-1.000098387054512
2.5241086647053166,1.1960719359265322,-1.0008629996073322
2.525108707757894,1.195070647070343,-1.0016286782154789
2.5261087508104714,1.1940685919685856,-1.00239542514706
2.5271087938630488,1.1930657695517553,-1.0031632426733583
2.528108836915626,1.192062178748074,-1.0039321330688364
2.5291088799682035,1.1910578184834881,-1.00470209861114
2.530108923020781,1.1900526876816642,-1.0054731415811011
2.5311089660733583,1.189046785263986,-1.0062452642627437
2.5321090091259357,1.1880401101495526,-1.007018468943286
2.533109052178513,1.1870326612551731,-1.0077927579131445
2.5341090952310905,1.186024437495365,-1.008568133465938
2.535109138283668,1.1850154377823505,-1.0093445978984914
2.5361091813362453,1.184005661026053,-1.0101221535108387
2.5371092243888227,1.1829951061340944,-1.0109008026062267
2.5381092674414,1.1819837720117916,-1.011680547491119
2.5391093104939775,1.1809716575621532,-1.0124613904751987
2.540109353546555,1.1799587616858767,-1.013243333871372
2.5411093965991323,1.1789450832813446,-1.014026379995772
2.5421094396517097,1.177930621244622,-1.0148105311677615
2.543109482704287,1.176915374469452,-1.0155957897099361
2.5441095257568644,1.1758993418472548,-1.0163821579481276
2.545109568809442,1.1748825222671218,-1.0171696382114068
2.5461096118620192,1.1738649146158142,-1.0179582328320873
2.5471096549145966,1.1728465177777594,-1.0187479441457274
2.548109697967174,1.1718273306350468,-1.019538774491134
2.5491097410197514,1.1708073520674258,-1.0203307262103645
2.550109784072329,1.1697865809523018,-1.0211238016487305
2.551109827124906,1.1687650161647334,-1.0219180031548003
2.5521098701774836,1.1677426565774285,-1.0227133330804008
2.553109913230061,1.1667195010607416,-1.0235097937806212
2.5541099562826384,1.1656955484826708,-1.0243073876138151
2.5551099993352158,1.1646707977088535,-1.0251061169416031
2.556110042387793,1.163645247602564,-1.025905984128875
2.5571100854403706,1.16261889702471,-1.0267069915437919
2.558110128492948,1.1615917448338293,-1.0275091415577897
2.5591101715455253,1.1605637898860865,-1.0283124365455802
2.5601102145981027,1.1595350310352697,-1.0291168788851537
2.5611102576506797,1.1585054671327872,-1.0299224709577812
2.562110300703257,1.1574750970276646,-1.030729215148016
2.5631103437558345,1.1564439195665408,-1.0315371138436966
2.564110386808412,1.1554119335936655,-1.0323461694359477
2.5651104298609892,1.1543791379508952,-1.0331563843191822
2.5661104729135666,1.1533455314776906,-1.0339677608911038
2.567110515966144,1.1523111130111126,-1.0347803015527075
2.5681105590187214,1.1512758813858193,-1.0355940087082824
2.569110602071299,1.150239835434063,-1.0364088847654125
2.570110645123876,1.1492029739856868,-1.0372249321349785
2.5711106881764536,1.1481652958681208,-1.0380421532311594
2.572110731229031,1.1471267999063794,-1.0388605504714337
2.5731107742816084,1.1460874849230578,-1.0396801262765805
2.574110817334186,1.1450473497383282,-1.0405008830706812
2.575110860386763,1.1440063931699378,-1.0413228232811207
2.5761109034393406,1.142964614033204,-1.0421459493385876
2.577110946491918,1.1419220111410118,-1.0429702636770761
2.5781109895444954,1.1408785833038106,-1.043795768733887
2.5791110325970728,1.139834329329611,-1.044622466949628
2.58011107564965,1.1387892480239807,-1.0454503607682148
2.5811111187022275,1.1377433381900421,-1.046279452636872
2.582111161754805,1.1366965986284687,-1.047109745006133
2.5831112048073823,1.1356490281374814,-1.047941240329842
2.5841112478599597,1.1346006255128454,-1.048773941065153
2.585111290912537,1.1335513895478673,-1.0496078496725312
2.5861113339651145,1.1325013190333915,-1.0504429686157524
2.587111377017692,1.1314504127577965,-1.0512793003619045
2.5881114200702693,1.1303986695069923,-1.0521168473813867
2.5891114631228467,1.1293460880644166,-1.05295561214791
2.590111506175424,1.1282926672110316,-1.0537955971384974
2.5911115492280015,1.1272384057253209,-1.054636804833483
2.592111592280579,1.1261833023832857,-1.0554792377165134
2.5931116353331563,1.125127355958442,-1.0563228982745456
2.5941116783857336,1.1240705652218173,-1.0571677889978484
2.595111721438311,1.1230129289419464,-1.0580139123800005
2.5961117644908884,1.1219544458848694,-1.0588612709178915
2.597111807543466,1.1208951148141273,-1.0597098671117204
2.598111850596043,1.1198349344907594,-1.0605597034649952
2.5991118936486206,1.1187739036733,-1.0614107824845318
2.600111936701198,1.117712021117774,-1.0622631066804542
2.6011119797537754,1.1166492855776953,-1.0631166785661925
2.602112022806353,1.115585695804062,-1.0639715006584827
2.60311206585893,1.1145212505453541,-1.0648275754773648
2.6041121089115076,1.1134559485475295,-1.0656849055461828
2.605112151964085,1.112389788554021,-1.066543493391582
2.6061121950166624,1.1113227693057335,-1.0674033415435091
2.6071122380692398,1.1102548895410396,-1.0682644525352096
2.608112281121817,1.109186147995777,-1.069126828903227
2.609112324174394,1.1081165434032452,-1.0699904731874008
2.6101123672269715,1.1070460744942021,-1.0708553879308653
2.611112410279549,1.105974739996861,-1.071721575680047
2.6121124533321263,1.1049025386368865,-1.0725890389846628
2.6131124963847037,1.103829469137392,-1.0734577803977192
2.614112539437281,1.1027555302189362,-1.0743278024755085
2.6151125824898585,1.1016807205995196,-1.0751991077776077
2.616112625542436,1.1006050389945814,-1.0760716988668761
2.6171126685950132,1.099528484116996,-1.0769455783094524
2.6181127116475906,1.0984510546770707,-1.0778207486747524
2.619112754700168,1.0973727493825407,-1.078697212535467
2.6201127977527454,1.0962935669385672,-1.0795749724675587
2.621112840805323,1.0952135060477335,-1.0804540310502595
2.6221128838579,1.0941325654100422,-1.0813343908660673
2.6231129269104776,1.0930507437229113,-1.0822160545007433
2.624112969963055,1.0919680396811717,-1.083099024543309
2.6251130130156324,1.0908844519770633,-1.0839833035860427
2.6261130560682098,1.089799979300232,-1.0848688942244764
2.627113099120787,1.0887146203377265,-1.0857557990573925
2.6281131421733646,1.087628373773995,-1.08664402068682
2.629113185225942,1.0865412382908817,-1.0875335617180306
2.6301132282785193,1.0854532125676242,-1.0884244247595358
2.6311132713310967,1.0843642952808494,-1.0893166124230824
2.632113314383674,1.0832744851045712,-1.0902101273236486
2.6331133574362515,1.0821837807101864,-1.09110497207944
2.634113400488829,1.081092180766472,-1.0920011493118855
2.6351134435414063,1.0799996839395818,-1.092898661645633
2.6361134865939837,1.0789062888930434,-1.0937975117085452
2.637113529646561,1.0778119942877546,-1.0946977021316942
2.6381135726991385,1.0767167987819808,-1.0955992355493578
2.639113615751716,1.075620701031351,-1.0965021145990144
2.6401136588042933,1.074523699688855,-1.097406341921338
2.6411137018568707,1.0734257934048406,-1.0983119201601936
2.642113744909448,1.0723269808270095,-1.0992188519626318
2.6431137879620255,1.0712272606004152,-1.1001271399788832
2.644113831014603,1.070126631367459,-1.1010367868623538
2.6451138740671802,1.0690250917678867,-1.101947795269619
2.6461139171197576,1.0679226404387867,-1.1028601678604184
2.647113960172335,1.0668192760145854,-1.1037739072976496
2.6481140032249124,1.0657149971270445,-1.1046890162473626
2.64911404627749,1.0646098024052584,-1.105605497378754
2.650114089330067,1.0635036904756503,-1.1065233533641605
2.6511141323826446,1.0623966599619694,-1.1074425868790534
2.652114175435222,1.0612887094852879,-1.1083632006020314
2.6531142184877994,1.0601798376639975,-1.1092851972148146
2.6541142615403768,1.0590700431138067,-1.1102085794022376
2.655114304592954,1.0579593244477374,-1.111133349852243
2.6561143476455316,1.056847680276122,-1.112059511255875
2.657114390698109,1.0557351092066,-1.1129870663072712
2.658114433750686,1.0546216098441155,-1.1139160177036562
2.6591144768032633,1.053507180790913,-1.1148463681453344
2.6601145198558407,1.0523918206465361,-1.1157781203356827
2.661114562908418,1.0512755280078223,-1.1167112769811423
2.6621146059609955,1.0501583014689015,-1.1176458407912118
2.663114649013573,1.0490401396211926,-1.1185818144784385
2.6641146920661503,1.0479210410534,-1.1195192007584114
2.6651147351187277,1.046801004351511,-1.1204580023497523
2.666114778171305,1.0456800280987928,-1.1213982219741083
2.6671148212238824,1.044558110875789,-1.1223398623561427
2.66811486427646,1.0434352512603173,-1.1232829262235267
2.6691149073290372,1.042311447827466,-1.1242274163069308
2.6701149503816146,1.0411866991495908,-1.1251733353400164
2.671114993434192,1.0400610037963125,-1.126120686059426
2.6721150364867694,1.0389343603345134,-1.1270694712047744
2.673115079539347,1.0378067673283349,-1.12801969351864
2.674115122591924,1.0366782233391738,-1.1289713557465546
2.6751151656445016,1.0355487269256802,-1.129924460636994
2.676115208697079,1.034418276643754,-1.1308790109413687
2.6771152517496564,1.0332868710465417,-1.1318350094140135
2.6781152948022338,1.0321545086844346,-1.132792458812178
2.679115337854811,1.0310211881050646,-1.133751361896016
2.6801153809073885,1.0298869078533022,-1.134711721428575
2.681115423959966,1.0287516664712533,-1.1356735401757863
2.6821154670125433,1.0276154624982559,-1.1366368209064541
2.6831155100651207,1.0264782944708781,-1.1376015663922445
2.684115553117698,1.025340160922915,-1.1385677794076745
2.6851155961702755,1.0242010603853846,-1.1395354627301013
2.686115639222853,1.0230609913865272,-1.1405046191397104
2.6871156822754303,1.0219199524518006,-1.1414752514195043
2.6881157253280077,1.0207779421038785,-1.1424473623552913
2.689115768380585,1.019634958862647,-1.143420954735673
2.6901158114331625,1.0184910012452022,-1.1443960313520332
2.69111585448574,1.0173460677658475,-1.1453725949985247
2.6921158975383173,1.0162001569360903,-1.146350648472058
2.6931159405908947,1.0150532672646397,-1.1473301945722878
2.694115983643472,1.013905397257404,-1.1483112361016012
2.6951160266960494,1.012756545417487,-1.1492937758651047
2.696116069748627,1.0116067102451864,-1.1502778166706107
2.6971161128012042,1.0104558902379905,-1.1512633613286245
2.6981161558537816,1.0093040838905758,-1.1522504126523316
2.699116198906359,1.0081512896948037,-1.1532389734575832
2.7001162419589364,1.0069975061397187,-1.1542290465628828
2.701116285011514,1.0058427317115453,-1.155220634789373
2.702116328064091,1.0046869648936851,-1.15621374096082
2.7031163711166686,1.003530204166715,-1.1572083679036003
2.704116414169246,1.0023724480083835,-1.1582045184466865
2.7051164572218234,1.0012136948936097,-1.1592021954216316
2.7061165002744008,1.0000539432944786,-1.160201401662555
2.7071165433269777,0.9988931916802405,-1.161202140006127
2.708116586379555,0.9977314385173072,-1.1622044132915539
2.7091166294321325,0.99656868226925,-1.1632082243605626
2.71011667248471,0.9954049213967971,-1.1642135760573846
2.7111167155372873,0.9942401543578314,-1.1652204712287404
2.7121167585898647,0.9930743796073873,-1.1662289127238237
2.713116801642442,0.9919075955976487,-1.1672389033942847
2.7141168446950195,0.9907398007779469,-1.1682504460942142
2.715116887747597,0.9895709935947572,-1.169263543680127
2.7161169308001742,0.9884011724916976,-1.1702781990109445
2.7171169738527516,0.9872303359095255,-1.1712944149479783
2.718117016905329,0.9860584822861357,-1.1723121943549124
2.7191170599579064,0.9848856100565583,-1.1733315400977868
2.720117103010484,0.9837117176529557,-1.1743524550449786
2.721117146063061,0.9825368035046209,-1.175374942067185
2.7221171891156386,0.9813608660379748,-1.1763990040374048
2.723117232168216,0.980183903676564,-1.1774246438309206
2.7241172752207934,0.9790059148410588,-1.1784518643252797
2.725117318273371,0.9778268979492504,-1.1794806684002759
2.726117361325948,0.9766468514160491,-1.1805110589379304
2.7271174043785256,0.975465773653482,-1.1815430388224726
2.728117447431103,0.9742836630706907,-1.182576610940321
2.7291174904836804,0.973100518073929,-1.1836117781800635
2.7301175335362577,0.9719163370665613,-1.184648543432437
2.731117576588835,0.9707311184490598,-1.1856869095903084
2.7321176196414125,0.9695448606190027,-1.1867268795486539
2.73311766269399,0.968357561971072,-1.187768456204538
2.7341177057465673,0.9671692208970516,-1.188811642457094
2.7351177487991447,0.965979835785825,-1.1898564412075014
2.736117791851722,0.9647894050233734,-1.1909028553589665
2.7371178349042995,0.9635979269927738,-1.1919508878166993
2.738117877956877,0.9624054000741966,-1.1930005414878935
2.7391179210094543,0.9612118226449042,-1.1940518192817031
2.7401179640620317,0.9600171930792486,-1.1951047241092216
2.741118007114609,0.9588215097486696,-1.1961592588834584
2.7421180501671865,0.957624771021693,-1.1972154265193171
2.743118093219764,0.9564269752639285,-1.1982732299335725
2.7441181362723412,0.9552281208380681,-1.199332672044847
2.7451181793249186,0.9540282061038841,-1.2003937557735875
2.746118222377496,0.9528272294182273,-1.2014564840420425
2.7471182654300734,0.9516251891350253,-1.2025208597742372
2.748118308482651,0.9504220836052806,-1.2035868858959495
2.749118351535228,0.9492179111770689,-1.204654565334687
2.7501183945878056,0.9480126701955376,-1.2057239010196603
2.751118437640383,0.9468063590029037,-1.2067948958817598
2.7521184806929604,0.9455989759384524,-1.2078675528535299
2.753118523745538,0.9443905193385356,-1.2089418748691436
2.754118566798115,0.9431809875365698,-1.210017864864377
2.7551186098506926,0.941970378863035,-1.211095525776583
2.7561186529032695,0.940758691645473,-1.212174860544666
2.757118695955847,0.9395459242084856,-1.2132558721090545
2.7581187390084243,0.9383320748737334,-1.2143385634116746
2.7591187820610017,0.9371171419599342,-1.2154229373959233
2.760118825113579,0.9359011237828617,-1.2165089970066412
2.7611188681661565,0.9346840186553437,-1.2175967451900847
2.762118911218734,0.9334658248872609,-1.218686184893898
2.7631189542713113,0.9322465407855459,-1.2197773190670855
2.7641189973238887,0.9310261646541811,-1.2208701506599837
2.765119040376466,0.9298046947941979,-1.2219646826242312
2.7661190834290434,0.9285821295036754,-1.2230609179127407
2.767119126481621,0.9273584670777388,-1.22415885947967
2.7681191695341982,0.9261337058085588,-1.2252585102803915
2.7691192125867756,0.9249078439853496,-1.2263598732714636
2.770119255639353,0.9236808798943685,-1.2274629514105992
2.7711192986919304,0.9224528118189141,-1.2285677476566368
2.772119341744508,0.9212236380393256,-1.2296742649695083
2.773119384797085,0.9199933568329816,-1.230782506310209
2.7741194278496626,0.918761966474299,-1.2318924746407658
2.77511947090224,0.9175294652347321,-1.233004172924206
2.7761195139548174,0.9162958513827716,-1.234117604124525
2.7771195570073948,0.9150611231839435,-1.235232771206654
2.778119600059972,0.9138252789008084,-1.2363496771364277
2.7791196431125496,0.9125883167929606,-1.2374683248805516
2.780119686165127,0.9113502351170267,-1.2385887174065686
2.7811197292177043,0.9101110321266658,-1.2397108576828253
2.7821197722702817,0.9088707060725676,-1.2408347486784388
2.783119815322859,0.9076292552024525,-1.2419603933632621
2.7841198583754365,0.9063866777610706,-1.2430877947078498
2.785119901428014,0.9051429719902009,-1.2442169556834233
2.7861199444805913,0.9038981361286507,-1.2453478792618355
2.7871199875331687,0.9026521684122549,-1.2464805684155364
2.788120030585746,0.9014050670738759,-1.247615026117536
2.7891200736383235,0.9001568303434023,-1.2487512553413689
2.790120116690901,0.898907456447749,-1.2498892590610577
2.7911201597434783,0.8976569436108566,-1.2510290402510766
2.7921202027960557,0.8964052900536905,-1.2521706018863141
2.793120245848633,0.8951524939942413,-1.2533139469420351
2.7941202889012104,0.893898553647524,-1.254459078393844
2.795120331953788,0.8926434672255775,-1.255605999217646
2.7961203750063652,0.8913872329374647,-1.2567547123896088
2.7971204180589426,0.8901298489892719,-1.2579052208861237
2.79812046111152,0.8888713135841092,-1.2590575276837663
2.7991205041640974,0.8876116249221093,-1.2602116357592574
2.800120547216675,0.8863507812004285,-1.2613675480894229
2.801120590269252,0.885088780613246,-1.2625252676511534
2.8021206333218296,0.8838256213517639,-1.2636847974213636
2.803120676374407,0.8825613016042071,-1.264846140376952
2.804120719426984,0.8812958195558238,-1.2660092994947583
2.8051207624795613,0.8800291733888852,-1.267174277751523
2.8061208055321387,0.8787613612826856,-1.2683410781238442
2.807120848584716,0.8774923814135426,-1.2695097035881364
2.8081208916372935,0.8762222319547975,-1.2706801571205866
2.809120934689871,0.8749509110768156,-1.2718524416971113
2.8101209777424483,0.8736784169469858,-1.2730265602933135
2.8111210207950257,0.8724047477297219,-1.274202515884438
2.812121063847603,0.8711299015864624,-1.2753803114453275
2.8131211069001805,0.869853876675671,-1.276559949950378
2.814121149952758,0.8685766711528371,-1.2777414343734927
2.8151211930053353,0.8672982831704764,-1.2789247676880382
2.8161212360579126,0.8660187108781313,-1.2801099528667967
2.81712127911049,0.8647379524223717,-1.2812969928819213
2.8181213221630674,0.8634560059467956,-1.282485890704888
2.819121365215645,0.8621728695920297,-1.283676649306449
2.820121408268222,0.8608885414957299,-1.2848692716565862
2.8211214513207996,0.8596030197925829,-1.2860637607244612
2.822121494373377,0.8583163026143062,-1.2872601194783688
2.8231215374259544,0.8570283880896497,-1.2884583508856877
2.824121580478532,0.8557392743443957,-1.289658457912831
2.825121623531109,0.8544489595013609,-1.2908604435251965
2.8261216665836866,0.8531574416803969,-1.2920643106871175
2.827121709636264,0.8518647189983912,-1.2932700623618114
2.8281217526888414,0.8505707895692689,-1.2944777015113298
2.8291217957414188,0.8492756515039933,-1.2956872310965062
2.830121838793996,0.8479793029105674,-1.2968986540769052
2.8311218818465735,0.8466817418940352,-1.2981119734107696
2.832121924899151,0.8453829665564828,-1.2993271920549683
2.8331219679517283,0.8440829749970403,-1.300544312964943
2.8341220110043057,0.842781765311883,-1.3017633390946548
2.835122054056883,0.8414793355942325,-1.3029842733965304
2.8361220971094605,0.8401756839343589,-1.3042071188214077
2.837122140162038,0.8388708084195823,-1.3054318783184806
2.8381221832146153,0.837564707134274,-1.306658554835244
2.8391222262671927,0.8362573781598587,-1.3078871513174386
2.84012226931977,0.8349488195748161,-1.3091176707089938
2.8411223123723475,0.8336390294546829,-1.3103501159519713
2.842122355424925,0.8323280058720545,-1.3115844899865083
2.8431223984775023,0.8310157468965867,-1.3128207957507598
2.8441224415300796,0.8297022505949987,-1.3140590361808406
2.845122484582657,0.8283875150310739,-1.3152992142107662
2.8461225276352344,0.8270715382656629,-1.3165413327723945
2.847122570687812,0.8257543183566856,-1.3177853947953662
2.848122613740389,0.8244358533591327,-1.3190314032070443
2.8491226567929666,0.8231161413250692,-1.3202793609324543
2.850122699845544,0.8217951803036356,-1.321529270894223
2.8511227428981214,0.8204729683410514,-1.3227811360125168
2.852122785950699,0.8191495034806167,-1.32403495920498
2.8531228290032757,0.8178247837627152,-1.3252907433866727
2.854122872055853,0.8164988072248167,-1.3265484914700072
2.8551229151084305,0.8151715719014799,-1.3278082063646852
2.856122958161008,0.8138430758243551,-1.3290698909776335
2.8571230012135853,0.8125133170221869,-1.3303335482129397
2.8581230442661627,0.8111822935208169,-1.3315991809717869
2.85912308731874,0.8098500033431874,-1.3328667921523887
2.8601231303713175,0.8085164445093432,-1.334136384649923
2.861123173423895,0.807181615036436,-1.3354079613564658
2.8621232164764723,0.8058455129387265,-1.3366815251609232
2.8631232595290497,0.8045081362275881,-1.3379570789489652
2.864123302581627,0.8031694829115099,-1.3392346256029564
2.8651233456342045,0.8018295509961004,-1.340514168001888
2.866123388686782,0.8004883384840906,-1.3417957090213086
2.8671234317393592,0.7991458433753377,-1.3430792515332544
2.8681234747919366,0.7978020636668282,-1.3443647984061784
2.869123517844514,0.7964569973526822,-1.345652352504881
2.8701235608970914,0.7951106424241565,-1.346941916690437
2.871123603949669,0.7937629968696488,-1.348233493820125
2.872123647002246,0.7924140586747012,-1.349527086747354
2.8731236900548236,0.7910638258220041,-1.3508226983215914
2.874123733107401,0.7897122962914006,-1.352120331388288
2.8751237761599784,0.7883594680598901,-1.353419988788805
2.8761238192125558,0.7870053391016326,-1.3547216733603389
2.877123862265133,0.7856499073879529,-1.3560253879358464
2.8781239053177106,0.784293170887345,-1.357331135343968
2.879123948370288,0.782935127565476,-1.3586389184089525
2.8801239914228653,0.7815757753851912,-1.3599487399505783
2.8811240344754427,0.7802151123065181,-1.361260602784078
2.88212407752802,0.7788531362866712,-1.3625745097200581
2.8831241205805975,0.7774898452800567,-1.3638904635644218
2.884124163633175,0.776125237238277,-1.3652084671182885
2.8851242066857523,0.7747593101101357,-1.3665285231779143
2.8861242497383297,0.7733920618416426,-1.3678506345346113
2.887124292790907,0.7720234903760185,-1.3691748039746663
2.8881243358434845,0.7706535936537003,-1.3705010342792592
2.889124378896062,0.7692823696123464,-1.37182932822438
2.8901244219486393,0.7679098161868415,-1.373159688580747
2.8911244650012167,0.7665359313093022,-1.3744921181137215
2.892124508053794,0.7651607129090823,-1.3758266195832243
2.8931245511063715,0.7637841589127783,-1.377163195743651
2.894124594158949,0.7624062672442351,-1.378501849343786
2.8951246372115262,0.7610270358245514,-1.3798425831267163
2.8961246802641036,0.7596464625720858,-1.381185399829745
2.897124723316681,0.7582645454024621,-1.3825303021843036
2.8981247663692584,0.7568812822285759,-1.383877292915864
2.899124809421836,0.7554966709605997,-1.3852263747438494
2.900124852474413,0.75411070950599,-1.3865775503815447
2.9011248955269906,0.7527233957694929,-1.3879308225360074
2.9021249385795675,0.7513347276531503,-1.389286193907976
2.903124981632145,0.7499447030563067,-1.3906436671917783
2.9041250246847223,0.7485533198756151,-1.3920032450752406
2.9051250677372997,0.7471605760050442,-1.3933649302395936
2.906125110789877,0.7457664693358842,-1.3947287253593794
2.9071251538424545,0.7443709977567545,-1.3960946331023576
2.908125196895032,0.7429741591536099,-1.3974626561294103
2.9091252399476093,0.7415759514097475,-1.398832797094447
2.9101252830001867,0.7401763724058144,-1.4002050586443076
2.911125326052764,0.7387754200198137,-1.4015794434186661
2.9121253691053415,0.7373730921271127,-1.402955954049933
2.913125412157919,0.7359693866004496,-1.404334593163157
2.9141254552104963,0.7345643013099417,-1.4057153633759258
2.9151254982630737,0.7331578341230917,-1.4070982672982666
2.916125541315651,0.7317499829047963,-1.4084833075325454
2.9171255843682284,0.7303407455173537,-1.4098704866733665
2.918125627420806,0.7289301198204712,-1.41125980730747
2.9191256704733832,0.7275181036712731,-1.4126512720136295
2.9201257135259606,0.7261046949243091,-1.4140448833625487
2.921125756578538,0.7246898914315618,-1.4154406439167577
2.9221257996311154,0.7232736910424556,-1.4168385562305075
2.923125842683693,0.7218560916038648,-1.4182386228496648
2.92412588573627,0.7204370909601215,-1.4196408463116064
2.9251259287888476,0.7190166869530251,-1.421045229145111
2.926125971841425,0.7175948774218502,-1.4224517738702525
2.9271260148940024,0.7161716602033557,-1.4238604829982906
2.9281260579465798,0.7147470331317934,-1.4252713590315622
2.929126100999157,0.7133209940389175,-1.4266844044633709
2.9301261440517345,0.711893540753993,-1.4280996217778759
2.931126187104312,0.7104646711038056,-1.4295170134499813
2.9321262301568893,0.7090343829126704,-1.430936581945223
2.9331262732094667,0.7076026740024416,-1.432358329719656
2.934126316262044,0.7061695421925221,-1.4337822592197396
2.9351263593146215,0.7047349852998732,-1.4352083728822234
2.936126402367199,0.703299001139024,-1.4366366731340316
2.9371264454197763,0.7018615875220817,-1.438067162392147
2.9381264884723537,0.7004227422587415,-1.439499843063493
2.939126531524931,0.6989824631562963,-1.4409347175448164
2.9401265745775085,0.6975407480196478,-1.4423717882225682
2.941126617630086,0.6960975946513159,-1.4438110574727843
2.9421266606826633,0.69465300085145,-1.4452525276609647
2.9431267037352407,0.6932069644178388,-1.4466962011419529
2.944126746787818,0.6917594831459217,-1.4481420802598133
2.9451267898403954,0.6903105548287994,-1.4495901673477085
2.946126832892973,0.6888601772572447,-1.451040464727776
2.9471268759455502,0.6874083482197137,-1.4524929747110025
2.9481269189981276,0.6859550655023574,-1.4539476995970997
2.949126962050705,0.6845003268890322,-1.4554046416743773
2.9501270051032824,0.683044130161312,-1.4568638032196164
2.9511270481558594,0.6815864730985,-1.458325186497941
2.9521270912084367,0.6801273534776394,-1.4597887937626894
2.953127134261014,0.6786667690735265,-1.4612546272552847
2.9541271773135915,0.6772047176587218,-1.4627226892051037
2.955127220366169,0.6757411970035625,-1.4641929818293462
2.9561272634187463,0.6742762048761746,-1.465665507332902
2.9571273064713237,0.6728097390424852,-1.4671402679082177
2.958127349523901,0.6713417972662354,-1.4686172657351633
2.9591273925764785,0.6698723773089926,-1.4700965029808961
2.960127435629056,0.6684014769301634,-1.4715779817997259
2.9611274786816333,0.6669290938870062,-1.4730617043329775
2.9621275217342107,0.6654552259346448,-1.4745476727088531
2.963127564786788,0.6639798708260813,-1.476035889042294
2.9641276078393655,0.6625030263122095,-1.4775263554348406
2.965127650891943,0.661024690141828,-1.4790190739744922
2.9661276939445202,0.6595448600616546,-1.4805140467355657
2.9671277369970976,0.6580635338163392,-1.4820112757785533
2.968127780049675,0.6565807091484784,-1.4835107631499784
2.9691278231022524,0.6550963837986291,-1.4850125108822532
2.97012786615483,0.6536105555053229,-1.4865165209935316
2.971127909207407,0.6521232220050801,-1.4880227954875647
2.9721279522599846,0.6506343810324247,-1.4895313363535525
2.973127995312562,0.6491440303198985,-1.491042145565997
2.9741280383651394,0.6476521675980765,-1.4925552250845526
2.975128081417717,0.6461587905955811,-1.4940705768538765
2.976128124470294,0.6446638970390977,-1.4955882028034773
2.9771281675228716,0.6431674846533895,-1.497108104847564
2.978128210575449,0.6416695511613134,-1.4986302848848927
2.9791282536280264,0.6401700942838353,-1.5001547447986125
2.9801282966806037,0.6386691117400455,-1.5016814864561112
2.981128339733181,0.6371666012471748,-1.503210511708859
2.9821283827857585,0.6356625605206108,-1.5047418223922524
2.983128425838336,0.6341569872739132,-1.5062754203254556
2.9841284688909133,0.6326498792188311,-1.5078113073112425
2.9851285119434907,0.6311412340653187,-1.509349485135836
2.986128554996068,0.6296310495215526,-1.510889955568748
2.9871285980486455,0.6281193232939477,-1.5124327203626173
2.988128641101223,0.6266060530871752,-1.5139777812530462
2.9891286841538003,0.625091236604179,-1.5155251399584373
2.9901287272063777,0.6235748715461931,-1.517074798179828
2.991128770258955,0.6220569556127593,-1.5186267576007253
2.9921288133115325,0.6205374865017447,-1.5201810198869377
2.99312885636411,0.6190164619093591,-1.521737586686408
2.9941288994166873,0.6174938795301738,-1.523296459629044
2.9951289424692646,0.6159697370571386,-1.5248576403265477
2.996128985521842,0.6144440321816014,-1.5264211303722448
2.9971290285744194,0.6129167625933254,-1.5279869313409125
2.998129071626997,0.6113879259805086,-1.529555044788605
2.9991291146795738,0.6098575200298022,-1.5311254722524807
3.000129157732151,0.6083255424263297,-1.532698215250625
3.0011292007847286,0.6067919908537062,-1.5342732752818746
3.002129243837306,0.6052568629940572,-1.5358506538256396
3.0031292868898833,0.603720156528039,-1.537430352341725
3.0041293299424607,0.6021818691348577,-1.53901237227015
3.005129372995038,0.6006419984922893,-1.540596715030968
3.0061294160476155,0.5991005422766996,-1.5421833820240836
3.007129459100193,0.5975574981630648,-1.5437723746290695
3.0081295021527703,0.5960128638249916,-1.5453636942049829
3.0091295452053477,0.594466636934738,-1.5469573420901792
3.010129588257925,0.592918815163234,-1.5485533196021255
3.0111296313105025,0.5913693961801024,-1.5501516280372134
3.01212967436308,0.5898183776536805,-1.5517522686705694
3.0131297174156573,0.5882657572510409,-1.5533552427558655
3.0141297604682347,0.5867115326380135,-1.5549605515251275
3.015129803520812,0.5851557014792066,-1.5565681961885434
3.0161298465733895,0.5835982614380297,-1.558178177934269
3.017129889625967,0.582039210176715,-1.559790497928234
3.0181299326785442,0.5804785453563399,-1.561405157313946
3.0191299757311216,0.5789162646368496,-1.5630221572122935
3.020130018783699,0.5773523656770798,-1.5646414987213475
3.0211300618362764,0.5757868461347794,-1.5662631829161628
3.022130104888854,0.5742197036666339,-1.567887210848577
3.023130147941431,0.5726509359282886,-1.569513583547009
3.0241301909940086,0.5710805405743723,-1.5711423020162563
3.025130234046586,0.5695085152585205,-1.57277336723729
3.0261302770991634,0.5679348576334,-1.574406780167051
3.0271303201517408,0.5663595653507325,-1.5760425417382422
3.028130363204318,0.5647826360613193,-1.5776806528591216
3.0291304062568956,0.5632040674150657,-1.5793211144132933
3.030130449309473,0.5616238570610057,-1.5809639272594966
3.0311304923620503,0.5600420026473272,-1.5826090922313958
3.0321305354146277,0.5584585018213968,-1.5842566101373667
3.033130578467205,0.5568733522297855,-1.5859064817602837
3.0341306215197825,0.5552865515182944,-1.5875587078573032
3.03513066457236,0.5536980973319802,-1.5892132891596493
3.0361307076249373,0.5521079873151813,-1.5908702263723944
3.0371307506775147,0.5505162191115445,-1.5925295201742415
3.038130793730092,0.5489227903640508,-1.5941911712173042
3.0391308367826695,0.5473276987150427,-1.5958551801268845
3.040130879835247,0.5457309418062507,-1.5975215475012512
3.0411309228878243,0.5441325172788207,-1.599190273911415
3.0421309659404017,0.5425324227733412,-1.6008613599009047
3.043131008992979,0.5409306559298712,-1.6025348059855398
3.0441310520455565,0.5393272143879675,-1.6042106126532027
3.045131095098134,0.5377220957867133,-1.6058887803636106
3.0461311381507112,0.5361152977647461,-1.6075693095480845
3.0471311812032886,0.5345068179602864,-1.609252200609318
3.0481312242558656,0.5328966540111666,-1.6109374539211438
3.049131267308443,0.5312848035548594,-1.612625069828301
3.0501313103610204,0.5296712642285076,-1.6143150486461977
3.0511313534135978,0.5280560336689535,-1.6160073906606756
3.052131396466175,0.5264391095127681,-1.6177020961277715
3.0531314395187525,0.5248204893962815,-1.6193991652734776
3.05413148257133,0.523200170955613,-1.6210985982935011
3.0551315256239073,0.5215781518267013,-1.622800395353022
3.0561315686764847,0.5199544296453354,-1.6245045565864493
3.057131611729062,0.5183290020471855,-1.6262110820971771
3.0581316547816395,0.5167018666678335,-1.6279199719573376
3.059131697834217,0.5150730211428053,-1.629631226207554
3.0601317408867943,0.5134424631076021,-1.631344844856692
3.0611317839393717,0.511810190197732,-1.633060827881609
3.062131826991949,0.5101762000487424,-1.6347791752269032
3.0631318700445265,0.5085404902962525,-1.6364998868046605
3.064131913097104,0.5069030585759855,-1.6382229624942
3.0651319561496813,0.505263902523802,-1.6399484021418185
3.0661319992022587,0.5036230197757329,-1.641676205560534
3.067132042254836,0.5019804079680127,-1.6434063725298267
3.0681320853074134,0.5003360647371135,-1.645138902795379
3.069132128359991,0.4986899877197785,-1.6468737960688158
3.0701321714125682,0.4970421745530567,-1.6486110520274402
3.0711322144651456,0.49539262287433694,-1.6503506703139703
3.072132257517723,0.4937413303213827,-1.6520926505362745
3.0731323005703004,0.49208829453236724,-1.6538369922671037
3.074132343622878,0.4904335131459087,-1.6555836950438239
3.075132386675455,0.4887769838011058,-1.6573327583681463
3.0761324297280326,0.48711870413757336,-1.6590841817058564
3.07713247278061,0.4854586717954786,-1.6608379644865416
3.0781325158331874,0.48379688441557733,-1.662594106103318
3.0791325588857648,0.4821333396392507,-1.664352605912554
3.080132601938342,0.48046803510854197,-1.6661134632335945
3.0811326449909195,0.4788009684661937,-1.6678766773484828
3.082132688043497,0.4771321373556852,-1.6696422475016808
3.0831327310960743,0.47546153942127034,-1.671410172899788
3.0841327741486517,0.47378917230801537,-1.67318045271126
3.085132817201229,0.4721150336618373,-1.6749530860661228
3.0861328602538065,0.47043912112954267,-1.6767280720556896
3.087132903306384,0.46876143235886597,-1.6785054097322727
3.0881329463589613,0.4670819649985092,-1.680285098108896
3.0891329894115387,0.46540071669818106,-1.6820671361590047
3.090133032464116,0.46371768510863687,-1.6838515228161752
3.0911330755166935,0.46203286788171843,-1.6856382569738215
3.092133118569271,0.4603462626703943,-1.6874273374849016
3.0931331616218483,0.4586578671288006,-1.6892187631616222
3.0941332046744257,0.4569676789122817,-1.6910125327751415
3.095133247727003,0.45527569567743154,-1.6928086450552706
3.0961332907795804,0.45358191508213513,-1.694607098690174
3.0971333338321574,0.4518863347856103,-1.696407892326068
3.098133376884735,0.45018895244844986,-1.6982110245669173
3.099133419937312,0.4484897657326639,-1.7000164939741316
3.1001334629898896,0.44678877230172265,-1.701824299066259
3.101133506042467,0.44508596982059934,-1.7036344383186792
3.1021335490950444,0.4433813559558136,-1.7054469101632939
3.1031335921476217,0.44167492837547523,-1.707261712988217
3.104133635200199,0.4399666847493278,-1.709078845137463
3.1051336782527765,0.4382566227487933,-1.7108983049106328
3.106133721305354,0.4365447400470164,-1.7127200905625997
3.1071337643579313,0.4348310343189095,-1.7145442003031928
3.1081338074105087,0.4331155032411981,-1.7163706322968788
3.109133850463086,0.4313981444924657,-1.7181993846624435
3.1101338935156635,0.42967895575320053,-1.7200304554726695
3.111133936568241,0.427957934705841,-1.7218638427540154
3.1121339796208183,0.42623507903482244,-1.7236995444862908
3.1131340226733957,0.42451038642662403,-1.7255375586023314
3.114134065725973,0.42278385456981576,-1.7273778829876718
3.1151341087785505,0.421055481155106,-1.7292205154802174
3.116134151831128,0.4193252638753892,-1.731065453869914
3.1171341948837052,0.4175932004257942,-1.7329126958984165
3.1181342379362826,0.4158592885037323,-1.734762239258756
3.11913428098886,0.41412352580894674,-1.736614081595005
3.1201343240414374,0.412385910043561,-1.7384682205019417
3.121134367094015,0.41064643891212893,-1.7403246535247117
3.122134410146592,0.4089051101216842,-1.7421833781584897
3.1231344531991696,0.4071619213817905,-1.7440443918481383
3.124134496251747,0.40541687040459223,-1.7459076919878662
3.1251345393043244,0.403669954904865,-1.747773275920884
3.126134582356902,0.40192117260006704,-1.7496411409390593
3.127134625409479,0.4001705212103906,-1.7515112842825697
3.1281346684620566,0.3984179984588139,-1.753383703139555
3.129134711514634,0.3966636020711534,-1.755258394645766
3.1301347545672114,0.3949073297761161,-1.757135355884215
3.1311347976197887,0.3931491793053527,-1.7590145838848217
3.132134840672366,0.39138914839351086,-1.7608960756240581
3.1331348837249435,0.38962723477828864,-1.7627798280245943
3.134134926777521,0.3878634362004888,-1.7646658379549394
3.1351349698300983,0.3860977504040728,-1.7665541022290832
3.1361350128826757,0.3843301751362157,-1.7684446176061352
3.137135055935253,0.3825607081473612,-1.770337380789963
3.1381350989878305,0.3807893471912771,-1.7722323884288276
3.139135142040408,0.37901609002511094,-1.7741296371150195
3.1401351850929853,0.3772409344094463,-1.776029123384491
3.1411352281455627,0.37546387810835924,-1.7779308437164878
3.14213527119814,0.3736849188894753,-1.7798347945331798
3.1431353142507175,0.3719040545240267,-1.7817409721992898
3.144135357303295,0.3701212827869099,-1.7836493730217198
3.1451354003558722,0.3683366014567438,-1.7855599932491772
3.146135443408449,0.3665500083159278,-1.7874728290717987
3.1471354864610266,0.36476150115070105,-1.789387876620773
3.148135529513604,0.36297107775120113,-1.791305131967961
3.1491355725661814,0.3611787359115238,-1.7932245911255165
3.1501356156187588,0.35938447342978275,-1.795146250045503
3.151135658671336,0.35758828810817017,-1.7970701046195112
3.1521357017239136,0.3557901777530172,-1.7989961506782726
3.153135744776491,0.35399014017485486,-1.8009243839912736
3.1541357878290683,0.3521881731884758,-1.8028548002663678
3.1551358308816457,0.3503842746129959,-1.8047873951493854
3.156135873934223,0.3485784422719167,-1.8067221642237428
3.1571359169868005,0.34677067399318773,-1.808659103010049
3.158135960039378,0.34496096760926975,-1.8105982069657125
3.1591360030919553,0.3431493209571981,-1.8125394714845449
3.1601360461445327,0.34133573187864635,-1.8144828918963636
3.16113608919711,0.33952019821999074,-1.8164284634665935
3.1621361322496875,0.33770271783237465,-1.8183761813958665
3.163136175302265,0.3358832885717735,-1.82032604081962
3.1641362183548423,0.3340619082990604,-1.8222780368076936
3.1651362614074197,0.3322385748800717,-1.8242321643639243
3.166136304459997,0.3304132861856733,-1.8261884184257406
3.1671363475125744,0.32858604009182724,-1.8281467938637548
3.168136390565152,0.3267568344796588,-1.8301072854813534
3.1691364336177292,0.32492566723552396,-1.832069888014287
3.1701364766703066,0.323092536251077,-1.834034596130258
3.171136519722884,0.321257439423339,-1.8360014044285076
3.1721365627754614,0.3194203746547665,-1.8379703074393998
3.173136605828039,0.31758133985332043,-1.8399412996240059
3.174136648880616,0.3157403329325357,-1.8419143753736857
3.1751366919331936,0.3138973518115913,-1.8438895290096693
3.176136734985771,0.31205239441538024,-1.8458667547826348
3.1771367780383484,0.3102054586745807,-1.847846046872288
3.1781368210909258,0.3083565425257271,-1.8498273993869363
3.179136864143503,0.30650564391128154,-1.851810806363066
3.1801369071960806,0.3046527607797061,-1.8537962617649146
3.181136950248658,0.3027978910855351,-1.8557837594840425
3.1821369933012353,0.3009410327894482,-1.8577732933389046
3.1831370363538127,0.2990821838583435,-1.859764857074419
3.18413707940639,0.29722134226541147,-1.8617584443615347
3.1851371224589675,0.29535850599020896,-1.8637540487967992
3.186137165511545,0.2934936730187341,-1.8657516639019218
3.1871372085641223,0.291626841343501,-1.8677512831233392
3.1881372516166997,0.2897580089636156,-1.869752899831776
3.189137294669277,0.28788717388485136,-1.8717565073218074
3.1901373377218545,0.2860143341197257,-1.8737620988114176
3.191137380774432,0.2841394876875769,-1.8757696674415587
3.1921374238270093,0.28226263261464124,-1.8777792062757073
3.1931374668795867,0.28038376693413075,-1.8797907082994203
3.1941375099321636,0.27850288868631135,-1.8818041664198892
3.195137552984741,0.27661999591858144,-1.8838195734654932
3.1961375960373184,0.27473508668555097,-1.8858369221853502
3.197137639089896,0.27284815904912085,-1.8878562052488679
3.198137682142473,0.27095921107856297,-1.8898774152452926
3.1991377251950506,0.2690682408506006,-1.8919005446832569
3.200137768247628,0.2671752464494892,-1.8939255859903261
3.2011378113002054,0.26528022596709766,-1.8959525315125443
3.2021378543527828,0.2633831775029901,-1.8979813735139768
3.20313789740536,0.26148409916450815,-1.9000121041762543
3.2041379404579375,0.2595829890668535,-1.9020447155981142
3.205137983510515,0.2576798453331712,-1.9040791997949398
3.2061380265630923,0.2557746660946329,-1.9061155486983008
3.2071380696156697,0.25386744949052137,-1.9081537541554903
3.208138112668247,0.2519581936683147,-1.9101938079290617
3.2091381557208245,0.2500468967837712,-1.9122357016963645
3.210138198773402,0.24813355700101516,-1.9142794270490782
3.2111382418259793,0.24621817249262257,-1.9163249754927456
3.2121382848785567,0.24430074143970743,-1.9183723384463052
3.213138327931134,0.24238126203200872,-1.9204215072416213
3.2141383709837115,0.24045973246797764,-1.922472473123015
3.215138414036289,0.2385361509548654,-1.9245252272467912
3.2161384570888663,0.2366105157088116,-1.926579760680768
3.2171385001414436,0.23468282495493267,-1.9286360644038016
3.218138543194021,0.2327530769274114,-1.930694129305313
3.2191385862465984,0.23082126986958643,-1.9327539461848116
3.220138629299176,0.2288874020340424,-1.9348155057514183
3.221138672351753,0.22695147168270066,-1.9368787986233884
3.2221387154043306,0.22501347708691036,-1.938943815327633
3.223138758456908,0.22307341652754,-1.9410105462992384
3.2241388015094854,0.22113128829506953,-1.943078981880986
3.225138844562063,0.21918709068968284,-1.9451491123228701
3.22613888761464,0.2172408220213609,-1.9472209277816164
3.2271389306672176,0.21529248060997522,-1.949294418320197
3.228138973719795,0.21334206478538179,-1.9513695739073469
3.2291390167723724,0.21138957288751567,-1.9534463844170775
3.2301390598249498,0.2094350032664859,-1.9555248396281915
3.231139102877527,0.20747835428267095,-1.9576049292237947
3.2321391459301045,0.2055196243068147,-1.9596866427908086
3.233139188982682,0.20355881172012286,-1.961769969819481
3.2341392320352593,0.20159591491435985,-1.9638548997028966
3.2351392750878367,0.1996309322919463,-1.9659414217364861
3.236139318140414,0.1976638622660569,-1.968029525117535
3.2371393611929915,0.19569470326071872,-1.9701191989446918
3.238139404245569,0.19372345371091027,-1.9722104322174743
3.2391394472981463,0.19175011206266077,-1.9743032138357768
3.2401394903507237,0.18977467677315,-1.9763975325993755
3.241139533403301,0.18779714631080874,-1.978493377207433
3.2421395764558785,0.18581751915541964,-1.9805907362580029
3.2431396195084554,0.1838357937982185,-1.9826895982475339
3.244139662561033,0.1818519687419962,-1.984789951570372
3.24513970561361,0.17986604250120103,-1.9868917845182632
3.2461397486661876,0.17787801360204158,-1.9889950852798552
3.247139791718765,0.17588788058259003,-1.9910998419401984
3.2481398347713424,0.173895641992886,-1.9932060424802465
3.2491398778239198,0.17190129639504104,-1.995313674776357
3.250139920876497,0.16990484236334322,-1.9974227265997901
3.2511399639290746,0.16790627848436274,-1.9995331856162086
3.252140006981652,0.16590560335705767,-2.0016450393851755
3.2531400500342293,0.16390281559288028,-2.0037582753596523
3.2541400930868067,0.16189791381588398,-2.005872880885497
3.255140136139384,0.15989089666283057,-2.007988843200962
3.2561401791919615,0.15788176278329819,-2.01010614943619
3.257140222244539,0.15587051083978967,-2.0122247866127108
3.2581402652971163,0.15385713950784138,-2.014344741642937
3.2591403083496937,0.1518416474761326,-2.016466001329662
3.260140351402271,0.14982403344659542,-2.018588552365553
3.2611403944548485,0.14780429613452511,-2.0207123813326477
3.262140437507426,0.14578243426869103,-2.02283747470185
3.2631404805600033,0.14375844659144793,-2.0249638188324224
3.2641405236125807,0.14173233185884798,-2.027091399971485
3.265140566665158,0.1397040888407531,-2.0292202042535052
3.2661406097177355,0.13767371632094785,-2.0313502176997966
3.267140652770313,0.1356412130972529,-2.0334814262180103
3.2681406958228902,0.1336065779816389,-2.035613815601631
3.2691407388754676,0.13156980980034094,-2.0377473715294694
3.270140781928045,0.1295309073939734,-2.039882079565159
3.2711408249806224,0.12748986961764558,-2.0420179251566473
3.2721408680332,0.12544669534107739,-2.044154893635693
3.273140911085777,0.12340138344871597,-2.0462929702173582
3.2741409541383546,0.12135393283985262,-2.048432139999505
3.275140997190932,0.11930434242874019,-2.050572387962287
3.2761410402435094,0.11725261114471111,-2.052713698967647
3.2771410832960868,0.11519873793229585,-2.0548560577588106
3.278141126348664,0.11314272175134187,-2.056999448959781
3.2791411694012416,0.11108456157713309,-2.059143857074836
3.280141212453819,0.10902425640050993,-2.0612892664880222
3.2811412555063963,0.10696180522798976,-2.0634356614626506
3.2821412985589737,0.10489720708188788,-2.065583026140795
3.283141341611551,0.10283046100043902,-2.067731344542787
3.2841413846641285,0.10076156603791939,-2.0698806005667136
3.285141427716706,0.09869052126476911,-2.0720307779879152
3.2861414707692833,0.09661732576771526,-2.074181860458484
3.2871415138218607,0.09454197864989533,-2.0763338315067603
3.288141556874438,0.09246447903098132,-2.0784866745368356
3.2891415999270155,0.09038482604730415,-2.0806403728280483
3.290141642979593,0.08830301885197873,-2.082794909534487
3.2911416860321703,0.08621905661502943,-2.08495026768449
3.2921417290847472,0.0841329385235161,-2.0871064301801483
3.2931417721373246,0.08204466378166057,-2.089263379796806
3.294141815189902,0.07995423161097366,-2.0914210991825652
3.2951418582424794,0.07786164125038264,-2.09357957085779
3.296141901295057,0.07576689195635927,-2.0957387772146108
3.297141944347634,0.07366998300304826,-2.0978987005164305
3.2981419874002116,0.07157091368239625,-2.10005932289743
3.299142030452789,0.06946968330428129,-2.1022206263620777
3.3001420735053664,0.06736629119664278,-2.104382592784637
3.3011421165579438,0.06526073670561197,-2.1065452039086763
3.302142159610521,0.06315301919564288,-2.1087084413465793
3.3031422026630985,0.06104313804964373,-2.110872286579058
3.304142245715676,0.05893109266910886,-2.1130367209546637
3.3051422887682533,0.05681688247425117,-2.115201725689304
3.3061423318208307,0.054700506904134964,-2.1173672818657563
3.307142374873408,0.052581965416809366,-2.1195333704331847
3.3081424179259855,0.050461257489442156,-2.121699972206659
3.309142460978563,0.048338382618454134,-2.1238670678666742
3.3101425040311403,0.04621334031965392,-2.1260346379586696
3.3111425470837177,0.04408613012837326,-2.128202662892554
3.312142590136295,0.04195675159960279,-2.1303711229422277
3.3131426331888725,0.03982520430812833,-2.1325399982451083
3.31414267624145,0.037691487848667556,-2.1347092688016573
3.3151427192940273,0.03555560183600723,-2.13687891447491
3.3161427623466047,0.033417545905140844,-2.139048914990004
3.317142805399182,0.03127731971140679,-2.141219249933714
3.3181428484517594,0.029134922930626937,-2.1433898987539832
3.319142891504337,0.026990355259245702,-2.145560840759459
3.3201429345569142,0.024843616414469593,-2.1477320551190333
3.3211429776094916,0.0226947061344072,-2.1499035208613786
3.322143020662069,0.02054362417820964,-2.1520752168744917
3.3231430637146464,0.018390370326211478,-2.1542471219052364
3.324143106767224,0.016234944380072086,-2.156419214558889
3.325143149819801,0.01407734616291747,-2.158591473298687
3.3261431928723786,0.011917575519482533,-2.1607638764453774
3.327143235924956,0.009755632316253798,-2.16293640217677
3.3281432789775334,0.007591516441612579,-2.165109028527291
3.3291433220301108,0.005425227805978587,-2.1672817333875405
3.330143365082688,0.0032567663419539846,-2.169454494503851
3.3311434081352655,0.0010861320044678797,-2.171627289477849
3.332143451187843,-0.001086675229078743,-2.1738000957660195
3.3331434942404203,-0.003261655358667659,-2.175972890679271
3.3341435372929977,-0.005438808361517606,-2.1781456513825073
3.335143580345575,-0.007618134191938054,-2.1803183548941965
3.3361436233981525,-0.00979963278118256,-2.1824909780859474
3.33714366645073,-0.01198330403730168,-2.184663497682086
3.3381437095033073,-0.014169147844995475,-2.186835890259235
3.3391437525558847,-0.01635716406546559,-2.189008132245899
3.340143795608462,-0.018547352536266933,-2.1911801999220466
3.341143838661039,-0.02073971307115891,-2.193352069418703
3.3421438817136164,-0.022934245459956273,-2.19552371671754
3.343143924766194,-0.025130949468379578,-2.19769511765047
3.344143967818771,-0.02732982483790519,-2.1998662478992475
3.3451440108713486,-0.029530871285614938,-2.2020370829950666
3.346144053923926,-0.03173408850404535,-2.204207598318168
3.3471440969765034,-0.03393947616103647,-2.2063777690974464
3.348144140029081,-0.03614703389958036,-2.2085475704100617
3.349144183081658,-0.03835676133766911,-2.2107169771810544
3.3501442261342356,-0.040568658068142575,-2.212885964182963
3.351144269186813,-0.04278272365853564,-2.2150545060354463
3.3521443122393904,-0.04499895765092514,-2.2172225772049097
3.3531443552919677,-0.04721735956177646,-2.2193901520041335
3.354144398344545,-0.04943792888178967,-2.221557204591906
3.3551444413971225,-0.05166066507574538,-2.223723708972661
3.3561444844497,-0.05388556758235016,-2.2258896389961187
3.3571445275022773,-0.0561126358140817,-2.228054968356929
3.3581445705548547,-0.058341869157033495,-2.230219670594322
3.359144613607432,-0.06057326697075928,-2.232383719091759
3.3601446566600095,-0.06280682858811708,-2.2345470870765918
3.361144699712587,-0.06504255331511291,-2.2367097476197215
3.3621447427651643,-0.06728044043074419,-2.238871673635266
3.3631447858177417,-0.0695204891868427,-2.241032837880228
3.364144828870319,-0.07176269880791741,-2.2431932129541705
3.3651448719228965,-0.07400706849099678,-2.245352771298896
3.366144914975474,-0.07625359740547089,-2.2475114851981277
3.3671449580280512,-0.07850228469293316,-2.2496693267772
3.3681450010806286,-0.08075312946702184,-2.2518262680027488
3.369145044133206,-0.08300613081326112,-2.253982280682411
3.3701450871857834,-0.08526128778890198,-2.2561373364645245
3.371145130238361,-0.08751859942276274,-2.2582914068378375
3.372145173290938,-0.08977806471506934,-2.2604444631312193
3.3731452163435156,-0.09203968263729527,-2.262596476513377
3.374145259396093,-0.0943034521320013,-2.2647474179925795
3.3751453024486704,-0.09656937211267488,-2.266897258416383
3.376145345501248,-0.0988374414635693,-2.269045968471365
3.377145388553825,-0.10110765903954255,-2.2711935186828613
3.3781454316064026,-0.10338002366589596,-2.273339879414711
3.37914547465898,-0.10565453413821257,-2.2754850208690027
3.3801455177115574,-0.10793118922219525,-2.2776289130858327
3.3811455607641347,-0.11020998765350455,-2.2797715259430613
3.382145603816712,-0.1124909281375964,-2.2819128291560813
3.3831456468692895,-0.11477400934955945,-2.2840527922775875
3.384145689921867,-0.11705922993395232,-2.286191384697356
3.3851457329744443,-0.11934658850464051,-2.288328575642026
3.3861457760270217,-0.1216360836446332,-2.2904643341748905
3.387145819079599,-0.12392771390591974,-2.2925986291956906
3.3881458621321765,-0.12622147780930604,-2.294731429440417
3.3891459051847534,-0.1285173738442507,-2.2968627034811187
3.390145948237331,-0.13081540046870094,-2.298992419725716
3.3911459912899082,-0.13311555610892842,-2.3011205464178226
3.3921460343424856,-0.1354178391593648,-2.3032470516365704
3.393146077395063,-0.13772224798243723,-2.305371903296445
3.3941461204476404,-0.14002878090840348,-2.307495069147124
3.395146163500218,-0.14233743623518721,-2.3096165167733256
3.396146206552795,-0.14464821222821286,-2.3117362135946613
3.3971462496053726,-0.1469611071202404,-2.313854126865496
3.39814629265795,-0.14927611911120015,-2.315970223674816
3.3991463357105274,-0.1515932463680272,-2.3180844709461037
3.4001463787631048,-0.15391248702449592,-2.3201968354372178
3.401146421815682,-0.15623383918105424,-2.3223072837402836
3.4021464648682596,-0.15855730090465786,-2.324415782281588
3.403146507920837,-0.16088287022860434,-2.326522297321483
3.4041465509734143,-0.16321054515236716,-2.3286267949542974
3.4051465940259917,-0.16554032364142962,-2.3307292411082523
3.406146637078569,-0.16787220362711866,-2.332829601545391
3.4071466801311465,-0.1702061830064387,-2.3349278418615094
3.408146723183724,-0.17254225964190528,-2.3370239274860984
3.4091467662363013,-0.17488043136137882,-2.339117823682293
3.4101468092888787,-0.17722069595789813,-2.3412094955468294
3.411146852341456,-0.17956305118951407,-2.34329890801001
3.4121468953940335,-0.18190749477912305,-2.3453860258356767
3.413146938446611,-0.18425402441430053,-2.347470813621192
3.4141469814991883,-0.18660263774713462,-2.3495532357974294
3.4151470245517657,-0.18895333239405948,-2.3516332566287694
3.416147067604343,-0.1913061059356889,-2.353710840213109
3.4171471106569205,-0.19366095591664972,-2.3557859504818732
3.418147153709498,-0.1960178798454155,-2.357858551200042
3.4191471967620752,-0.19837687519413993,-2.3599286059661795
3.4201472398146526,-0.20073793939849055,-2.3619960782124774
3.42114728286723,-0.20310106985748236,-2.3640609312048024
3.4221473259198074,-0.20546626393331147,-2.3661231280427577
3.423147368972385,-0.2078335189511889,-2.3681826316597485
3.424147412024962,-0.21020283219917443,-2.3702394048230606
3.4251474550775396,-0.21257420092801046,-2.372293410133946
3.426147498130117,-0.2149476223509561,-2.374344610027718
3.4271475411826944,-0.21732309364362118,-2.376392966773857
3.4281475842352718,-0.21970061194380053,-2.378438442476124
3.429147627287849,-0.2220801743513083,-2.3804809990726836
3.4301476703404266,-0.22446177792781247,-2.382520598336241
3.431147713393004,-0.2268454196966693,-2.384557201874181
3.4321477564455813,-0.22923109664275823,-2.3865907711287244
3.4331477994981587,-0.2316188057123168,-2.388621267377089
3.434147842550736,-0.23400854381277558,-2.390648651731663
3.4351478856033135,-0.23640030781259355,-2.3926728851401893
3.436147928655891,-0.23879409454109352,-2.3946939283859567
3.4371479717084683,-0.24118990078829772,-2.3967117420880055
3.4381480147610453,-0.2435877233047637,-2.39872628670134
3.4391480578136226,-0.24598755880142037,-2.4007375225171526
3.4401481008662,-0.24838940394940437,-2.40274540966306
3.4411481439187774,-0.2507932553798965,-2.404749908103347
3.442148186971355,-0.25319910968395853,-2.4067509776392244
3.443148230023932,-0.2556069634123704,-2.408748577909094
3.4441482730765096,-0.2580168130754672,-2.410742668388828
3.445148316129087,-0.26042865514297725,-2.4127332083920563
3.4461483591816644,-0.2628424860438596,-2.4147201570704677
3.447148402234242,-0.26525830216614243,-2.41670347341412
3.448148445286819,-0.2676760998567615,-2.4186831162517626
3.4491484883393966,-0.27009587542139907,-2.420659044251169
3.450148531391974,-0.272517625124323,-2.422631215919483
3.4511485744445514,-0.2749413451882263,-2.424599589603574
3.4521486174971288,-0.2773670317940673,-2.426564123490406
3.453148660549706,-0.2797946810809094,-2.4285247756074155
3.4541487036022835,-0.2822242891457621,-2.4304815038229055
3.455148746654861,-0.2846558520434221,-2.4324342658464455
3.4561487897074383,-0.28708936578631455,-2.434383019229289
3.4571488327600157,-0.28952482634433513,-2.4363277213647994
3.458148875812593,-0.2919622296446922,-2.4382683294888903
3.4591489188651705,-0.2944015715717497,-2.4402048006804757
3.460148961917748,-0.2968428479668702,-2.4421370918619343
3.4611490049703253,-0.29928605462825897,-2.4440651597995853
3.4621490480229027,-0.3017311873108077,-2.4459889611041765
3.46314909107548,-0.3041782417259395,-2.447908452231386
3.4641491341280575,-0.3066272135414538,-2.449823589482336
3.465149177180635,-0.30907809838137235,-2.4517343290041174
3.4661492202332123,-0.3115308918257853,-2.453640626790331
3.4671492632857897,-0.31398558941069793,-2.4555424386816367
3.468149306338367,-0.3164421866278781,-2.457439720366322
3.4691493493909444,-0.31890067892470403,-2.459332427380877
3.470149392443522,-0.3213610617040129,-2.461220515110586
3.4711494354960992,-0.32382333032394994,-2.463103938790132
3.4721494785486766,-0.326287480097818,-2.464982653504214
3.473149521601254,-0.32875350629392797,-2.4668566141881776
3.4741495646538314,-0.3312214041354498,-2.46872577562866
3.475149607706409,-0.33369116880026406,-2.4705900924642474
3.476149650758986,-0.3361627954208141,-2.4724495191861453
3.4771496938115636,-0.33863627908395927,-2.474304010138865
3.478149736864141,-0.3411116148308282,-2.476153519520922
3.4791497799167184,-0.34358879765667344,-2.4779980013855476
3.4801498229692958,-0.34606782251072654,-2.479837409641417
3.481149866021873,-0.3485486842960537,-2.481671698053389
3.4821499090744505,-0.35103137786941235,-2.48350082024326
3.483149952127028,-0.3535158980411086,-2.485324729690534
3.4841499951796053,-0.35600223957485516,-2.487143379733205
3.4851500382321827,-0.3584903971876303,-2.488956723568554
3.48615008128476,-0.3609803655495376,-2.490764714253961
3.487150124337337,-0.3634721392836663,-2.4925673047077304
3.4881501673899145,-0.36596571296595276,-2.494364447709933
3.489150210442492,-0.36846108112504267,-2.49615609590326
3.4901502534950692,-0.37095823824215396,-2.497942201793893
3.4911502965476466,-0.37345717875094087,-2.4997227177523884
3.492150339600224,-0.3759578970373587,-2.501497596014578
3.4931503826528014,-0.3784603874395295,-2.5032667886824824
3.494150425705379,-0.38096464424760873,-2.5050302477252395
3.495150468757956,-0.38347066170365296,-2.5067879249800504
3.4961505118105336,-0.3859784340014883,-2.5085397721531373
3.497150554863111,-0.3884879552865798,-2.510285740820718
3.4981505979156884,-0.39099921965590223,-2.512025782429998
3.499150640968266,-0.3935122211578112,-2.5137598483001717
3.500150684020843,-0.396026953791916,-2.5154878896234454
3.5011507270734206,-0.39854341150895284,-2.5172098574660717
3.502150770125998,-0.40106158821065957,-2.518925702769402
3.5031508131785754,-0.4035814777496513,-2.520635376350952
3.5041508562311527,-0.40610307392929706,-2.522338828905485
3.50515089928373,-0.40862637050359757,-2.5240360110061086
3.5061509423363075,-0.4111513611770642,-2.5257268731053895
3.507150985388885,-0.41367803960459887,-2.5274113655364827
3.5081510284414623,-0.4162063993913754,-2.5290894385142773
3.5091510714940397,-0.41873643409272154,-2.530761042136556
3.510151114546617,-0.42126813721400286,-2.532426126385174
3.5111511575991945,-0.42380150221050694,-2.5340846411272517
3.512151200651772,-0.4263365224873295,-2.5357365361163833
3.5131512437043493,-0.42887319139926156,-2.537381760993862
3.5141512867569267,-0.4314115022506774,-2.5390202652899228
3.515151329809504,-0.43395144829542465,-2.540651998424998
3.5161513728620815,-0.43649302273671453,-2.5422769097109925
3.517151415914659,-0.4390362187270145,-2.543894948352574
3.5181514589672362,-0.4415810293679412,-2.5455060634484785
3.5191515020198136,-0.44412744771015555,-2.5471102039928337
3.520151545072391,-0.4466754667532586,-2.5487073188764984
3.5211515881249684,-0.449225079445689,-2.550297356888418
3.522151631177546,-0.4517762786846218,-2.5518802667169966
3.523151674230123,-0.45432905731586837,-2.5534559969514867
3.5241517172827006,-0.4568834081337783,-2.5550244960833934
3.525151760335278,-0.4594393238811422,-2.556585712507897
3.5261518033878554,-0.461996797249096,-2.5581395945252905
3.527151846440433,-0.4645558208770268,-2.559686090342438
3.52815188949301,-0.46711638735248034,-2.5612251480742434
3.5291519325455876,-0.4696784892110696,-2.5627567157451403
3.530151975598165,-0.4722421189363852,-2.564280741290599
3.5311520186507424,-0.47480726895990705,-2.5657971725586464
3.5321520617033197,-0.4773739316609179,-2.5673059573114076
3.533152104755897,-0.47994209936641796,-2.5688070432266605
3.5341521478084745,-0.48251176435104143,-2.5703003778994096
3.535152190861052,-0.48508291883697463,-2.571785908843475
3.536152233913629,-0.4876555549938754,-2.5732635834931
3.5371522769662063,-0.49022966493879455,-2.574733349204575
3.5381523200187837,-0.4928052407360986,-2.576195153257878
3.539152363071361,-0.49538227439739424,-2.577648942858332
3.5401524061239384,-0.4979607578814546,-2.5790946651382787
3.541152449176516,-0.5005406830941471,-2.5805322671587727
3.5421524922290932,-0.5031220418883632,-2.5819616959112888
3.5431525352816706,-0.5057048260639491,-2.5833828983194476
3.544152578334248,-0.5082890273676394,-2.5847958212407587
3.5451526213868254,-0.5108746374929914,-2.58620041146838
3.546152664439403,-0.5134616480803221,-2.5875966157328953
3.54715270749198,-0.5160500507166461,-2.5889843807041073
3.5481527505445576,-0.5186398369356158,-2.5903636529928495
3.549152793597135,-0.5212309982174634,-2.591734379152813
3.5501528366497124,-0.523823525988945,-2.5930965056823925
3.5511528797022898,-0.5264174116232855,-2.5944499790265483
3.552152922754867,-0.5290126464401267,-2.5957947455786847
3.5531529658074446,-0.5316092217054765,-2.597130751682547
3.554153008860022,-0.5342071286316603,-2.5984579436341324
3.5551530519125993,-0.536806358377274,-2.599776267683623
3.5561530949651767,-0.5394069020471393,-2.6010856700373317
3.557153138017754,-0.5420087506922606,-2.602386096859665
3.5581531810703315,-0.5446118953097847,-2.6036774942751046
3.559153224122909,-0.5472163268429611,-2.604959808370207
3.5601532671754863,-0.5498220361811053,-2.6062329851956143
3.5611533102280637,-0.5524290141595642,-2.6074969707680906
3.562153353280641,-0.5550372515596833,-2.6087517110725664
3.5631533963332185,-0.5576467391087752,-2.609997152064206
3.564153439385796,-0.5602574674800914,-2.6112332396704883
3.5651534824383733,-0.5628694272927959,-2.6124599197933067
3.5661535254909507,-0.5654826091119399,-2.6136771383110835
3.567153568543528,-0.5680970034484403,-2.6148848410809022
3.5681536115961054,-0.5707126007590585,-2.616082973940657
3.569153654648683,-0.5733293914463832,-2.6172714827112173
3.5701536977012602,-0.5759473658588138,-2.61845031319861
3.5711537407538376,-0.578566514290547,-2.6196194111962168
3.572153783806415,-0.581186826981565,-2.6207787224869907
3.5731538268589924,-0.5838082941176266,-2.6219281928456857
3.57415386991157,-0.5864309058302595,-2.6230677680411048
3.575153912964147,-0.5890546521967561,-2.624197393838364
3.5761539560167246,-0.5916795232401706,-2.6253170160011714
3.577153999069302,-0.5943055089293188,-2.626426580294125
3.5781540421218794,-0.5969325991787802,-2.6275260324850236
3.5791540851744568,-0.5995607838489023,-2.628615318347195
3.580154128227034,-0.6021900527458074,-2.629694383661841
3.5811541712796116,-0.6048203956214016,-2.630763174220397
3.582154214332189,-0.607451802173386,-2.6318216358269075
3.5831542573847663,-0.6100842620452711,-2.6328697143004187
3.5841543004373433,-0.6127177648263923,-2.6339073554773855
3.5851543434899207,-0.6153523000519289,-2.6349345052140944
3.586154386542498,-0.617987857202925,-2.6359511093891013
3.5871544295950755,-0.6206244257063134,-2.636957113905686
3.588154472647653,-0.6232619949349409,-2.637952464694321
3.5891545157002303,-0.6259005542075974,-2.6389371077151558
3.5901545587528076,-0.6285400927890461,-2.639910988960517
3.591154601805385,-0.6311805998900576,-2.6408740544574223
3.5921546448579624,-0.6338220646674456,-2.6418262502701095
3.59315468791054,-0.6364644762241053,-2.642767522502582
3.594154730963117,-0.6391078236090546,-2.643697817301167
3.5951547740156946,-0.6417520958174776,-2.6446170808570897
3.596154817068272,-0.6443972817907708,-2.645525259409061
3.5971548601208494,-0.6470433704165921,-2.646422299245881
3.598154903173427,-0.6496903505289118,-2.647308146709054
3.599154946226004,-0.6523382109080669,-2.6481827481954228
3.6001549892785816,-0.6549869402808178,-2.6490460501598108
3.601155032331159,-0.6576365273204076,-2.6498979991176834
3.6021550753837364,-0.6602869606466235,-2.650738541647819
3.6031551184363138,-0.6629382288258626,-2.6515676243949975
3.604155161488891,-0.6655903203711984,-2.652385194072699
3.6051552045414685,-0.6682432237424507,-2.653191197465819
3.606155247594046,-0.6708969273462593,-2.653985581433393
3.6071552906466233,-0.6735514195361585,-2.65476829291134
3.6081553336992007,-0.6762066886126561,-2.6555392789152115
3.609155376751778,-0.6788627228233142,-2.6562984865429606
3.6101554198043555,-0.6815195103628325,-2.65704586297772
3.611155462856933,-0.684177039373136,-2.657781355490593
3.6121555059095103,-0.6868352979434631,-2.658504911443456
3.6131555489620877,-0.6894942741104585,-2.6592164782917767
3.614155592014665,-0.6921539558582682,-2.659916003587441
3.6151556350672425,-0.6948143311186373,-2.660603434981593
3.61615567811982,-0.6974753877710104,-2.6612787202274872
3.6171557211723973,-0.7001371136426354,-2.661941807183352
3.6181557642249746,-0.70279949650867,-2.6625926438152634
3.619155807277552,-0.7054625240922907,-2.6632311782000335
3.6201558503301294,-0.7081261840648053,-2.663857358528106
3.621155893382707,-0.7107904640457677,-2.6644711331064648
3.622155936435284,-0.7134553516030963,-2.6650724503615537
3.6231559794878616,-0.7161208342531943,-2.6656612588422055
3.624156022540439,-0.7187868994610742,-2.666237507222582
3.6251560655930164,-0.7214535346404843,-2.666801144305124
3.626156108645594,-0.7241207271540385,-2.667352119023512
3.627156151698171,-0.726788464313349,-2.667890380445637
3.6281561947507486,-0.7294567333791621,-2.6684158777765776
3.629156237803326,-0.7321255215614968,-2.6689285603615924
3.6301562808559034,-0.7347948160197866,-2.6694283776891155
3.6311563239084808,-0.737464603863024,-2.6699152793937655
3.632156366961058,-0.7401348721499084,-2.670389215259362
3.633156410013635,-0.7428056078889965,-2.670850135221949
3.6341564530662125,-0.7454767980388567,-2.6712979893728286
3.63515649611879,-0.748148429508225,-2.6717327279616034
3.6361565391713673,-0.7508204891561655,-2.672154301399225
3.6371565822239447,-0.7534929637922331,-2.672562660261051
3.638156625276522,-0.7561658401766392,-2.6729577552899095
3.6391566683290995,-0.7588391050204213,-2.6733395373991726
3.640156711381677,-0.7615127449856143,-2.6737079576758336
3.6411567544342542,-0.7641867466854263,-2.6740629673835934
3.6421567974868316,-0.7668610966844167,-2.6744045179659537
3.643156840539409,-0.7695357814986775,-2.6747325610493147
3.6441568835919864,-0.7722107875960177,-2.6750470484460815
3.645156926644564,-0.7748861013961508,-2.6753479321577744
3.646156969697141,-0.7775617092708857,-2.6756351643781446
3.6471570127497186,-0.7802375975443208,-2.6759086974962973
3.648157055802296,-0.7829137524930398,-2.676168484099819
3.6491570988548734,-0.7855901603463132,-2.6764144769779086
3.6501571419074508,-0.7882668072863004,-2.6766466291245146
3.651157184960028,-0.7909436794482564,-2.6768648937414765
3.6521572280126056,-0.7936207629207414,-2.67706922424167
3.653157271065183,-0.7962980437458332,-2.6772595742521554
3.6541573141177603,-0.7989755079193435,-2.6774358976173316
3.6551573571703377,-0.8016531413910357,-2.677598148402091
3.656157400222915,-0.8043309300648482,-2.67774628089498
3.6571574432754925,-0.807008859799119,-2.67788024961136
3.65815748632807,-0.809686916406814,-2.6780000092965723
3.6591575293806473,-0.8123650856557593,-2.6781055149291055
3.6601575724332247,-0.8150433532688749,-2.678196721723764
3.661157615485802,-0.8177217049244135,-2.6782735851348383
3.6621576585383795,-0.8204001262562013,-2.6783360608592766
3.663157701590957,-0.8230786028538819,-2.67838410483986
3.6641577446435343,-0.8257571202631643,-2.678417673268374
3.6651577876961117,-0.828435663986073,-2.678436722588785
3.666157830748689,-0.8311142194812022,-2.678441209500414
3.6671578738012665,-0.8337927721639725,-2.6784310909611126
3.668157916853844,-0.8364713074068911,-2.678406324190436
3.6691579599064212,-0.8391498105398151,-2.678366866672819
3.6701580029589986,-0.8418282668502178,-2.678312676160747
3.671158046011576,-0.8445066615834588,-2.67824371067793
3.6721580890641534,-0.8471849799430563,-2.678159928522471
3.673158132116731,-0.8498632070909635,-2.678061288270036
3.674158175169308,-0.8525413281478476,-2.67794774877702
3.6751582182218856,-0.8552193281933719,-2.6778192691837113
3.676158261274463,-0.8578971922664818,-2.6776758089174524
3.6771583043270404,-0.8605749053656928,-2.677517327695798
3.6781583473796178,-0.863252452449383,-2.6773437855296716
3.679158390432195,-0.8659298184360874,-2.6771551427265146
3.6801584334847726,-0.8686069882047966,-2.676951359893435
3.68115847653735,-0.8712839465952575,-2.67673239794035
3.682158519589927,-0.8739606784082782,-2.6764982180831245
3.6831585626425043,-0.876637168406035,-2.676248781846704
3.6841586056950817,-0.8793134013123836,-2.6759840510682436
3.685158648747659,-0.8819893618131723,-2.675703987900229
3.6861586918002365,-0.8846650345565596,-2.675408554813595
3.687158734852814,-0.8873404041533337,-2.675097714600834
3.6881587779053913,-0.8900154551772357,-2.674771430379102
3.6891588209579687,-0.892690172165286,-2.674429665593313
3.690158864010546,-0.8953645396181135,-2.6740723840192295
3.6911589070631234,-0.8980385420002879,-2.673699549766546
3.692158950115701,-0.9007121637406553,-2.673311127281961
3.6931589931682782,-0.9033853892326771,-2.6729070813522435
3.6941590362208556,-0.9060582028347708,-2.672487377107291
3.695159079273433,-0.9087305888706554,-2.6720519800231775
3.6961591223260104,-0.9114025316296989,-2.6716008559251914
3.697159165378588,-0.9140740153672687,-2.671133970990867
3.698159208431165,-0.9167450243050861,-2.6706512917530025
3.6991592514837426,-0.9194155426315822,-2.67015278510267
3.70015929453632,-0.9220855545022585,-2.669638418292213
3.7011593375888974,-0.9247550440400492,-2.669108158938236
3.7021593806414748,-0.9274239953356869,-2.6685619750245793
3.703159423694052,-0.9300923924480718,-2.6679998349052836
3.7041594667466295,-0.932760219404643,-2.6674217073075432
3.705159509799207,-0.9354274602017534,-2.666827561334647
3.7061595528517843,-0.9380940988050468,-2.6662173664689037
3.7071595959043617,-0.9407601191498389,-2.665591092574559
3.708159638956939,-0.9434255051415008,-2.6649487099006954
3.7091596820095165,-0.9460902406558446,-2.6642901890841193
3.710159725062094,-0.9487543095395132,-2.663615501152235
3.7111597681146713,-0.9514176956103724,-2.662924617525903
3.7121598111672487,-0.9540803826579051,-2.6622175100222853
3.713159854219826,-0.9567423544436097,-2.6614941508576715
3.7141598972724035,-0.9594035947014005,-2.6607545126502954
3.715159940324981,-0.962064087138011,-2.6599985684231306
3.7161599833775583,-0.9647238154333998,-2.6592262916066725
3.7171600264301357,-0.9673827632411601,-2.6584376560417025
3.718160069482713,-0.970040914188931,-2.657632635982037
3.7191601125352904,-0.9726982518788118,-2.656811206097257
3.720160155587868,-0.9753547598877793,-2.6559733414754225
3.7211601986404452,-0.978010421768108,-2.655119017625766
3.7221602416930226,-0.980665221047792,-2.6542482104813705
3.7231602847456,-0.9833191412309704,-2.653360896401827
3.7241603277981774,-0.9859721657983554,-2.652457052175875
3.725160370850755,-0.9886242782076627,-2.6515366550240196
3.726160413903332,-0.9912754618940445,-2.6505996826011358
3.7271604569559096,-0.9939257002705248,-2.649646112999045
3.728160500008487,-0.9965749767284385,-2.6486759247490768
3.7291605430610644,-0.9992232746378715,-2.6476890968246076
3.7301605861136418,-1.0018705773481043,-2.6466856086435784
3.7311606291662187,-1.0045168681880576,-2.645665440070992
3.732160672218796,-1.0071621304667413,-2.644628571421386
3.7331607152713735,-1.0098063474737042,-2.643574983461289
3.734160758323951,-1.0124495024794884,-2.6425046574116475
3.7351608013765283,-1.015091578736084,-2.641417574950236
3.7361608444291057,-1.0177325594773872,-2.6403137182140397
3.737160887481683,-1.0203724279196618,-2.6391930698016166
3.7381609305342605,-1.0230111672620006,-2.638055612775434
3.739160973586838,-1.0256487606867912,-2.636901330664182
3.7401610166394152,-1.0282851913601834,-2.635730207465063
3.7411610596919926,-1.0309204424325584,-2.6345422276460537
3.74216110274457,-1.0335544970390014,-2.633337376148146
3.7431611457971474,-1.036187338299775,-2.632115638387558
3.744161188849725,-1.0388189493207967,-2.6308770002579243
3.745161231902302,-1.0414493131941156,-2.629621448132455
3.7461612749548796,-1.0440784129983949,-2.628348968866072
3.747161318007457,-1.0467062317993934,-2.627059549797518
3.7481613610600344,-1.0493327526504512,-2.6257531787514363
3.749161404112612,-1.0519579585929764,-2.6244298440404252
3.750161447165189,-1.0545818326569336,-2.623089534467065
3.7511614902177666,-1.0572043578613357,-2.6217322393259153
3.752161533270344,-1.0598255172147364,-2.620357948405485
3.7531615763229214,-1.0624452937157254,-2.618966651990174
3.7541616193754987,-1.065063670353425,-2.6175583408621863
3.755161662428076,-1.067680630107989,-2.6161330063034107
3.7561617054806535,-1.0702961559511035,-2.6146906400972765
3.757161748533231,-1.0729102308464888,-2.613231234530577
3.7581617915858083,-1.0755228377504047,-2.6117547823952627
3.7591618346383857,-1.0781339596121555,-2.610261276990204
3.760161877690963,-1.0807435793745985,-2.6087507121229243
3.7611619207435405,-1.0833516799746532,-2.607223082111302
3.762161963796118,-1.0859582443438127,-2.6056783817852396
3.7631620068486953,-1.0885632554086564,-2.6041166064883026
3.7641620499012727,-1.0911666960913646,-2.6025377520793262
3.76516209295385,-1.0937685493102347,-2.6009418149339907
3.7661621360064275,-1.0963687979801984,-2.5993287919463626
3.767162179059005,-1.0989674250133414,-2.597698680530404
3.7681622221115822,-1.101564413319424,-2.59605147862145
3.7691622651641596,-1.1041597458064027,-2.5943871846776525
3.770162308216737,-1.1067534053809542,-2.5927057976813876
3.7711623512693144,-1.1093453749490003,-2.591007317140634
3.772162394321892,-1.111935637416234,-2.589291743090314
3.773162437374469,-1.1145241756886473,-2.587559076093602
3.7741624804270466,-1.1171109726730601,-2.585809317243197
3.775162523479624,-1.1196960112776506,-2.5840424681625622
3.7761625665322014,-1.1222792744124859,-2.582258531007128
3.777162609584779,-1.1248607449900554,-2.58045750846546
3.778162652637356,-1.1274404059258043,-2.578639403760393
3.7791626956899336,-1.1300182401386683,-2.5768042206501276
3.7801627387425105,-1.1325942305516095,-2.574951963429291
3.781162781795088,-1.1351683600921536,-2.5730826369299633
3.7821628248476653,-1.1377406116929278,-2.571196246522666
3.7831628679002427,-1.1403109682921995,-2.569292798117313
3.78416291095282,-1.1428794128344164,-2.5673722981641287
3.7851629540053975,-1.1454459282707474,-2.5654347536545234
3.786162997057975,-1.148010497559624,-2.5634801721219374
3.7871630401105523,-1.1505731036672824,-2.5615085616426425
3.7881630831631297,-1.1531337295683077,-2.55951993083651
3.789163126215707,-1.1556923582461773,-2.557514288867739
3.7901631692682844,-1.1582489726938057,-2.5554916454455454
3.791163212320862,-1.1608035559140895,-2.553452010824817
3.7921632553734392,-1.1633560909204537,-2.551395395806726
3.7931632984260166,-1.1659065607373988,-2.5493218117393037
3.794163341478594,-1.1684549484010474,-2.547231270517979
3.7951633845311714,-1.1710012369596914,-2.545123784586077
3.796163427583749,-1.1735454094743414,-2.5429993669352755
3.797163470636326,-1.1760874490192743,-2.540858031106028
3.7981635136889036,-1.1786273386825825,-2.5386997911879425
3.799163556741481,-1.1811650615667235,-2.536524661820123
3.8001635997940584,-1.1837006007890694,-2.534332658191473
3.8011636428466358,-1.1862339394824568,-2.532123796040954
3.802163685899213,-1.1887650607957372,-2.529898091657811
3.8031637289517906,-1.1912939478943272,-2.5276555618817524
3.804163772004368,-1.1938205839607592,-2.525396224103094
3.8051638150569453,-1.1963449521952318,-2.523120096262859
3.8061638581095227,-1.1988670358161613,-2.520827196852841
3.8071639011621,-1.2013868180607312,-2.5185175449156234
3.8081639442146775,-1.2039042821854447,-2.5161911600445626
3.809163987267255,-1.2064194114666738,-2.5138480623837256
3.8101640303198323,-1.2089321892012113,-2.511488272627791
3.8111640733724097,-1.2114425987068205,-2.5091118120219056
3.812164116424987,-1.2139506233227861,-2.5067187023615034
3.8131641594775645,-1.2164562464104642,-2.5043089659920827
3.814164202530142,-1.2189594513538324,-2.50188262580894
3.8151642455827193,-1.2214602215600392,-2.499439705256866
3.8161642886352967,-1.2239585404599536,-2.4969802283297984
3.817164331687874,-1.2264543915087138,-2.494504219570434
3.8181643747404514,-1.2289477581862762,-2.4920117040697995
3.819164417793029,-1.2314386239979633,-2.4895027074667824
3.8201644608456062,-1.2339269724750113,-2.4869772559476173
3.8211645038981836,-1.2364127871751172,-2.484435376245335
3.822164546950761,-1.2388960516829852,-2.481877095639166
3.8231645900033384,-1.241376749610873,-2.479302441953906
3.824164633055916,-1.2438548645991365,-2.476711443559238
3.825164676108493,-1.246330380316775,-2.4741041293690147
3.8261647191610706,-1.2488032804619742,-2.471480528840496
3.827164762213648,-1.2512735487626505,-2.46884067197355
3.828164805266225,-1.2537411689769917,-2.4661845893098073
3.8291648483188023,-1.2562061248939993,-2.4635123119317797
3.8301648913713797,-1.258668400334029,-2.4608238714619315
3.831164934423957,-1.2611279791493293,-2.4581193000617128
3.8321649774765345,-1.2635848452245813,-2.455398630430552
3.833165020529112,-1.266038982477435,-2.4526618958048045
3.8341650635816893,-1.2684903748590464,-2.449909129956662
3.8351651066342667,-1.2709390063546124,-2.4471403671930205
3.836165149686844,-1.2733848609839058,-2.4443556423543047
3.8371651927394215,-1.2758279228018068,-2.4415549908132554
3.838165235791999,-1.278268175898836,-2.438738448473672
3.8391652788445763,-1.280705604401684,-2.435906051769116
3.8401653218971536,-1.2831401924737413,-2.433057837661573
3.841165364949731,-1.2855719243156254,-2.430193843640074
3.8421654080023084,-1.288000784165707,-2.4273141077192752
3.843165451054886,-1.2904267563006362,-2.424418668438
3.844165494107463,-1.2928498250358642,-2.421507564857734
3.8451655371600406,-1.2952699747261665,-2.418580836561088
3.846165580212618,-1.2976871897661628,-2.415638523650213
3.8471656232651954,-1.3001014545908358,-2.4126806667451803
3.848165666317773,-1.3025127536760481,-2.409707306982318
3.84916570937035,-1.304921071539058,-2.406718486012509
3.8501657524229276,-1.3073263927390328,-2.403714245999449
3.851165795475505,-1.3097287018775614,-2.4006946296178655
3.8521658385280824,-1.312127983599164,-2.397659680051693
3.8531658815806598,-1.3145242225918,-2.394609440992217
3.854165924633237,-1.316917403587375,-2.391543956636168
3.8551659676858145,-1.3193075113622454,-2.388463271683786
3.856166010738392,-1.3216945307377208,-2.38536743133684
3.8571660537909693,-1.3240784465805642,-2.382256481296611
3.8581660968435467,-1.3264592438034906,-2.3791304677618355
3.859166139896124,-1.3288369073656638,-2.37598943742661
3.8601661829487015,-1.3312114222731908,-2.3728334374782603
3.861166226001279,-1.333582773579613,-2.369662515595167
3.8621662690538563,-1.3359509463863974,-2.3664767199445587
3.8631663121064337,-1.3383159258434236,-2.363276099180264
3.864166355159011,-1.3406776971494696,-2.3600607024404274
3.8651663982115885,-1.3430362455526947,-2.3568305793451874
3.866166441264166,-1.3453915563511207,-2.353585779994317
3.8671664843167433,-1.34774361489311,-2.350326354964828
3.8681665273693207,-1.3500924065778417,-2.3470523553085387
3.869166570421898,-1.3524379168557856,-2.343763832549604
3.8701666134744754,-1.3547801312291727,-2.340460838682011
3.871166656527053,-1.3571190352524645,-2.337143426167038
3.8721666995796302,-1.3594546145328181,-2.3338116479306747
3.8731667426322076,-1.3617868547305507,-2.3304655573610136
3.874166785684785,-1.3641157415595995,-2.3271052083055994
3.8751668287373624,-1.3664412607879801,-2.3237306550687467
3.87616687178994,-1.3687633982382423,-2.320341952408823
3.8771669148425167,-1.3710821397879223,-2.3169391555354966
3.878166957895094,-1.373397471369993,-2.3135223201069497
3.8791670009476715,-1.375709378973311,-2.3100915022270594
3.880167044000249,-1.3780178486430605,-2.306646758442543
3.8811670870528263,-1.3803228664811957,-2.3031881457400716
3.8821671301054037,-1.3826244186468781,-2.299715721543349
3.883167173157981,-1.384922491356913,-2.2962295437101603
3.8841672162105585,-1.3872170708861815,-2.2927296705293854
3.885167259263136,-1.389508143568071,-2.2892161607179817
3.8861673023157133,-1.3917956957949003,-2.2856890734179354
3.8871673453682907,-1.3940797140183447,-2.2821484681931796
3.888167388420868,-1.3963601847498555,-2.2785944050264835
3.8891674314734455,-1.398637094561077,-2.275026944316308
3.890167474526023,-1.4009104300842619,-2.2714461468736324
3.8911675175786002,-1.4031801780126807,-2.267852073918753
3.8921675606311776,-1.4054463251010305,-2.2642447870780456
3.893167603683755,-1.4077088581658392,-2.2606243483807047
3.8941676467363324,-1.4099677640858665,-2.2569908202554507
3.89516768978891,-1.4122230298025018,-2.2533442655272085
3.896167732841487,-1.4144746423201588,-2.2496847474137565
3.8971677758940646,-1.4167225887066672,-2.24601232952235
3.898167818946642,-1.4189668560936595,-2.2423270758463145
3.8991678619992194,-1.421207431676956,-2.2386290507616127
3.900167905051797,-1.4234443027169459,-2.2349183190233832
3.901167948104374,-1.425677456538964,-2.2311949457624545
3.9021679911569516,-1.4279068805336657,-2.2274589964818303
3.903168034209529,-1.4301325621573964,-2.2237105370531514
3.9041680772621064,-1.432354488932559,-2.219949633713128
3.9051681203146837,-1.4345726484479768,-2.216176353059952
3.906168163367261,-1.4367870283592539,-2.2123907620496794
3.9071682064198385,-1.43899761638913,-2.208592927992593
3.908168249472416,-1.4412044003278344,-2.2047829185495362
3.9091682925249933,-1.4434073680334332,-2.2009608017282263
3.9101683355775707,-1.4456065074321756,-2.1971266458795444
3.911168378630148,-1.4478018065188343,-2.193280519693801
3.9121684216827255,-1.4499932533570437,-2.189422492196979
3.913168464735303,-1.452180836079633,-2.185552632746958
3.9141685077878803,-1.4543645428889571,-2.18167101102971
3.9151685508404577,-1.456544362057222,-2.1777776970554834
3.916168593893035,-1.458720281926808,-2.173872761154956
3.9171686369456125,-1.4608922909105868,-2.1699562739753757
3.91816867999819,-1.4630603774922382,-2.1660283064766754
3.9191687230507672,-1.4652245302265587,-2.162088929927573
3.9201687661033446,-1.4673847377397702,-2.1581382159016487
3.921168809155922,-1.4695409887298214,-2.154176236273404
3.9221688522084994,-1.4716932719666878,-2.150203063214305
3.923168895261077,-1.473841576292666,-2.1462187691888044
3.924168938313654,-1.4759858906226653,-2.1422234269503466
3.9251689813662316,-1.4781262039444942,-2.138217109537359
3.9261690244188086,-1.4802625053191438,-2.1341998902692225
3.927169067471386,-1.4823947838810665,-2.1301718427422274
3.9281691105239633,-1.4845230288384506,-2.1261330408255144
3.9291691535765407,-1.4866472294734918,-2.1220835586569984
3.930169196629118,-1.4887673751426596,-2.118023470639279
3.9311692396816955,-1.4908834552769596,-2.1139528514355366
3.932169282734273,-1.492995459382193,-2.109871775965412
3.9331693257868503,-1.4951033770392097,-2.105780319400876
3.9341693688394277,-1.4972071979041597,-2.1016785571620833
3.935169411892005,-1.4993069117087385,-2.0975665649132136
3.9361694549445825,-1.5014025082604294,-2.093444418558303
3.93716949799716,-1.5034939774427414,-2.0893121942370603
3.9381695410497373,-1.5055813092154422,-2.085169968320674
3.9391695841023147,-1.5076644936147883,-2.0810178174076075
3.940169627154892,-1.5097435207537497,-2.0768558183193853
3.9411696702074694,-1.5118183808222312,-2.0726840480963666
3.942169713260047,-1.5138890640872886,-2.068502583993511
3.9431697563126242,-1.5159555608933417,-2.064311503476134
3.9441697993652016,-1.5180178616623823,-2.0601108842156575
3.945169842417779,-1.5200759568941784,-2.055900804085345
3.9461698854703564,-1.5221298371664735,-2.0516813411560353
3.947169928522934,-1.5241794931351826,-2.047452573691867
3.948169971575511,-1.526224915534583,-2.0432145801459947
3.9491700146280886,-1.5282660951775011,-2.038967439156299
3.950170057680666,-1.5303030229554953,-2.0347112295410934
3.9511701007332434,-1.532335689839034,-2.0304460302948217
3.9521701437858208,-1.5343640868776698,-2.0261719205837525
3.953170186838398,-1.5363882052002094,-2.0218889797416693
3.9541702298909756,-1.538408036014878,-2.0175972872655534
3.955170272943553,-1.5404235706094815,-2.0132969228112687
3.9561703159961303,-1.5424348003515627,-2.0089879661892365
3.9571703590487077,-1.5444417166885536,-2.004670497360112
3.958170402101285,-1.5464443111479236,-2.000344596430458
3.9591704451538625,-1.5484425753373234,-1.9960103436484136
3.96017048820644,-1.5504365009447243,-1.9916678193993644
3.9611705312590173,-1.552426079738553,-1.987317104201611
3.9621705743115947,-1.5544113035678226,-1.9829582787020348
3.963170617364172,-1.5563921643622596,-1.978591423671767
3.9641706604167495,-1.5583686541324249,-1.9742166200018545
3.965170703469327,-1.5603407649698324,-1.9698339486989285
3.9661707465219043,-1.5623084890470618,-1.9654434908808731
3.9671707895744817,-1.5642718186178681,-1.9610453277724966
3.968170832627059,-1.5662307460172866,-1.9566395407012034
3.9691708756796364,-1.5681852636617326,-1.9522262110926685
3.970170918732214,-1.570135364049098,-1.947805420466516
3.9711709617847912,-1.5720810397588432,-1.943377250432
3.9721710048373686,-1.574022283452084,-1.9389417826836879
3.973171047889946,-1.5759590878716756,-1.9344990989971507
3.9741710909425234,-1.5778914458422908,-1.9300492812246548
3.9751711339951004,-1.5798193502704947,-1.9255924112908611
3.9761711770476778,-1.581742794144815,-1.921128571188528
3.977171220100255,-1.583661770535808,-1.91665784297422
3.9781712631528325,-1.5855762725961202,-1.9121803087640243
3.97917130620541,-1.5874862935605456,-1.9076960507292717
3.9801713492579873,-1.5893918267460792,-1.903205151092266
3.9811713923105647,-1.5912928655519651,-1.8987076921220207
3.982171435363142,-1.5931894034597422,-1.894203756130002
3.9831714784157195,-1.5950814340332833,-1.8896934254658828
3.984171521468297,-1.5969689509188318,-1.8851767825133023
3.9851715645208743,-1.5988519478450338,-1.8806539096856374
3.9861716075734517,-1.6007304186229652,-1.8761248894217808
3.987171650626029,-1.6026043571461555,-1.8715898041819312
3.9881716936786065,-1.6044737573906067,-1.8670487364433925
3.989171736731184,-1.6063386134148085,-1.8625017686963838
3.9901717797837613,-1.6081989193597492,-1.8579489834398604
3.9911718228363386,-1.6100546694489222,-1.8533904631773463
3.992171865888916,-1.6119058579883283,-1.8488262904127788
3.9931719089414934,-1.6137524793664746,-1.8442565476463633
3.994171951994071,-1.6155945280543682,-1.8396813173704436
3.995171995046648,-1.6174319986055063,-1.8351006820653826
3.9961720380992256,-1.6192648856558627,-1.8305147241954571
3.997172081151803,-1.621093183923869,-1.8259235262047668
3.9981721242043804,-1.6229168882103926,-1.8213271705131557
3.999172167256958,-1.6247359933987109,-1.8167257395121499
4.000172210309535,-1.62655049445448,-1.8121193155609074
4.001172253362112,-1.628360386425701,-1.8075079809821857
4.00217229641469,-1.6301656644426816,-1.8028918180583229
4.003172339467267,-1.6319663237179933,-1.7982709090272353
4.004172382519845,-1.6337623595464255,-1.7936453360784304
4.005172425572422,-1.6355537673049343,-1.7890151813490367
4.0061724686249995,-1.6373405424525889,-1.7843805269198512
4.0071725116775765,-1.639122680530513,-1.7797414548114012
4.008172554730154,-1.6409001771618226,-1.7750980469800273
4.009172597782731,-1.6426730280515598,-1.77045038531398
4.010172640835309,-1.644441228986623,-1.7657985516295376
4.011172683887886,-1.6462047758356926,-1.761142627667141
4.012172726940464,-1.6479636645491536,-1.7564826950875465
4.013172769993041,-1.6497178911590133,-1.751818835468
4.014172813045619,-1.6514674517788173,-1.7471511302984268
4.015172856098196,-1.6532123426035585,-1.7424796609776445
4.0161728991507735,-1.6549525599095858,-1.7378045088095935
4.01717294220335,-1.656688100054506,-1.7331257549995887
4.018172985255928,-1.658418959477084,-1.7284434806505908
4.019173028308505,-1.6601451346971383,-1.7237577667594994
4.020173071361083,-1.6618666223154337,-1.7190686942134665
4.02117311441366,-1.6635834190135685,-1.7143763437862307
4.022173157466238,-1.6652955215538605,-1.709680796134474
4.023173200518815,-1.6670029267792275,-1.7049821317942
4.024173243571393,-1.6687056316130648,-1.7002804311771342
4.02517328662397,-1.6704036330591194,-1.695575774567146
4.026173329676547,-1.6720969282013602,-1.6908682421166947
4.027173372729124,-1.673785514203845,-1.686157913843297
4.028173415781702,-1.675469388310583,-1.681444869626018
4.029173458834279,-1.6771485478453958,-1.6767291892019869
4.030173501886857,-1.678822990211773,-1.6720109521629332
4.031173544939434,-1.6804927128927254,-1.66729023795175
4.032173587992012,-1.682157713450634,-1.6625671258590795
4.033173631044589,-1.6838179895270964,-1.6578416950199233
4.0341736740971665,-1.685473538842769,-1.6531140244102769
4.0351737171497435,-1.6871243591972076,-1.6483841928437895
4.036173760202321,-1.6887704484687016,-1.6436522789684478
4.037173803254898,-1.6904118046141081,-1.6389183612632865
4.038173846307476,-1.6920484256686805,-1.634182518035122
4.039173889360053,-1.6936803097458952,-1.6294448274153137
4.040173932412631,-1.695307455037274,-1.6247053673565501
4.041173975465208,-1.696929859812204,-1.6199642156296603
4.042174018517786,-1.6985475224177544,-1.6152214498204527
4.043174061570363,-1.7001604412784896,-1.6104771473265795
4.0441741046229405,-1.70176861489628,-1.605731385354428
4.045174147675517,-1.7033720418501084,-1.6009842409160377
4.046174190728095,-1.7049707207958744,-1.5962357908260456
4.047174233780672,-1.7065646504661958,-1.591486111698657
4.048174276833249,-1.7081538296702066,-1.5867352799446446
4.049174319885827,-1.7097382572933515,-1.581983371768375
4.050174362938404,-1.7113179322971788,-1.5772304631648613
4.051174405990982,-1.7128928537191288,-1.5724766299168451
4.052174449043559,-1.7144630206723208,-1.567721947591905
4.053174492096137,-1.7160284323453359,-1.5629664915395938
4.0541745351487135,-1.717589088001998,-1.5582103368886027
4.055174578201291,-1.719144986981151,-1.5534535585439553
4.056174621253868,-1.7206961286964346,-1.5486962311842283
4.057174664306446,-1.7222425126360554,-1.5439384292588019
4.058174707359023,-1.7237841383625572,-1.5391802269851376
4.059174750411601,-1.725321005512587,-1.5344216983460857
4.060174793464178,-1.7268531137966596,-1.529662917087221
4.061174836516756,-1.728380462998919,-1.5249039567142075
4.062174879569333,-1.7299030529768968,-1.5201448904901924
4.0631749226219105,-1.7314208836612686,-1.5153857914332283
4.064174965674487,-1.7329339550556073,-1.5106267323137255
4.065175008727065,-1.734442267236135,-1.5058677856519334
4.066175051779642,-1.7359458203514706,-1.501109023715451
4.06717509483222,-1.7374446146223765,-1.4963505185167667
4.068175137884797,-1.7389386503415023,-1.4915923418108281
4.069175180937375,-1.7404279278731256,-1.4868345650926411
4.070175223989952,-1.741912447652891,-1.4820772595948983
4.07117526704253,-1.7433922101875474,-1.477320496285638
4.072175310095107,-1.7448672160546808,-1.472564345865932
4.073175353147684,-1.7463374659024469,-1.4678088787676045
4.074175396200261,-1.747802960449301,-1.4630541651509785
4.075175439252839,-1.749263700483725,-1.4583002749026555
4.076175482305416,-1.7507196868639527,-1.453547277633322
4.077175525357994,-1.7521709205176925,-1.4487952426755883
4.078175568410571,-1.7536174024418485,-1.444044239081856
4.079175611463149,-1.7550591337022392,-1.439294335622216
4.080175654515726,-1.7564961154333143,-1.434545600782377
4.081175697568304,-1.757928348837869,-1.429798102761623
4.0821757406208805,-1.7593558351867564,-1.4250519094708023
4.083175783673458,-1.7607785758185988,-1.4203070885303464
4.084175826726035,-1.7621965721394954,-1.4155637072683178
4.085175869778613,-1.7636098256227297,-1.41082183271849
4.08617591283119,-1.7650183378084738,-1.4060815316184558
4.087175955883768,-1.7664221103034912,-1.401342870407767
4.088175998936345,-1.7678211447808383,-1.396605915226104
4.089176041988923,-1.769215442979563,-1.3918707319114756
4.0901760850415,-1.770605006704403,-1.3871373859984484
4.0911761280940775,-1.7719898378254804,-1.3824059427164075
4.092176171146654,-1.7733699382779964,-1.3776764669878465
4.093176214199232,-1.7747453100619233,-1.3729490234266877
4.094176257251809,-1.7761159552416952,-1.3682236763366324
4.095176300304387,-1.7774818759458968,-1.363500489709542
4.096176343356964,-1.7788430743669508,-1.3587795272238476
4.097176386409541,-1.7801995527608039,-1.3540608522429918
4.098176429462119,-1.7815513134466106,-1.349344527813898
4.099176472514696,-1.7828983588064162,-1.3446306166654716
4.100176515567274,-1.784240691284838,-1.33991918120713
4.1011765586198505,-1.7855783133887453,-1.335210283527363
4.102176601672428,-1.7869112276869368,-1.3305039853923222
4.103176644725005,-1.788239436809819,-1.3258003482444414
4.104176687777583,-1.7895629434490805,-1.3210994332010855
4.10517673083016,-1.7908817503573675,-1.3164013010532292
4.106176773882738,-1.7921958603479555,-1.311706012264166
4.107176816935315,-1.7935052762944215,-1.3070136269682455
4.108176859987893,-1.7948100011303145,-1.3023242049696415
4.10917690304047,-1.796110037848825,-1.297637805741148
4.1101769460930475,-1.7974053895024524,-1.292954488423005
4.1111769891456245,-1.798696059202672,-1.2882743118217548
4.112177032198202,-1.7999820501196009,-1.2835973344091243
4.113177075250779,-1.8012633654816628,-1.2789236143209395
4.114177118303357,-1.802540008575251,-1.274253209356067
4.115177161355934,-1.8038119827443915,-1.2695861769753853
4.116177204408512,-1.8050792913904044,-1.2649225743007841
4.117177247461089,-1.8063419379715637,-1.2602624581141921
4.118177290513667,-1.8075999260027578,-1.255605884856635
4.119177333566244,-1.8088532590551476,-1.250952910627319
4.120177376618821,-1.8101019407558243,-1.2463035911827458
4.121177419671398,-1.8113459747874663,-1.2416579819358535
4.122177462723976,-1.8125853648879953,-1.2370161379551867
4.123177505776553,-1.813820114850231,-1.2323781139640941
4.124177548829131,-1.8150502285215466,-1.2277439643399544
4.125177591881708,-1.8162757098035212,-1.2231137431134294
4.126177634934286,-1.817496562651593,-1.2184875039677452
4.127177677986863,-1.8187127910747123,-1.213865300238001
4.128177721039441,-1.8199243991349918,-1.2092471849105049
4.1291777640920175,-1.821131390947359,-1.2046332106221362
4.130177807144595,-1.8223337706792047,-1.2000234296597379
4.131177850197172,-1.8235315425500338,-1.1954178939595315
4.13217789324975,-1.8247247108311144,-1.1908166551065629
4.133177936302327,-1.8259132798451259,-1.1862197643341725
4.134177979354905,-1.8270972539658068,-1.1816272725234935
4.135178022407482,-1.8282766376176032,-1.1770392302029746
4.13617806546006,-1.8294514352753148,-1.1724556875479315
4.137178108512637,-1.8306216514637423,-1.1678766943801224
4.1381781515652145,-1.8317872907573334,-1.163302300167351
4.1391781946177915,-1.8329483577798285,-1.1587325540230944
4.140178237670369,-1.834104857203906,-1.154167504706157
4.141178280722946,-1.8352567937508282,-1.1496072006203508
4.142178323775524,-1.8364041721900852,-1.1450516898141996
4.143178366828101,-1.8375469973390404,-1.1405010199806693
4.144178409880679,-1.838685274062574,-1.1359552384569236
4.145178452933256,-1.8398190072727276,-1.1314143922241038
4.146178495985833,-1.8409482019283476,-1.1268785279071345
4.147178539038411,-1.8420728630347294,-1.1223476917745523
4.1481785820909876,-1.8431929956432607,-1.1178219297383605
4.149178625143565,-1.8443086048510644,-1.1133012873539072
4.150178668196142,-1.845419695800643,-1.1087858098197882
4.15117871124872,-1.8465262736795205,-1.1042755419777732
4.152178754301297,-1.8476283437198866,-1.0997705283127555
4.153178797353875,-1.8487259111982393,-1.0952708129527267
4.154178840406452,-1.8498189814350277,-1.0907764396687731
4.15517888345903,-1.8509075597942957,-1.0862874518750973
4.156178926511607,-1.8519916516833248,-1.0818038926290605
4.1571789695641845,-1.8530712625522774,-1.07732580463125
4.1581790126167615,-1.8541463978938397,-1.072853230225568
4.159179055669339,-1.8552170632428655,-1.0683862113993439
4.160179098721916,-1.8562832641760196,-1.0639247897834676
4.161179141774494,-1.8573450063114212,-1.0594690066525467
4.162179184827071,-1.8584022953082875,-1.0550189029250847
4.163179227879649,-1.8594551368665786,-1.0505745191636808
4.164179270932226,-1.8605035367266407,-1.0461358955752522
4.165179313984804,-1.8615475006688509,-1.0417030720112774
4.166179357037381,-1.862587034513262,-1.0372760879680607
4.1671794000899585,-1.8636221441192473,-1.0328549825870177
4.168179443142535,-1.864652835385146,-1.0284397946549826
4.169179486195113,-1.865679114247908,-1.0240305626045347
4.17017952924769,-1.8667009866827418,-1.0196273245143468
4.171179572300268,-1.8677184587027578,-1.0152301181095529
4.172179615352845,-1.8687315363586174,-1.0108389807621372
4.173179658405423,-1.8697402257381792,-1.0064539494913418
4.174179701458,-1.8707445329661463,-1.0020750609640954
4.175179744510578,-1.8717444642037144,-0.9977023514954599
4.1761797875631546,-1.8727400256482198,-0.9933358570490985
4.177179830615732,-1.873731223532789,-0.9889756132377613
4.178179873668309,-1.8747180641259868,-0.9846216553237906
4.179179916720887,-1.8757005537314677,-0.9802740182196453
4.180179959773464,-1.876678698687625,-0.9759327364884428
4.181180002826042,-1.877652505367242,-0.9715978443445206
4.182180045878619,-1.878621980177144,-0.9672693756540152
4.183180088931197,-1.87958712955785,-0.9629473639354598
4.184180131983774,-1.8805479599832249,-0.9586318423603989
4.1851801750363515,-1.8815044779601342,-0.9543228437540214
4.1861802180889285,-1.8824566900280963,-0.9500204005958106
4.187180261141506,-1.8834046027589386,-0.9457245450202115
4.188180304194083,-1.8843482227564514,-0.9414353088173155
4.189180347246661,-1.8852875566560452,-0.9371527234335616
4.190180390299238,-1.8862226111244063,-0.9328768199724542
4.191180433351816,-1.8871533928591546,-0.9286076291952977
4.192180476404393,-1.8880799085885023,-0.924345181521947
4.193180519456971,-1.8890021650709121,-0.9200895070315743
4.194180562509548,-1.8899201690947571,-0.9158406354634518
4.195180605562125,-1.8908339274779813,-0.9115985962177497
4.196180648614702,-1.891743447067761,-0.9073634183563501
4.197180691667279,-1.892648734740167,-0.9031351306036758
4.198180734719857,-1.8935497973998272,-0.8989137613475345
4.199180777772434,-1.8944466419795905,-0.8946993386399779
4.200180820825012,-1.8953392754401914,-0.8904918901981749
4.201180863877589,-1.896227704769916,-0.8862914434053001
4.202180906930167,-1.8971119369842682,-0.8820980253114362
4.203180949982744,-1.8979919791256366,-0.8779116626344903
4.204180993035322,-1.8988678382629633,-0.8737323817611243
4.2051810360878985,-1.8997395214914132,-0.8695602087476995
4.206181079140476,-1.9006070359320435,-0.8653951693212334
4.207181122193053,-1.9014703887314757,-0.8612372888803714
4.208181165245631,-1.9023295870615666,-0.8570865924963706
4.209181208298208,-1.903184638119083,-0.8529431049140968
4.210181251350786,-1.904035549125374,-0.848806850553034
4.211181294403363,-1.9048823273260473,-0.8446778535083072
4.212181337455941,-1.9057249799906453,-0.8405561375517165
4.213181380508518,-1.9065635144123214,-0.8364417261327848
4.2141814235610955,-1.9073979379075192,-0.8323346423798152
4.215181466613672,-1.9082282578156513,-0.8282349091009629
4.21618150966625,-1.90905448149878,-0.8241425487853163
4.217181552718827,-1.9098766163412981,-0.8200575836039915
4.218181595771405,-1.9106946697496126,-0.8159800354112362
4.219181638823982,-1.9115086491518272,-0.811909925745546
4.22018168187656,-1.9123185619974277,-0.8078472758307909
4.221181724929137,-1.913124415756968,-0.8037921065773524
4.222181767981715,-1.913926217921757,-0.7997444385832718
4.223181811034292,-1.9147239760035468,-0.7957042921354073
4.224181854086869,-1.9155176975342219,-0.7916716872106028
4.225181897139446,-1.9163073900654901,-0.7876466434768656
4.226181940192024,-1.9170930611685744,-0.7836291802945544
4.227181983244601,-1.9178747184339053,-0.7796193167175761
4.228182026297179,-1.9186523694708155,-0.7756170714945929
4.229182069349756,-1.919426021907235,-0.7716224630702377
4.230182112402334,-1.9201956833893876,-0.7676355095863395
4.231182155454911,-1.9209613615814891,-0.7636562288831563
4.232182198507489,-1.9217230641654457,-0.7596846385006178
4.2331822415600655,-1.9224807988405548,-0.755720755679576
4.234182284612643,-1.9232345733232064,-0.7517645973630641
4.23518232766522,-1.9239843953465858,-0.747816180197564
4.236182370717798,-1.924730272660378,-0.7438755205342807
4.237182413770375,-1.9254722130304727,-0.7399426344304258
4.238182456822953,-1.9262102242386705,-0.7360175376505074
4.23918249987553,-1.926944314082392,-0.7321002456676278
4.240182542928108,-1.9276744903743863,-0.728190773664789
4.241182585980685,-1.9284007609424414,-0.7242891365362046
4.2421826290332625,-1.9291231336290964,-0.7203953488886188
4.243182672085839,-1.9298416162913548,-0.7165094250426317
4.244182715138416,-1.9305562168003985,-0.7126313790340325
4.245182758190994,-1.9312669430413043,-0.7087612246151375
4.246182801243571,-1.9319738029127602,-0.7048989752561351
4.247182844296149,-1.932676804326785,-0.701044644146437
4.248182887348726,-1.9333759552084473,-0.6971982441960349
4.249182930401304,-1.9340712634955872,-0.6933597880368634
4.250182973453881,-1.934762737138539,-0.6895292880241677
4.251183016506459,-1.9354503840998545,-0.6857067562378778
4.2521830595590355,-1.9361342123540295,-0.6818922044839871
4.253183102611613,-1.9368142298872293,-0.6780856442959363
4.25418314566419,-1.9374904446970178,-0.6742870869360026
4.255183188716768,-1.9381628647920868,-0.670496543396693
4.256183231769345,-1.9388314981919863,-0.6667140244021429
4.257183274821923,-1.9394963529268576,-0.6629395404095192
4.2581833178745,-1.9401574370371666,-0.6591731016104267
4.259183360927078,-1.9408147585734392,-0.6554147179323204
4.260183403979655,-1.9414683255959975,-0.6516643990399198
4.2611834470322325,-1.9421181461746981,-0.6479221543366288
4.2621834900848095,-1.9427642283886712,-0.6441879929659584
4.263183533137387,-1.9434065803260618,-0.6404619238129534
4.264183576189964,-1.9440452100837713,-0.636743955505622
4.265183619242542,-1.9446801257672017,-0.6330340964163693
4.266183662295119,-1.945311335490001,-0.6293323546634337
4.267183705347697,-1.9459388473738084,-0.6256387381123261
4.268183748400274,-1.946562669548004,-0.6219532543772721
4.269183791452852,-1.9471828101494573,-0.6182759108226573
4.270183834505429,-1.9477992773222776,-0.6146067145644745
4.271183877558006,-1.9484120792175674,-0.6109456724717737
4.272183920610583,-1.9490212239931757,-0.6072927911681145
4.273183963663161,-1.949626719813453,-0.6036480770330207
4.274184006715738,-1.950228574849008,-0.6000115362034364
4.275184049768316,-1.9508267972764666,-0.5963831745751847
4.276184092820893,-1.95142139527823,-0.5927629978044281
4.277184135873471,-1.952012377042237,-0.5891510113091294
4.278184178926048,-1.9525997507617263,-0.5855472202705161
4.279184221978626,-1.953183524635,-0.5819516296345445
4.2801842650312025,-1.9537637068651892,-0.5783642441133658
4.28118430808378,-1.9543403056600213,-0.5747850681867934
4.282184351136357,-1.9549133292315881,-0.5712141061037707
4.283184394188935,-1.955482785796116,-0.56765136188384
4.284184437241512,-1.9560486835737363,-0.5640968393186131
4.28518448029409,-1.9566110307882594,-0.5605505419732406
4.286184523346667,-1.9571698356669478,-0.5570124731878837
4.287184566399245,-1.957725106440293,-0.553482636079185
4.288184609451822,-1.9582768513417919,-0.5499610335417403
4.2891846525043995,-1.9588250786077255,-0.5464476682495706
4.2901846955569765,-1.9593697964769394,-0.5429425426575936
4.291184738609554,-1.9599110131906254,-0.5394456590030957
4.292184781662131,-1.9604487369921044,-0.5359570193072037
4.293184824714708,-1.9609829761266109,-0.5324766253763562
4.294184867767286,-1.9615137388410795,-0.5290044788037742
4.295184910819863,-1.9620410333839318,-0.525540580970932
4.296184953872441,-1.9625648680048655,-0.522084933049027
4.297184996925018,-1.9630852509546455,-0.5186375360004487
4.298185039977596,-1.963602190484895,-0.5151983905802471
4.2991850830301725,-1.9641156948478895,-0.5117674973376002
4.30018512608275,-1.9646257722963512,-0.5083448566172806
4.301185169135327,-1.9651324310832454,-0.5049304685611204
4.302185212187905,-1.9656356794615784,-0.5015243331094759
4.303185255240482,-1.9661355256841968,-0.4981264500026895
4.30418529829306,-1.9666319780035884,-0.4947368187825519
4.305185341345637,-1.9671250446716835,-0.49135543879376137
4.306185384398215,-1.9676147339396595,-0.4879823091853823
4.307185427450792,-1.9681010540577455,-0.48461742891230175
4.3081854705033695,-1.9685840132750292,-0.48126079673668387
4.3091855135559465,-1.9690636198392641,-0.4779124112294232
4.310185556608524,-1.9695398819966803,-0.4745722707715952
4.311185599661101,-1.9700128079917938,-0.4712403735559053
4.312185642713679,-1.9704824060672204,-0.4679167175881355
4.313185685766256,-1.9709486844634878,-0.46460130068858885
4.314185728818834,-1.9714116514188527,-0.4612941204935314
4.315185771871411,-1.971871315169116,-0.45799517445663224
4.316185814923989,-1.9723276839474417,-0.45470445985040037
4.317185857976566,-1.972780765984176,-0.4514219737676196
4.3181859010291435,-1.9732305695066685,-0.4481477131227805
4.31918594408172,-1.973677102739095,-0.44488167465350953
4.320185987134298,-1.9741203739022801,-0.4416238549219957
4.321186030186875,-1.9745603912135243,-0.4383742503164139
4.322186073239453,-1.9749971628864291,-0.43513285705234583
4.32318611629203,-1.975430697130726,-0.43189967117419725
4.324186159344608,-1.9758610021521055,-0.4286746885566126
4.325186202397185,-1.9762880861520482,-0.4254579049058863
4.326186245449763,-1.9767119573276575,-0.4222493157613707
4.3271862885023396,-1.977132623871493,-0.4190489164968807
4.328186331554917,-1.9775500939714057,-0.41585670232209515
4.329186374607494,-1.9779643758103744,-0.41267266828395466
4.330186417660072,-1.978375477566344,-0.4094968092680558
4.331186460712649,-1.978783407412065,-0.406329120000042
4.332186503765227,-1.9791881735149333,-0.40316959504699035
4.333186546817804,-1.979589784036833,-0.400018228818795
4.334186589870382,-1.9799882471339807,-0.3968750155695467
4.335186632922959,-1.9803835709567683,-0.39373994939890833
4.3361866759755365,-1.9807757636496113,-0.39061302425348693
4.3371867190281135,-1.9811648333507952,-0.38749423392820115
4.338186762080691,-1.981550788192325,-0.38438357206764523
4.339186805133268,-1.9819336362997757,-0.38128103216744846
4.340186848185845,-1.9823133857921431,-0.3781866075756309
4.341186891238423,-1.982690044781698,-0.3751002914939545
4.342186934291,-1.9830636213738397,-0.37202207697927037
4.343186977343578,-1.9834341236669528,-0.3689519569448612
4.344187020396155,-1.983801559752263,-0.36588992416178
4.345187063448733,-1.9841659377136962,-0.3628359712601839
4.34618710650131,-1.9845272656277388,-0.3597900907306636
4.347187149553887,-1.9848855515632977,-0.35675227492556844
4.348187192606464,-1.9852408035815636,-0.35372251606032695
4.349187235659042,-1.985593029735874,-0.35070080621476246
4.350187278711619,-1.9859422380715788,-0.3476871373344044
4.351187321764197,-1.9862884366259068,-0.3446815012317947
4.352187364816774,-1.9866316334278327,-0.34168388958778967
4.353187407869352,-1.986971836497946,-0.3386942939528568
4.354187450921929,-1.9873090538483227,-0.3357127057483668
4.3551874939745066,-1.9876432934823949,-0.3327391162678811
4.3561875370270835,-1.9879745633948247,-0.32977351667843385
4.357187580079661,-1.9883028715713782,-0.32681589802180955
4.358187623132238,-1.988628225988801,-0.32386625121581525
4.359187666184816,-1.9889506346146943,-0.32092456705554795
4.360187709237393,-1.9892701054073936,-0.31799083621465696
4.361187752289971,-1.989586646315847,-0.31506504924660084
4.362187795342548,-1.989900265279496,-0.3121471965858997
4.363187838395126,-1.9902109702281578,-0.3092372685493818
4.364187881447703,-1.9905187690819073,-0.30633525533742556
4.3651879245002805,-1.9908236697509618,-0.3034411470351954
4.366187967552857,-1.9911256801355661,-0.30055493361387353
4.367188010605435,-1.9914248081258794,-0.2976766049318852
4.368188053658012,-1.991721061601863,-0.29480615073611954
4.36918809671059,-1.9920144484331692,-0.2919435606631446
4.370188139763167,-1.9923049764790322,-0.28908882424041704
4.371188182815745,-1.9925926535881584,-0.2862419308874865
4.372188225868322,-1.9928774875986206,-0.28340286991719454
4.3731882689209,-1.9931594863377509,-0.28057163053686784
4.374188311973477,-1.9934386576220355,-0.27774820184950627
4.375188355026054,-1.9937150092570124,-0.2749325728549652
4.376188398078631,-1.993988549037167,-0.27212473245113233
4.377188441131209,-1.994259284745832,-0.269324669435099
4.378188484183786,-1.994527224155087,-0.2665323725043257
4.379188527236364,-1.994792375025659,-0.26374783025780246
4.380188570288941,-1.9950547451068248,-0.26097103119720283
4.381188613341519,-1.9953143421363138,-0.25820196372803295
4.382188656394096,-1.9955711738402133,-0.2554406161607745
4.3831886994466736,-1.9958252479328735,-0.2526869767120223
4.3841887424992505,-1.996076572116814,-0.24994103350561567
4.385188785551828,-1.9963251540826323,-0.2472027745737647
4.386188828604405,-1.9965710015089115,-0.2444721878581702
4.387188871656983,-1.9968141220621314,-0.2417492612111385
4.38818891470956,-1.9970545233965795,-0.23903398239668971
4.389188957762137,-1.9972922131542632,-0.236326339091661
4.390189000814715,-1.9975271989648227,-0.23362631888680346
4.391189043867292,-1.997759488445446,-0.23093390928787347
4.39218908691987,-1.9979890892007843,-0.2282490977167181
4.393189129972447,-1.9982160088228687,-0.22557187151235486
4.394189173025024,-1.9984402548910276,-0.22290221793204523
4.395189216077601,-1.9986618349718057,-0.22024012415236274
4.396189259130179,-1.998880756618884,-0.217585577270255
4.397189302182756,-1.9990970273730002,-0.21493856430409974
4.398189345235334,-1.9993106547618715,-0.2122990721947552
4.399189388287911,-1.9995216463001166,-0.20966708780660437
4.400189431340489,-1.9997300094891803,-0.2070425979285936
4.401189474393066,-1.9999357518172585,-0.20442558927526508
4.402189517445644,-2.0001388807592244,-0.20181604848778345
4.4031895604982205,-2.0003394037765556,-0.19921396213495657
4.404189603550798,-2.000537328317262,-0.19661931671425034
4.405189646603375,-2.0007326618158148,-0.19403209865279752
4.406189689655953,-2.0009254116930775,-0.19145229430840066
4.40718973270853,-2.001115585356237,-0.18887988997052912
4.408189775761108,-2.0013031901987337,-0.1863148718613101
4.409189818813685,-2.001488233600198,-0.18375722613651377
4.410189861866263,-2.001670722926382,-0.18120693888653244
4.41118990491884,-2.0018506655290955,-0.1786639961373538
4.4121899479714175,-2.0020280687461414,-0.1761283838515281
4.4131899910239945,-2.0022029399012538,-0.17360008792912962
4.414190034076572,-2.002375286304035,-0.17107909420871198
4.415190077129149,-2.002545115249895,-0.16856538846825758
4.416190120181727,-2.0027124340199913,-0.16605895642612117
4.417190163234304,-2.00287724988117,-0.1635597837419673
4.418190206286882,-2.003039570085907,-0.16106785601770202
4.419190249339459,-2.003199401872251,-0.15858315879839857
4.420190292392037,-2.003356752463767,-0.1561056775732171
4.421190335444614,-2.003511629069481,-0.15363539777631852
4.422190378497191,-2.0036640388838256,-0.15117230478777238
4.423190421549768,-2.0038139890865865,-0.1487163839344589
4.424190464602346,-2.0039614868428486,-0.14626762049096498
4.425190507654923,-2.004106539302945,-0.14382599968047438
4.426190550707501,-2.0042491536024074,-0.14139150667565203
4.427190593760078,-2.004389336861913,-0.13896412659952234
4.428190636812656,-2.0045270961872372,-0.1365438445263417
4.429190679865233,-2.004662438669206,-0.13413064548246498
4.430190722917811,-2.0047953713836466,-0.13172451444720643
4.4311907659703875,-2.004925901391342,-0.12932543635369437
4.432190809022965,-2.0050540357379854,-0.12693339608972026
4.433190852075542,-2.0051797814541334,-0.12454837849858183
4.43419089512812,-2.005303145555165,-0.12217036837992036
4.435190938180697,-2.0054241350412356,-0.1197993504905522
4.436190981233275,-2.005542756897236,-0.11743530954529438
4.437191024285852,-2.0056590180927514,-0.1150782302177845
4.438191067338429,-2.005772925582018,-0.11272809714129473
4.439191110391007,-2.005884486303886,-0.11038489490954008
4.440191153443584,-2.0059937071817786,-0.10804860807748091
4.4411911964961615,-2.006100595123655,-0.10571922116211963
4.442191239548738,-2.006205157021971,-0.1033967186432916
4.443191282601316,-2.0063073997536445,-0.10108108496445047
4.444191325653893,-2.0064073301800174,-0.09877230453344756
4.445191368706471,-2.0065049551468217,-0.0964703617233057
4.446191411759048,-2.0066002814841446,-0.09417524087298729
4.447191454811626,-2.0066933160063947,-0.09188692628815667
4.448191497864203,-2.0067840655122695,-0.08960540224193686
4.449191540916781,-2.006872536784723,-0.08733065297566056
4.4501915839693575,-2.006958736590934,-0.08506266269961564
4.451191627021935,-2.0070426716822762,-0.08280141559378482
4.452191670074512,-2.0071243487942874,-0.08054689580857988
4.45319171312709,-2.0072037746466402,-0.07829908746557022
4.454191756179667,-2.007280955943115,-0.07605797465820581
4.455191799232245,-2.0073558993715706,-0.07382354145253457
4.456191842284822,-2.0074286116039173,-0.07159577188791427
4.4571918853374,-2.007499099296092,-0.0693746499777188
4.458191928389977,-2.0075673690880307,-0.06716015971003898
4.4591919714425545,-2.007633427603645,-0.06495228504837783
4.4601920144951315,-2.0076972814507976,-0.06275100993234035
4.461192057547709,-2.0077589372212774,-0.06055631827831791
4.462192100600286,-2.0078184014907787,-0.05836819398016704
4.463192143652864,-2.007875680818877,-0.05618662090988293
4.464192186705441,-2.0079307817490095,-0.05401158291826745
4.465192229758019,-2.007983710808453,-0.05184306383559175
4.466192272810596,-2.0080344745083027,-0.04968104747225351
4.467192315863174,-2.0080830793434554,-0.04752551761942884
4.468192358915751,-2.008129531792588,-0.04537645804971879
4.4691924019683285,-2.0081738383181404,-0.043233852517790605
4.470192445020905,-2.0082160053662985,-0.041097684761013595
4.471192488073483,-2.0082560393669757,-0.03896793850008978
4.47219253112606,-2.0082939467337977,-0.03684459743967926
4.473192574178638,-2.0083297338640866,-0.03472764526902027
4.474192617231215,-2.008363407138845,-0.03261706566254415
4.475192660283793,-2.0083949729227424,-0.030512842280484943
4.47619270333637,-2.0084244375641007,-0.02841495876948393
4.477192746388948,-2.0084518073948816,-0.026323398763188934
4.4781927894415245,-2.0084770887306735,-0.024238145882848512
4.479192832494102,-2.008500287870679,-0.022159183737901
4.480192875546679,-2.008521411097704,-0.020086495926558447
4.481192918599257,-2.0085404646781466,-0.0180200660363855
4.482192961651834,-2.0085574548619864,-0.015959877644873187
4.483193004704412,-2.0085723878827757,-0.013905914320007682
4.484193047756989,-2.0085852699576288,-0.011858159620834044
4.485193090809567,-2.008596107287214,-0.009816597098014952
4.486193133862144,-2.008604906055746,-0.0077812102943844675
4.487193176914721,-2.008611672430978,-0.005751982745496839
4.4881932199672985,-2.008616412564195,-0.00372889798017037
4.489193263019875,-2.0086191325902063,-0.0017119395210263818
4.490193306072453,-2.00861983862734,0.00029890911497672127
4.49119334912503,-2.0086185367774383,0.002303664416014253
4.492193392177608,-2.008615233125852,0.00430234287487089
4.493193435230185,-2.008609933741437,0.006294960988421144
4.494193478282763,-2.0086026446765484,0.008281535257114635
4.49519352133534,-2.00859337196704,0.010262082184466137
4.496193564387918,-2.0085821216322595,0.012236618276550395
4.497193607440495,-2.0085688996750464,0.014205160041501658
4.498193650493072,-2.0085537120817305,0.016167723989017935
4.499193693545649,-2.0085365648221316,0.01812432662986994
4.500193736598227,-2.0085174638495564,0.020074984475414694
4.501193779650804,-2.0084964151008005,0.022019714037113777
4.502193822703382,-2.008473424496147,0.023958531826056194
4.503193865755959,-2.0084484979393675,0.02589145435248585
4.504193908808537,-2.008421641317723,0.027818498125333584
4.505193951861114,-2.0083928605019667,0.029739679651753753
4.5061939949136915,-2.0083621613463443,0.031655015436665365
4.5071940379662685,-2.0083295496885967,0.03356452198229768
4.508194081018846,-2.0082950313499643,0.03546821578774033
4.509194124071423,-2.0082586121351893,0.03736611334849787
4.510194167124001,-2.0082202978325197,0.03925823115604877
4.511194210176578,-2.0081800942137127,0.041144585697408816
4.512194253229156,-2.008138007034041,0.04302519345469892
4.513194296281733,-2.008094042032297,0.04490007090471724
4.514194339334311,-2.008048204930798,0.0467692345185157
4.515194382386888,-2.008000501435393,0.0486327007609808
4.5161944254394655,-2.007950937235469,0.05049048609041869
4.517194468492042,-2.0078995180039563,0.05234260695814457
4.51819451154462,-2.0078462493973377,0.05418907980807631
4.519194554597197,-2.0077911370556554,0.056029921076332256
4.520194597649775,-2.0077341866025185,0.057865147190833306
4.521194640702352,-2.0076754036451114,0.05969477457090909
4.52219468375493,-2.0076147937742035,0.06151881962690835
4.523194726807507,-2.0075523625641574,0.0633372987598134
4.524194769860085,-2.007488115572939,0.06515022836085879
4.525194812912662,-2.007422058342128,0.06695762481115389
4.526194855965239,-2.007354196396926,0.06875950448130963
4.527194899017816,-2.00728453524617,0.07055588373106933
4.528194942070394,-2.0072130803823414,0.0723467789089434
4.529194985122971,-2.0071398372815783,0.0741322063518481
4.530195028175549,-2.0070648114036875,0.07591218238474827
4.531195071228126,-2.0069880081921556,0.07768672332030398
4.532195114280704,-2.006909433074163,0.07945584545852105
4.533195157333281,-2.006829091460595,0.08121956508640557
4.5341952003858585,-2.0067469887460563,0.08297789847762217
4.5351952434384355,-2.006663130308884,0.0847308618921562
4.5361952864910124,-2.006577521511162,0.08647847157597968
4.53719532954359,-2.006490167698733,0.08822074376072112
4.538195372596167,-2.0064010742012166,0.08995769466333903
4.539195415648745,-2.006310246332021,0.09168934048579923
4.540195458701322,-2.00621768938836,0.09341569741475585
4.5411955017539,-2.006123408651268,0.09513678162123608
4.542195544806477,-2.0060274093856147,0.09685260926032853
4.543195587859055,-2.005929696840123,0.09856319647087529
4.544195630911632,-2.005830276247384,0.10026855937516761
4.545195673964209,-2.0057291528238745,0.10196871407864523
4.546195717016786,-2.0056263317699736,0.10366367666959916
4.547195760069364,-2.00552181826998,0.10535346321887819
4.548195803121941,-2.00541561749213,0.1070380897795988
4.549195846174519,-2.0053077345886146,0.1087175723868587
4.550195889227096,-2.0051981746955985,0.11039192705745374
4.551195932279674,-2.005086942933238,0.1120611697895984
4.552195975332251,-2.0049740444057007,0.11372531656264964
4.553196018384829,-2.0048594842011824,0.11538438333683422
4.5541960614374055,-2.0047432673919285,0.11703838605297938
4.555196104489983,-2.0046253990342526,0.11868734063224694
4.55619614754256,-2.004505884168556,0.12033126297587073
4.557196190595138,-2.0043847278193487,0.12197016896489733
4.558196233647715,-2.004261934995269,0.12360407445993016
4.559196276700293,-2.0041375106891035,0.12523299530087678
4.56019631975287,-2.00401145987781,0.12685694730669958
4.561196362805448,-2.003883787522536,0.12847594627516956
4.562196405858025,-2.0037544985686426,0.13009000798262338
4.5631964489106025,-2.0036235979457233,0.1316991481837237
4.5641964919631794,-2.003491090567628,0.13330338261122254
4.565196535015757,-2.0033569813324834,0.13490272697572786
4.566196578068334,-2.0032212751227174,0.1364971969654733
4.567196621120912,-2.003083976805079,0.13808680824609096
4.568196664173489,-2.002945091230664,0.13967157646038728
4.569196707226067,-2.0028046232349337,0.14125151722812196
4.570196750278644,-2.0026625776377425,0.14282664614579005
4.571196793331222,-2.002518959243359,0.1443969787864068
4.572196836383799,-2.00237377284049,0.14596253069929577
4.573196879436376,-2.002227023202303,0.14752331740987973
4.574196922488953,-2.0020787150864536,0.1490793544194746
4.575196965541531,-2.0019288532351056,0.15063065720508625
4.576197008594108,-2.0017774423749586,0.15217724121921034
4.577197051646686,-2.0016244872172706,0.1537191218896348
4.578197094699263,-2.0014699924578845,0.15525631461924547
4.579197137751841,-2.001313962777251,0.15678883478583436
4.580197180804418,-2.001156402840456,0.1583166977419108
4.581197223856996,-2.0009973172972444,0.15983991881451537
4.5821972669095725,-2.000836710782046,0.16135851330503675
4.58319730996215,-2.0006745879140024,0.16287249648903107
4.584197353014727,-2.000510953296991,0.16438188361604422
4.585197396067304,-2.0003458115196526,0.1658866899094367
4.586197439119882,-2.000179167155417,0.16738693056621134
4.587197482172459,-2.00001102476253,0.16888262075684357
4.588197525225037,-1.9998413888840785,0.17037377562511433
4.589197568277614,-1.9996702640480193,0.1718604102879457
4.590197611330192,-1.999497654767205,0.1733425398352391
4.591197654382769,-1.999323565539411,0.17482017932971605
4.5921976974353464,-1.9991480008473634,0.17629334380676157
4.593197740487923,-1.9989709651587655,0.17776204827427
4.594197783540501,-1.998792462926326,0.1792263077124935
4.595197826593078,-1.9986124985877871,0.18068613707389297
4.596197869645656,-1.998431076565951,0.1821415512829915
4.597197912698233,-1.9982482012687093,0.18359256523623022
4.598197955750811,-1.9980638770890706,0.18503919380182668
4.599197998803388,-1.9978781084051889,0.18648145181963566
4.600198041855966,-1.9976908995803915,0.1879193541010123
4.6011980849085425,-1.9975022549632084,0.1893529154286777
4.60219812796112,-1.9973121788874004,0.19078215055658682
4.603198171013697,-1.9971206756719884,0.1922070742097989
4.604198214066275,-1.9969277496212818,0.19362770108434996
4.605198257118852,-1.9967334050249081,0.19504404584712776
4.60619830017143,-1.9965376461578421,0.1964561231357491
4.607198343224007,-1.9963404772804345,0.19786394755843922
4.608198386276585,-1.9961419026384424,0.1992675336939137
4.609198429329162,-1.995941926463058,0.2006668960912623
4.6101984723817395,-1.9957405529709389,0.20206204926983526
4.6111985154343165,-1.9955377863642374,0.20345300771913175
4.612198558486894,-1.9953336308306309,0.20483978589869037
4.613198601539471,-1.9951280905433515,0.2062223982379819
4.614198644592049,-1.9949211696612164,0.2076008591363043
4.615198687644626,-1.9947128723286578,0.20897518296267956
4.616198730697204,-1.9945032026757539,0.21034538405575298
4.617198773749781,-1.994292164818258,0.21171147672369428
4.618198816802359,-1.9940797628576312,0.21307347524410095
4.619198859854936,-1.9938660008810705,0.2144313938639035
4.6201989029075134,-1.9936508829615411,0.2157852467992729
4.62119894596009,-1.9934344131578072,0.21713504823552993
4.622198989012668,-1.9932165955144623,0.21848081232705646
4.623199032065245,-1.99299743406196,0.21982255319720898
4.624199075117823,-1.9927769328166463,0.2211602849382338
4.6251991181704,-1.9925550957807894,0.22249402161118437
4.626199161222978,-1.9923319269426114,0.2238237772458404
4.627199204275555,-1.99210743027632,0.2251495658406291
4.628199247328133,-1.9918816097421392,0.22647140136254798
4.6291992903807095,-1.9916544692863418,0.2277892977470899
4.630199333433287,-1.9914260128412795,0.22910326889816968
4.631199376485864,-1.9911962443254159,0.23041332868805278
4.632199419538442,-1.9909651676433573,0.2317194909572856
4.633199462591019,-1.9907327866858848,0.2330217695146278
4.634199505643596,-1.990499105329986,0.2343201781369861
4.635199548696174,-1.9902641274388873,0.2356147305693503
4.636199591748751,-1.990027856862085,0.2369054405247307
4.637199634801329,-1.9897902974353783,0.2381923216840973
4.638199677853906,-1.9895514529809004,0.23947538769632093
4.6391997209064835,-1.9893113273071514,0.24075465217811595
4.64019976395906,-1.9890699242090302,0.24203012871398463
4.641199807011638,-1.9888272474678668,0.2433018308561632
4.642199850064215,-1.9885833008514542,0.24456977212456968
4.643199893116793,-1.9883380881140815,0.24583396600675322
4.64419993616937,-1.9880916129965658,0.2470944259578452
4.645199979221948,-1.9878438792262845,0.2483511654005118
4.646200022274525,-1.987594890517208,0.24960419772490827
4.647200065327103,-1.9873446505699328,0.25085353628863477
4.64820010837968,-1.9870931630717126,0.2520991944166938
4.649200151432257,-1.9868404316964925,0.2533411854014492
4.650200194484834,-1.986586460104941,0.25457952250258636
4.651200237537412,-1.9863312519444822,0.2558142189470747
4.652200280589989,-1.9860748108493298,0.25704528792913073
4.653200323642567,-1.9858171404405183,0.25827274261018346
4.654200366695144,-1.985558244325937,0.2594965961188407
4.655200409747722,-1.9852981261003626,0.26071686155085705
4.656200452800299,-1.9850367893454917,0.26193355196910334
4.6572004958528765,-1.984774237629974,0.2631466804035375
4.6582005389054535,-1.984510474509445,0.26435625985117683
4.659200581958031,-1.9842455035265596,0.2655623032760717
4.660200625010608,-1.9839793282110239,0.2667648236092806
4.661200668063186,-1.9837119520796291,0.2679638337488466
4.662200711115763,-1.9834433786362848,0.2691593465597751
4.663200754168341,-1.983173611372051,0.2703513748740132
4.664200797220918,-1.982902653765172,0.27153993149043004
4.665200840273496,-1.982630509281109,0.27272502917479885
4.666200883326073,-1.9823571813725738,0.27390668065977974
4.6672009263786505,-1.9820826734795611,0.2750848986449045
4.668200969431227,-1.9818069890293826,0.276259695796562
4.669201012483805,-1.9815301314366993,0.2774310847479856
4.670201055536382,-1.9812521041035551,0.278599078099241
4.67120109858896,-1.98097291041941,0.279763688417216
4.672201141641537,-1.9806925537611728,0.28092492823561105
4.673201184694115,-1.980411037493235,0.28208281005493135
4.674201227746692,-1.9801283649675039,0.28323734634247993
4.67520127079927,-1.9798445395234348,0.284388549532352
4.676201313851847,-1.9795595644880655,0.2855364320254304
4.677201356904424,-1.9792734431760488,0.2866810061893824
4.678201399957001,-1.978986178889686,0.2878222843586576
4.679201443009579,-1.9786977749189603,0.28896027883448655
4.680201486062156,-1.9784082345415692,0.29009500188488135
4.681201529114734,-1.9781175610229587,0.29122646574463656
4.682201572167311,-1.9778257576163558,0.2923546826153316
4.683201615219888,-1.9775328275628024,0.2934796646653342
4.684201658272466,-1.9772387740911876,0.29460142402980494
4.685201701325043,-1.9769436004182819,0.2957199728107027
4.6862017443776205,-1.9766473097487693,0.29683532307679145
4.687201787430197,-1.976349905275282,0.29794748686364775
4.688201830482775,-1.9760513901784318,0.2990564761736696
4.689201873535352,-1.9757517676268448,0.30016230297608615
4.69020191658793,-1.9754510407771935,0.3012649792069683
4.691201959640507,-1.9751492127742307,0.3023645167692407
4.692202002693085,-1.9748462867508223,0.30346092753269416
4.693202045745662,-1.9745422658279803,0.30455422333399956
4.69420208879824,-1.9742371531148961,0.30564441597672243
4.695202131850817,-1.9739309517089738,0.3067315172313386
4.696202174903394,-1.9736236646958627,0.3078155388352508
4.697202217955971,-1.973315295149491,0.308896492492806
4.698202261008549,-1.9730058461320985,0.30997438987531395
4.699202304061126,-1.9726953206942697,0.31104924262106654
4.700202347113704,-1.9723837218749667,0.31212106233535786
4.701202390166281,-1.9720710527015626,0.31318986059050546
4.702202433218859,-1.9717573161898738,0.3142556489258722
4.703202476271436,-1.9714425153441935,0.3153184388478892
4.704202519324014,-1.9711266531573242,0.3163782418300795
4.7052025623765905,-1.970809732610611,0.31743506931308274
4.706202605429168,-1.9704917566739748,0.3184889327046803
4.707202648481745,-1.9701727283059438,0.31953984337982183
4.708202691534323,-1.9698526504536875,0.32058781268065195
4.7092027345869,-1.9695315260530493,0.32163285191653834
4.710202777639478,-1.969209358028579,0.32267497236410037
4.711202820692055,-1.9688861492935656,0.32371418526723833
4.712202863744633,-1.9685619027500703,0.32475050183716386
4.71320290679721,-1.9682366212889584,0.3257839332524308
4.7142029498497875,-1.9679103077899331,0.3268144906589669
4.715202992902364,-1.9675829651215673,0.32784218517010627
4.716203035954942,-1.9672545961413361,0.32886702786662275
4.717203079007519,-1.9669252036956502,0.32988902979676366
4.718203122060097,-1.966594790619887,0.33090820197628457
4.719203165112674,-1.9662633597384247,0.3319245553884847
4.720203208165252,-1.9659309138646734,0.3329381009842428
4.721203251217829,-1.9655974558011085,0.3339488496820542
4.722203294270407,-1.965262988339302,0.33495681236806796
4.723203337322984,-1.9649275142599563,0.33596199989612524
4.724203380375561,-1.9645910363329346,0.33696442308779795
4.725203423428138,-1.964253557317295,0.3379640927324282
4.726203466480716,-1.9639150799613216,0.3389610195871685
4.727203509533293,-1.963575607002557,0.3399552143770223
4.728203552585871,-1.963235141167834,0.3409466877948855
4.729203595638448,-1.9628936851733088,0.3419354505015884
4.730203638691025,-1.9625512417244917,0.3429215131259383
4.731203681743603,-1.9622078135162802,0.3439048862647627
4.73220372479618,-1.9618634032329902,0.3448855804829529
4.7332037678487575,-1.9615180135483885,0.3458636063135089
4.7342038109013345,-1.961171647125724,0.3468389742575837
4.735203853953912,-1.9608243066177597,0.3478116947845295
4.736203897006489,-1.9604759946668056,0.34878177833194324
4.737203940059067,-1.9601267139047487,0.3497492353057136
4.738203983111644,-1.9597764669530857,0.35071407608006816
4.739204026164222,-1.9594252564229546,0.35167631099762103
4.740204069216799,-1.959073084915166,0.3526359503694213
4.741204112269377,-1.9587199550202348,0.35359300447500164
4.742204155321954,-1.9583658693184116,0.3545474835624278
4.743204198374531,-1.9580108303797144,0.3554993978483485
4.744204241427108,-1.9576548407639593,0.35644875751804544
4.745204284479686,-1.957297903020793,0.35739557272548456
4.746204327532263,-1.956940019689723,0.358339853593367
4.747204370584841,-1.9565811933001496,0.3592816102131812
4.748204413637418,-1.9562214263713964,0.360220852645255
4.749204456689996,-1.955860721412742,0.3611575909188083
4.750204499742573,-1.9554990809234507,0.3620918350320065
4.751204542795151,-1.9551365073928042,0.363023594952014
4.7522045858477275,-1.9547730033001314,0.36395288061504827
4.753204628900305,-1.9544085711148405,0.36487970192643454
4.754204671952882,-1.9540432132964491,0.3658040687606606
4.75520471500546,-1.9536769322946157,0.3667259909614322
4.756204758058037,-1.9533097305491696,0.3676454783417291
4.757204801110615,-1.952941610490142,0.36856254068386096
4.758204844163192,-1.952572574537797,0.36947718773952415
4.75920488721577,-1.9522026251026618,0.3703894292298587
4.760204930268347,-1.9518317645855572,0.37129927484550573
4.7612049733209245,-1.9514599953776282,0.37220673424666534
4.7622050163735015,-1.9510873198603742,0.3731118170631546
4.763205059426079,-1.9507137404056798,0.37401453289446623
4.764205102478656,-1.9503392593758448,0.3749148913098275
4.765205145531234,-1.9499638791236145,0.3758129018482595
4.766205188583811,-1.9495876019922096,0.3767085740186366
4.767205231636389,-1.9492104303153568,0.37760191729974674
4.768205274688966,-1.9488323664173184,0.3784929411403515
4.769205317741544,-1.9484534126129227,0.3793816549592467
4.770205360794121,-1.948073571207594,0.3802680681453237
4.7712054038466984,-1.9476928444973818,0.3811521900576304
4.772205446899275,-1.9473112347689912,0.3820340300254329
4.773205489951853,-1.9469287442998122,0.3829135973482775
4.77420553300443,-1.9465453753579505,0.383790901296053
4.775205576057008,-1.9461611302022555,0.384665951109053
4.776205619109585,-1.945776011082351,0.385538755998039
4.777205662162163,-1.9453900202386645,0.3864093251443033
4.77820570521474,-1.9450031599024562,0.3872776676997326
4.779205748267317,-1.944615432295849,0.3881437927868715
4.7802057913198945,-1.9442268396318576,0.38900770949898655
4.7812058343724715,-1.943837384114417,0.3898694269001305
4.782205877425049,-1.943447067938413,0.39072895402520663
4.783205920477626,-1.9430558932897106,0.3915862998800337
4.784205963530204,-1.9426638623451828,0.3924414734414107
4.785206006582781,-1.94227097727274,0.39329448365718245
4.786206049635359,-1.9418772402313589,0.3941453394463046
4.787206092687936,-1.9414826533711111,0.39499404969890967
4.788206135740514,-1.9410872188331927,0.39584062327637304
4.789206178793091,-1.9406909387499514,0.3966850690113789
4.7902062218456685,-1.9402938152449167,0.39752739570798673
4.791206264898245,-1.9398958504328283,0.3983676121416979
4.792206307950823,-1.9394970464196637,0.3992057270595227
4.7932063510034,-1.9390974053026673,0.40004174918004687
4.794206394055978,-1.9386969291703788,0.4008756871934994
4.795206437108555,-1.9382956201026618,0.4017075497618197
4.796206480161133,-1.937893480170731,0.40253734551872505
4.79720652321371,-1.9374905114371817,0.4033650830697787
4.798206566266288,-1.937086715956017,0.40419077099245776
4.799206609318865,-1.9366820957726765,0.4050144178362213
4.800206652371442,-1.9362766529240634,0.40583603212257874
4.801206695424019,-1.9358703894385736,0.4066556223451585
4.802206738476597,-1.9354633073361225,0.40747319696977646
4.803206781529174,-1.9350554086281733,0.40828876443450496
4.804206824581752,-1.9346466953177646,0.4091023331497417
4.805206867634329,-1.934237169399538,0.40991391149827905
4.806206910686907,-1.9338268328597659,0.41072350783537315
4.807206953739484,-1.9334156876763786,0.41153113048881357
4.8082069967920615,-1.9330037358189922,0.4123367877589927
4.8092070398446385,-1.9325909792489355,0.4131404879189757
4.810207082897216,-1.9321774199192776,0.4139422392145701
4.811207125949793,-1.9317630597748552,0.414742049864396
4.812207169002371,-1.9313479007522993,0.4155399280599562
4.813207212054948,-1.9309319447800628,0.4163358819657062
4.814207255107526,-1.930515193778447,0.41712991971912483
4.815207298160103,-1.9300976496596292,0.4179220494307845
4.816207341212681,-1.929679314327689,0.4187122791844219
4.817207384265258,-1.9292601896786352,0.4195006170370087
4.8182074273178355,-1.928840277600433,0.4202870710188222
4.819207470370412,-1.92841957997303,0.42107164913351636
4.82020751342299,-1.927998098668383,0.4218543593581927
4.821207556475567,-1.9275758355504848,0.4226352096434714
4.822207599528145,-1.9271527924753906,0.42341420791356243
4.823207642580722,-1.9267289712912439,0.42419136206633684
4.8242076856333,-1.926304373838303,0.42496667997339793
4.825207728685877,-1.925879001948968,0.4257401694801529
4.826207771738455,-1.9254528574478058,0.42651183840588425
4.827207814791032,-1.9250259421515767,0.42728169454382103
4.8282078578436085,-1.9245982578692609,0.4280497456612109
4.829207900896186,-1.9241698064020833,0.4288159994993916
4.830207943948763,-1.9237405895435407,0.4295804637738625
4.831207987001341,-1.9233106090794265,0.4303431461743568
4.832208030053918,-1.9228798667878573,0.4311040543649131
4.833208073106496,-1.9224483644392976,0.4318631959839473
4.834208116159073,-1.9220161037965864,0.4326205786443247
4.835208159211651,-1.9215830866149621,0.4333762099334318
4.836208202264228,-1.9211493146420884,0.4341300974132486
4.8372082453168055,-1.9207147896180787,0.43488224862042046
4.838208288369382,-1.9202795132755226,0.4356326710663303
4.83920833142196,-1.9198434873395103,0.4363813722371707
4.840208374474537,-1.9194067135276582,0.4371283595940162
4.841208417527115,-1.918969193550134,0.43787364057289524
4.842208460579692,-1.9185309291096813,0.43861722258486274
4.84320850363227,-1.9180919219016448,0.43935911301607217
4.844208546684847,-1.917652173613995,0.44009931922784773
4.845208589737425,-1.9172116859273538,0.4408378485567568
4.846208632790002,-1.9167704605150178,0.44157470831468215
4.847208675842579,-1.916328499042984,0.4423099057888944
4.848208718895156,-1.9158858031699744,0.4430434482421241
4.849208761947734,-1.9154423745474596,0.44377534291263426
4.850208805000311,-1.9149982148196842,0.44450559701429265
4.851208848052889,-1.9145533256236908,0.445234217736644
4.852208891105466,-1.914107708589344,0.44596121224498253
4.853208934158044,-1.9136613653393555,0.4466865876804241
4.854208977210621,-1.913214297489307,0.44741035115997857
4.855209020263199,-1.9127665066476751,0.44813250977662233
4.8562090633157755,-1.9123179944158553,0.4488530705993703
4.857209106368353,-1.9118687623881854,0.4495720406733483
4.85820914942093,-1.91141881215197,0.4502894270198655
4.859209192473508,-1.9109681452875038,0.4510052366364864
4.860209235526085,-1.9105167633680955,0.4517194764971032
4.861209278578663,-1.9100646679600914,0.4524321535520081
4.86220932163124,-1.9096118606228991,0.4531432747279654
4.863209364683818,-1.9091583429090109,0.45385284692828354
4.864209407736395,-1.9087041163640268,0.4545608770328874
4.8652094507889725,-1.9082491825266785,0.45526737189839034
4.866209493841549,-1.9077935429288526,0.4559723383581662
4.867209536894127,-1.9073371990956134,0.45667578322242147
4.868209579946704,-1.9068801525452264,0.45737771327826715
4.869209622999282,-1.906422404789181,0.45807813528979074
4.870209666051859,-1.9059639573322138,0.4587770559981281
4.871209709104437,-1.9055048116723314,0.45947448212153547
4.872209752157014,-1.9050449693008336,0.4601704203554611
4.873209795209592,-1.9045844317023353,0.4608648773726171
4.874209838262169,-1.9041232003547899,0.46155785982305125
4.875209881314746,-1.903661276729512,0.4622493743342185
4.876209924367323,-1.9031986622911996,0.4629394275110526
4.8772099674199,-1.9027353584979567,0.46362802593603786
4.878210010472478,-1.9022713668013158,0.4643151761692805
4.879210053525055,-1.90180668864626,0.46500088474858
4.880210096577633,-1.9013413254712452,0.4656851581895007
4.88121013963021,-1.9008752787082235,0.46636800298544295
4.882210182682788,-1.9004085497826633,0.46704942560771456
4.883210225735365,-1.899941140113573,0.4677294325056018
4.8842102687879425,-1.8994730511135225,0.46840803010644044
4.8852103118405195,-1.8990042841886647,0.4690852248156872
4.886210354893097,-1.898534840738758,0.4697610230169904
4.887210397945674,-1.898064722157187,0.47043543107226093
4.888210440998252,-1.8975939298309858,0.4711084553217431
4.889210484050829,-1.897122465140859,0.4717801020840855
4.890210527103407,-1.8966503294612018,0.47245037765641157
4.891210570155984,-1.896177524160124,0.4731192883143903
4.892210613208562,-1.8957040505994693,0.47378684031230667
4.893210656261139,-1.8952299101348382,0.4744530398831321
4.894210699313716,-1.894755104115608,0.47511789323859493
4.895210742366293,-1.8942796338849552,0.47578140656925055
4.896210785418871,-1.8938035007798755,0.4764435860445517
4.897210828471448,-1.8933267061312054,0.47710443781291856
4.898210871524026,-1.8928492512636435,0.47776396800180865
4.899210914576603,-1.892371137495771,0.4784221827177869
4.900210957629181,-1.8918923661400728,0.47907908804659555
4.901211000681758,-1.891412938502958,0.4797346900532236
4.902211043734336,-1.890932855884781,0.48038899478197683
4.9032110867869125,-1.8904521195798618,0.481042008256547
4.90421112983949,-1.8899707308765066,0.4816937364800816
4.905211172892067,-1.8894886910570288,0.48234418543525315
4.906211215944645,-1.8890060013977688,0.4829933610843282
4.907211258997222,-1.8885226631691148,0.4836412693692369
4.9082113020498,-1.8880386776355227,0.48428791621164174
4.909211345102377,-1.887554046055537,0.48493330751300673
4.910211388154955,-1.88706876968181,0.4855774491546661
4.911211431207532,-1.8865828497611232,0.4862203469978932
4.9122114742601095,-1.886096287534406,0.4868620068839689
4.9132115173126865,-1.8856090842367563,0.48750243463425047
4.914211560365264,-1.8851212410974605,0.4881416360502397
4.915211603417841,-1.884632759340013,0.4887796169136514
4.916211646470419,-1.884143640182136,0.4894163829864816
4.917211689522996,-1.8836538848357998,0.4900519400110756
4.918211732575574,-1.8831634945072413,0.490686293710196
4.919211775628151,-1.8826724703969846,0.4913194497870906
4.920211818680729,-1.8821808136998597,0.49195141392556
4.921211861733306,-1.8816885256050224,0.49258219179002555
4.922211904785883,-1.8811956072959735,0.49321178902559654
4.92321194783846,-1.8807020599505782,0.4938402112581379
4.924211990891038,-1.8802078847410848,0.4944674640943373
4.925212033943615,-1.8797130828341446,0.4950935531217725
4.926212076996192,-1.8792176553908306,0.4957184839089783
4.92721212004877,-1.8787216035666565,0.49634226200551357
4.928212163101347,-1.8782249285115953,0.49696489294202784
4.929212206153925,-1.877727631370099,0.49758638223032836
4.930212249206502,-1.8772297132811167,0.49820673536344634
4.9312122922590795,-1.8767311753781137,0.49882595781570366
4.9322123353116565,-1.87623201878909,0.49944405504277906
4.933212378364234,-1.875732244636599,0.5000610324817742
4.934212421416811,-1.875231854037766,0.5006768955512803
4.935212464469389,-1.8747308481043068,0.5012916496514432
4.936212507521966,-1.874229227942546,0.5019053001640301
4.937212550574544,-1.8737269946534354,0.5025178524524947
4.938212593627121,-1.873224149332572,0.5031293118620428
4.939212636679699,-1.8727206930702167,0.5037396837196979
4.940212679732276,-1.872216626951312,0.5043489733343665
4.9412127227848535,-1.8717119520555008,0.5049571859969031
4.94221276583743,-1.8712066694571432,0.5055643269801755
4.943212808890008,-1.8707007802253357,0.5061704015391296
4.944212851942585,-1.8701942854239284,0.5067754149108541
4.945212894995163,-1.8696871861115427,0.5073793723146452
4.94621293804774,-1.86917948334159,0.5079822789520712
4.947212981100318,-1.8686711781622882,0.5085841400070367
4.948213024152895,-1.8681622716166801,0.509184960645847
4.949213067205473,-1.8676527647426506,0.5097847460172721
4.9502131102580496,-1.8671426585729445,0.5103835012526109
4.951213153310627,-1.8666319541351837,0.5109812314657548
4.952213196363204,-1.8661206524518847,0.5115779417532513
4.953213239415782,-1.8656087545404758,0.512173637194368
4.954213282468359,-1.8650962614133146,0.5127683228511556
4.955213325520937,-1.864583174077705,0.5133620037685113
4.956213368573514,-1.8640694935359141,0.5139546849742419
4.957213411626092,-1.8635552207851898,0.5145463714791273
4.958213454678669,-1.8630403568177771,0.5151370682769825
4.9592134977312465,-1.862524902620936,0.515726780344721
4.9602135407838235,-1.8620088591769575,0.5163155126424172
4.961213583836401,-1.8614922274631802,0.5169032701133686
4.962213626888978,-1.8609750084520085,0.5174900576841585
4.963213669941556,-1.8604572031109274,0.518075880264718
4.964213712994133,-1.859938812402521,0.5186607427483878
4.965213756046711,-1.8594198372844872,0.5192446500119804
4.966213799099288,-1.858900278709656,0.5198276069158416
4.967213842151866,-1.8583801376260043,0.5204096183039123
4.968213885204443,-1.8578594149766734,0.5209906890037898
4.9692139282570205,-1.857338111699985,0.5215708238267889
4.970213971309597,-1.8568162287294572,0.5221500275680034
4.971214014362175,-1.8562937669938209,0.5227283050063674
4.972214057414752,-1.8557707274170359,0.523305660904715
4.97321410046733,-1.855247110918307,0.5238821000098423
4.974214143519907,-1.8547229184121006,0.5244576270525672
4.975214186572484,-1.8541981508081589,0.5250322467477901
4.976214229625062,-1.8536728090115178,0.5256059637945544
4.977214272677639,-1.8531468939225213,0.5261787828761059
4.9782143157302166,-1.8526204064368386,0.5267507086599537
4.9792143587827935,-1.8520933474454782,0.5273217457979292
4.980214401835371,-1.8515657178348046,0.5278918989262467
4.981214444887948,-1.8510375184865542,0.5284611726655619
4.982214487940526,-1.8505087502778494,0.5290295716210323
4.983214530993103,-1.849979414081216,0.5295971003823755
4.984214574045681,-1.8494495107645967,0.5301637635239292
4.985214617098258,-1.8489190411913679,0.5307295656047096
4.986214660150836,-1.848388006220354,0.5312945111684703
4.987214703203413,-1.8478564067058432,0.5318586047437609
4.9882147462559905,-1.8473242434976027,0.5324218508439857
4.989214789308567,-1.8467915174408935,0.5329842539674621
4.990214832361145,-1.8462582293764858,0.5335458185974782
4.991214875413722,-1.8457243801406735,0.5341065492023517
4.9922149184663,-1.8451899705652897,0.5346664502354873
4.993214961518877,-1.8446550014777212,0.5352255261354346
4.994215004571455,-1.8441194737009234,0.5357837813259456
4.995215047624032,-1.8435833880534356,0.5363412202160323
4.99621509067661,-1.8430467453493946,0.5368978472000238
4.997215133729187,-1.8425095463985504,0.5374536666576238
4.998215176781764,-1.8419717920062801,0.5380086829539674
4.999215219834341,-1.8414334829736032,0.5385629004396779
5.000215262886919,-1.840894620097195,0.5391163234509234
5.001215305939496,-1.8403552041694022,0.5396689563094739
5.002215348992074,-1.8398152359782567,0.5402208033227568
5.003215392044651,-1.8392747163074894,0.5407718687839141
5.004215435097229,-1.8387336459365455,0.5413221569718581
5.005215478149806,-1.8381920256405981,0.5418716721513271
5.006215521202384,-1.8376498561905623,0.5424204185729415
5.0072155642549605,-1.8371071383531095,0.5429684004732594
5.008215607307538,-1.8365638728906812,0.5435156220748322
5.009215650360115,-1.8360200605615038,0.5440620875862595
5.010215693412693,-1.835475702119601,0.5446078012022451
5.01121573646527,-1.834930798314809,0.545152767103651
5.012215779517848,-1.83438534989279,0.5456969894575535
5.013215822570425,-1.8338393575950453,0.546240472417297
5.014215865623003,-1.8332928221589302,0.5467832201225489
5.01521590867558,-1.8327457443176662,0.547325236699354
5.0162159517281575,-1.832198124800356,0.547866526260189
5.017215994780734,-1.8316499643319963,0.5484070929040163
5.018216037833312,-1.8311012636334911,0.5489469407163385
5.019216080885889,-1.8305520234216657,0.5494860737692515
5.020216123938467,-1.8300022444092796,0.550024496121499
5.021216166991044,-1.8294519273050402,0.5505622118185252
5.022216210043622,-1.828901072813616,0.551099224892529
5.023216253096199,-1.828349681635649,0.5516355393625169
5.024216296148776,-1.82779775446777,0.5521711592343557
5.025216339201354,-1.8272452920026088,0.5527060885008259
5.0262163822539305,-1.8266922949288098,0.5532403311416747
5.027216425306508,-1.8261387639310436,0.5537738911236679
5.028216468359085,-1.8255846996900205,0.554306772400643
5.029216511411663,-1.825030102882503,0.5548389789135612
5.03021655446424,-1.8244749741813187,0.5553705145905597
5.031216597516818,-1.8239193142553738,0.555901383347004
5.032216640569395,-1.8233631237696653,0.5564315890855392
5.033216683621973,-1.8228064033852933,0.5569611356961424
5.03421672667455,-1.8222491537594743,0.5574900270561735
5.0352167697271275,-1.8216913755455537,0.5580182670304275
5.0362168127797045,-1.821133069393018,0.5585458594711851
5.037216855832282,-1.8205742359475072,0.5590728082182642
5.038216898884859,-1.8200148758508283,0.5595991170990708
5.039216941937437,-1.8194549897409664,0.5601247899286499
5.040216984990014,-1.8188945782520978,0.5606498305097359
5.041217028042592,-1.8183336420146015,0.5611742426328037
5.042217071095169,-1.8177721816550725,0.5616980300761183
5.043217114147747,-1.8172101977963333,0.5622211966057858
5.044217157200324,-1.8166476910574463,0.5627437459758033
5.045217200252901,-1.8160846620537257,0.5632656819281084
5.046217243305478,-1.8155211113967493,0.5637870081926296
5.047217286358056,-1.8149570396943713,0.5643077284873355
5.048217329410633,-1.8143924475507334,0.5648278465182845
5.049217372463211,-1.813827335566277,0.5653473659796745
5.050217415515788,-1.8132617043377557,0.5658662905538913
5.051217458568366,-1.8126955544582455,0.5663846239115582
5.052217501620943,-1.8121288865171579,0.566902369711585
5.053217544673521,-1.8115617011002512,0.5674195316012167
5.0542175877260975,-1.810993998789642,0.5679361132160817
5.055217630778675,-1.810425780163817,0.5684521181802408
5.056217673831252,-1.8098570457976446,0.5689675501062351
5.05721771688383,-1.809287796262386,0.5694824125951348
5.058217759936407,-1.8087180321257068,0.5699967092365864
5.059217802988985,-1.8081477539516888,0.5705104436088614
5.060217846041562,-1.8075769623008409,0.5710236192789035
5.06121788909414,-1.8070056577301106,0.5715362398023766
5.062217932146717,-1.806433840792895,0.5720483087237115
5.0632179751992945,-1.8058615120390524,0.5725598295761544
5.0642180182518715,-1.8052886720149133,0.5730708058818129
5.065218061304449,-1.8047153212632914,0.573581241151704
5.066218104357026,-1.8041414603234947,0.5740911388858001
5.067218147409604,-1.8035670897313365,0.5746005025730764
5.068218190462181,-1.802992210019147,0.5751093356915571
5.069218233514759,-1.802416821715783,0.5756176417083622
5.070218276567336,-1.8018409253466399,0.5761254240797533
5.071218319619914,-1.801264521433662,0.5766326862511804
5.072218362672491,-1.8006876104953533,0.5771394316573273
5.0732184057250675,-1.8001101930467884,0.5776456637221579
5.074218448777645,-1.799532269599623,0.5781513858589615
5.075218491830222,-1.7989538406621048,0.5786566014703992
5.0762185348828,-1.7983749067390842,0.5791613139485484
5.077218577935377,-1.797795468332024,0.5796655266749488
5.078218620987955,-1.7972155259390115,0.580169243020647
5.079218664040532,-1.7966350800547672,0.5806724663462421
5.08021870709311,-1.7960541311706566,0.5811752000019303
5.081218750145687,-1.7954726797746996,0.5816774473275497
5.0822187931982645,-1.7948907263515819,0.5821792116526247
5.0832188362508415,-1.794308271382664,0.5826804962964106
5.084218879303419,-1.7937253153459922,0.5831813045679384
5.085218922355996,-1.7931418587163093,0.583681639766058
5.086218965408574,-1.7925579019650637,0.5841815051794833
5.087219008461151,-1.7919734455604202,0.5846809040868353
5.088219051513729,-1.7913884899672694,0.5851798397566863
5.089219094566306,-1.7908030356472389,0.5856783154476034
5.090219137618884,-1.790217083058702,0.5861763344081922
5.091219180671461,-1.7896306326567888,0.5866738998771396
5.0922192237240385,-1.7890436848933948,0.5871710150832578
5.093219266776615,-1.788456240217192,0.5876676832455267
5.094219309829193,-1.787868299073638,0.5881639075731372
5.09521935288177,-1.7872798619049861,0.5886596912655342
5.096219395934348,-1.7866909291502946,0.5891550375124587
5.097219438986925,-1.7861015012454369,0.5896499494939907
5.098219482039503,-1.7855115786231108,0.5901444303805918
5.09921952509208,-1.7849211617128489,0.590638483333147
5.100219568144658,-1.7843302509410268,0.591132111503007
5.1012196111972345,-1.783738846730874,0.5916253180320307
5.102219654249812,-1.7831469495024819,0.592118106052626
5.103219697302389,-1.7825545596728152,0.5926104786877928
5.104219740354967,-1.7819616776557192,0.5931024390511636
5.105219783407544,-1.7813683038619306,0.5935939902470453
5.106219826460122,-1.780774438699086,0.5940851353704607
5.107219869512699,-1.7801800825717318,0.5945758775071894
5.108219912565277,-1.7795852358813327,0.5950662197338092
5.109219955617854,-1.7789898990262816,0.5955561651177369
5.1102199986704315,-1.7783940724019083,0.5960457167172687
5.1112200417230085,-1.7777977564004888,0.5965348775816215
5.112220084775586,-1.7772009514112541,0.5970236507509732
5.113220127828163,-1.7766036578203996,0.5975120392565029
5.114220170880741,-1.7760058760110937,0.5980000461204314
5.115220213933318,-1.775407606363487,0.5984876743560615
5.116220256985896,-1.774808849254721,0.5989749269678175
5.117220300038473,-1.774209605058937,0.5994618069512856
5.118220343091051,-1.7736098741472857,0.5999483172932534
5.119220386143628,-1.773009656887934,0.6004344609717496
5.1202204291962055,-1.7724089536460763,0.6009202409560835
5.121220472248782,-1.7718077647839412,0.6014056602068845
5.122220515301359,-1.7712060906608007,0.6018907216761409
5.123220558353937,-1.7706039316329796,0.6023754283072396
5.124220601406514,-1.770001288053863,0.6028597830350046
5.125220644459092,-1.7693981602739053,0.6033437887857366
5.126220687511669,-1.7687945486406391,0.6038274484772505
5.127220730564247,-1.768190453498683,0.6043107650189151
5.128220773616824,-1.7675858751897504,0.6047937413116913
5.1292208166694016,-1.7669808140526577,0.6052763802481702
5.1302208597219785,-1.766375270423333,0.6057586847126116
5.131220902774556,-1.7657692446348239,0.606240657580982
5.132220945827133,-1.7651627370173062,0.6067223017209925
5.133220988879711,-1.7645557478980918,0.607203619992137
5.134221031932288,-1.7639482776016373,0.6076846152457295
5.135221074984866,-1.7633403264495517,0.6081652903249419
5.136221118037443,-1.7627318947606052,0.6086456480648418
5.137221161090021,-1.7621229828507363,0.6091256912924291
5.138221204142598,-1.7615135910330606,0.6096054228266741
5.1392212471951755,-1.7609037196178787,0.610084845478554
5.140221290247752,-1.760293368912684,0.6105639620510903
5.14122133330033,-1.759682539222171,0.6110427753393853
5.142221376352907,-1.7590712308482426,0.6115212881306594
5.143221419405485,-1.758459444090018,0.6119995032042871
5.144221462458062,-1.7578471792438415,0.6124774233318339
5.14522150551064,-1.7572344366032893,0.6129550512770926
5.146221548563217,-1.7566212164591772,0.6134323897961198
5.147221591615795,-1.7560075190995694,0.6139094416372717
5.148221634668372,-1.755393344809785,0.6143862095412401
5.149221677720949,-1.754778693872406,0.6148626962410888
5.150221720773526,-1.7541635665672852,0.615338904462289
5.151221763826104,-1.7535479631715538,0.6158148369227551
5.152221806878681,-1.7529318839596284,0.6162904963328801
5.153221849931259,-1.752315329203219,0.6167658853955714
5.154221892983836,-1.7516982991713363,0.6172410068062859
5.155221936036414,-1.751080794130299,0.6177158632530652
5.156221979088991,-1.7504628143437415,0.6181904574165706
5.1572220221415686,-1.749844360072621,0.6186647919701187
5.1582220651941455,-1.7492254315752251,0.6191388695797152
5.159222108246723,-1.7486060291071788,0.6196126929040905
5.1602221512993,-1.7479861529214515,0.6200862645947341
5.161222194351878,-1.7473658032683654,0.6205595872959292
5.162222237404455,-1.7467449803956012,0.6210326636447867
5.163222280457033,-1.7461236845482064,0.62150549627128
5.16422232350961,-1.7455019159686016,0.6219780877982789
5.165222366562188,-1.7448796748965882,0.6224504408415839
5.166222409614765,-1.7442569615693553,0.6229225580099595
5.1672224526673425,-1.7436337762214862,0.6233944419051693
5.168222495719919,-1.743010119084966,0.6238660951220084
5.169222538772496,-1.7423859903891887,0.6243375202483377
5.170222581825074,-1.7417613903609634,0.6248087198651172
5.171222624877651,-1.741136319224522,0.6252796965464398
5.172222667930229,-1.7405107772015247,0.625750452859564
5.173222710982806,-1.7398847645110689,0.6262209913649474
5.174222754035384,-1.739258281369694,0.6266913146162795
5.175222797087961,-1.7386313279913892,0.6271614251605152
5.176222840140539,-1.7380039045876,0.6276313255379071
5.1772228831931155,-1.737376011367235,0.6281010182820385
5.178222926245693,-1.7367476485366722,0.6285705059198557
5.17922296929827,-1.736118816299766,0.6290397909717013
5.180223012350848,-1.7354895148578537,0.6295088759513455
5.181223055403425,-1.734859744409762,0.6299777633660195
5.182223098456003,-1.734229505151813,0.6304464557164469
5.18322314150858,-1.7335987972778322,0.630914955496876
5.184223184561158,-1.732967620979153,0.6313832651951121
5.185223227613735,-1.7323359764446244,0.6318513872925491
5.1862232706663125,-1.7317038638606175,0.632319324264201
5.1872233137188895,-1.731071283411031,0.6327870785787343
5.188223356771467,-1.730438235277298,0.6332546526984988
5.189223399824044,-1.7298047196383928,0.6337220490795595
5.190223442876622,-1.729170736670836,0.634189270171728
5.191223485929199,-1.7285362865487017,0.6346563184185934
5.192223528981777,-1.7279013694436234,0.6351231962575535
5.193223572034354,-1.7272659855248,0.6355899061198463
5.194223615086932,-1.7266301349590025,0.6360564504305803
5.195223658139509,-1.7259938179105796,0.6365228316087659
5.196223701192086,-1.7253570345414635,0.6369890520673455
5.197223744244663,-1.724719785011177,0.6374551142132249
5.198223787297241,-1.7240820694768386,0.6379210204473031
5.199223830349818,-1.7234438880931686,0.6383867731645035
5.200223873402396,-1.7228052410124957,0.6388523747538033
5.201223916454973,-1.722166128384762,0.6393178275982644
5.202223959507551,-1.7215265503575299,0.6397831340750633
5.203224002560128,-1.720886507075987,0.6402482965555212
5.204224045612706,-1.7202459986829524,0.6407133174051339
5.2052240886652825,-1.7196050253188828,0.6411781989836016
5.20622413171786,-1.718963587121878,0.6416429436448585
5.207224174770437,-1.7183216842276863,0.6421075537371028
5.208224217823015,-1.7176793167697109,0.6425720316028258
5.209224260875592,-1.717036484879015,0.6430363795788417
5.21022430392817,-1.7163931886843276,0.6435005999963166
5.211224346980747,-1.7157494283120496,0.6439646951807979
5.212224390033325,-1.7151052038862589,0.6444286674522437
5.213224433085902,-1.714460515528716,0.6448925191250513
5.2142244761384795,-1.71381536335887,0.6453562525080866
5.2152245191910565,-1.7131697474938634,0.6458198699047127
5.216224562243634,-1.7125236680485383,0.646283373612819
5.217224605296211,-1.7118771251354414,0.6467467659248493
5.218224648348788,-1.7112301188648296,0.6472100491278308
5.219224691401366,-1.710582649344675,0.6476732255034024
5.220224734453943,-1.709934716680671,0.6481362973278435
5.221224777506521,-1.7092863209762377,0.6485992668721016
5.222224820559098,-1.708637462332526,0.6490621364018206
5.223224863611676,-1.7079881408484243,0.6495249081773697
5.2242249066642525,-1.7073383566205629,0.6499875844538705
5.22522494971683,-1.7066881097433193,0.6504501674812252
5.226224992769407,-1.7060374003088241,0.6509126595041446
5.227225035821985,-1.7053862284069652,0.6513750627621755
5.228225078874562,-1.7047345941253937,0.6518373794897289
5.22922512192714,-1.7040824975495288,0.6522996119161069
5.230225164979717,-1.7034299387625627,0.6527617622655304
5.231225208032295,-1.7027769178454657,0.6532238327571668
5.232225251084872,-1.7021234348769916,0.6536858256051566
5.2332252941374495,-1.7014694899336822,0.6541477430186415
5.2342253371900265,-1.7008150830898727,0.6546095872017905
5.235225380242604,-1.7001602144176968,0.6550713603538276
5.236225423295181,-1.6995048839870908,0.6555330646690586
5.237225466347759,-1.6988490918657995,0.6559947023368975
5.238225509400336,-1.6981928381193803,0.656456275541894
5.239225552452914,-1.6975361228112085,0.6569177864637595
5.240225595505491,-1.696878946002482,0.657379237277394
5.241225638558069,-1.6962213077522261,0.6578406301529125
5.242225681610646,-1.6955632081172984,0.6583019672556714
5.2432257246632235,-1.6949046471523934,0.6587632507462946
5.2442257677158,-1.694245624910047,0.6592244827807003
5.245225810768378,-1.6935861414406417,0.6596856655101265
5.246225853820955,-1.6929261967924105,0.6601468010811574
5.247225896873533,-1.692265791011443,0.6606078916357493
5.24822593992611,-1.691604924141688,0.6610689393112563
5.249225982978688,-1.6909435962249597,0.6615299462404566
5.250226026031265,-1.6902818073009418,0.6619909145515774
5.251226069083843,-1.6896195574071917,0.6624518463683217
5.2522261121364195,-1.6889568465791454,0.6629127438098924
5.253226155188997,-1.6882936748501214,0.663373608991019
5.254226198241574,-1.6876300422513264,0.6638344440219826
5.255226241294152,-1.6869659488118585,0.6642952510086405
5.256226284346729,-1.6863013945587118,0.6647560320524526
5.257226327399307,-1.6856363795167815,0.6652167892505058
5.258226370451884,-1.6849709037088674,0.665677524695539
5.259226413504462,-1.6843049671556791,0.6661382404759685
5.260226456557039,-1.6836385698758396,0.6665989386759126
5.2612264996096165,-1.6829717118858896,0.6670596213752163
5.2622265426621935,-1.6823043932002923,0.6675202906494766
5.263226585714771,-1.6816366138314374,0.6679809485700664
5.264226628767348,-1.6809683737896448,0.6684415972041596
5.265226671819926,-1.6802996730831696,0.6689022386147554
5.266226714872503,-1.679630511718206,0.6693628748607027
5.26722675792508,-1.678960889698891,0.6698235079967243
5.268226800977658,-1.6782908070273088,0.6702841400734416
5.269226844030235,-1.6776202637034954,0.6707447731373983
5.270226887082813,-1.6769492597254416,0.6712054092310848
5.27122693013539,-1.6762777950890981,0.6716660503929621
5.272226973187967,-1.6756058697883789,0.6721266986574856
5.273227016240544,-1.6749334838151653,0.6725873560551294
5.274227059293122,-1.67426063715931,0.6730480246124095
5.275227102345699,-1.6735873298086417,0.6735087063519081
5.276227145398277,-1.6729135617489677,0.6739694032922967
5.277227188450854,-1.6722393329640786,0.6744301174483601
5.278227231503432,-1.671564643435752,0.6748908508310199
5.279227274556009,-1.670889493143757,0.6753516054473572
5.2802273176085865,-1.6702138820658567,0.675812383300637
5.2812273606611635,-1.6695378101778133,0.6762731863903306
5.282227403713741,-1.6688612774533909,0.6767340167121393
5.283227446766318,-1.66818428386436,0.6771948762580172
5.284227489818896,-1.6675068293805007,0.6776557670161945
5.285227532871473,-1.6668289139696066,0.6781166909712002
5.286227575924051,-1.666150537597489,0.6785776501038853
5.287227618976628,-1.6654717002279797,0.6790386463914452
5.288227662029206,-1.664792401822935,0.679499681807443
5.289227705081783,-1.6641126423422394,0.6799607583218318
5.2902277481343605,-1.6634324217438095,0.6804218779009773
5.291227791186937,-1.6627517399835965,0.6808830425076805
5.292227834239515,-1.6620705970155913,0.6813442541012001
5.293227877292092,-1.6613889927918268,0.681805514637275
5.29422792034467,-1.6607069272623818,0.6822668260681463
5.295227963397247,-1.6600244003753846,0.6827281903425797
5.296228006449825,-1.6593414120770162,0.683189609405888
5.297228049502402,-1.6586579623115145,0.683651085199953
5.29822809255498,-1.6579740510211765,0.6841126196632471
5.299228135607557,-1.6572896781463626,0.6845742147308561
5.300228178660134,-1.6566048436254999,0.6850358723345004
5.301228221712711,-1.6559195473950847,0.6854975944025572
5.302228264765289,-1.6552337893896873,0.6859593828600823
5.303228307817866,-1.6545475695419543,0.6864212396288315
5.304228350870444,-1.6538608877826118,0.6868831666272824
5.305228393923021,-1.653173744040469,0.6873451657706563
5.306228436975599,-1.6524861382424219,0.687807238970939
5.307228480028176,-1.6517980703134554,0.6882693881369027
5.3082285230807535,-1.6511095401766476,0.6887316151741275
5.3092285661333305,-1.6504205477531724,0.6891939219850222
5.310228609185908,-1.6497310929623028,0.6896563104688458
5.311228652238485,-1.6490411757214138,0.6901187825217289
5.312228695291063,-1.6483507959459862,0.6905813400366944
5.31322873834364,-1.6476599535496088,0.6910439849036787
5.314228781396218,-1.646968648443982,0.6915067190095529
5.315228824448795,-1.646276880538921,0.691969544238143
5.316228867501372,-1.6455846497423585,0.6924324624702518
5.31722891055395,-1.6448919559603477,0.6928954755836787
5.318228953606527,-1.6441987990970655,0.6933585854532409
5.319228996659104,-1.6435051790548154,0.693821793950794
5.320229039711681,-1.6428110957340305,0.6942851029452527
5.321229082764259,-1.6421165490332763,0.6947485143026109
5.322229125816836,-1.6414215388492535,0.6952120298859624
5.323229168869414,-1.6407260650768012,0.6956756515555218
5.324229211921991,-1.6400301276089,0.6961393811686438
5.325229254974569,-1.6393337263366738,0.6966032205798445
5.326229298027146,-1.638636861149394,0.6970671716408208
5.327229341079724,-1.637939531934481,0.6975312362004711
5.3282293841323005,-1.637241738577508,0.6979954161049152
5.329229427184878,-1.6365434809622033,0.6984597131975143
5.330229470237455,-1.6358447589704532,0.698924129318891
5.331229513290033,-1.6351455724823045,0.6993886663069492
5.33222955634261,-1.6344459213759674,0.6998533259968939
5.333229599395188,-1.6337458055278185,0.700318110221251
5.334229642447765,-1.6330452248124023,0.7007830208098873
5.335229685500343,-1.6323441791024358,0.7012480595900298
5.33622972855292,-1.631642668268809,0.7017132283862854
5.3372297716054975,-1.6309406921805891,0.7021785290206604
5.3382298146580744,-1.6302382507050224,0.7026439633125804
5.339229857710652,-1.6295353437075366,0.7031095330789092
5.340229900763229,-1.6288319710517445,0.7035752401339684
5.341229943815807,-1.628128132599445,0.704041086289557
5.342229986868384,-1.6274238282106268,0.7045070733549699
5.343230029920962,-1.6267190577434703,0.704973203137018
5.344230072973539,-1.6260138210543502,0.7054394774400468
5.345230116026117,-1.6253081179978384,0.7059058980659556
5.346230159078694,-1.6246019484267054,0.7063724668142166
5.347230202131271,-1.623895312191924,0.7068391854818938
5.348230245183848,-1.6231882091426706,0.707306055863662
5.349230288236426,-1.6224806391263282,0.7077730797518256
5.350230331289003,-1.6217726019884886,0.7082402589363374
5.351230374341581,-1.6210640975729549,0.7087075952048173
5.352230417394158,-1.6203551257217432,0.7091750903425714
5.353230460446736,-1.6196456862750859,0.7096427461326101
5.354230503499313,-1.618935779071433,0.7101105643556671
5.355230546551891,-1.618225403947455,0.7105785467902175
5.3562305896044675,-1.6175145607380452,0.7110466952124966
5.357230632657045,-1.6168032492763214,0.7115150113965185
5.358230675709622,-1.6160914693936284,0.711983497114094
5.3592307187622,-1.6153792209195403,0.7124521541348493
5.360230761814777,-1.6146665036818628,0.7129209842262441
5.361230804867355,-1.613953317506635,0.7133899891535898
5.362230847919932,-1.6132396622181313,0.7138591706800677
5.36323089097251,-1.6125255376388645,0.7143285305667473
5.364230934025087,-1.6118109435895869,0.714798070572604
5.365230977077664,-1.611095879889293,0.7152677924545374
5.3662310201302414,-1.6103803463552209,0.7157376979673892
5.367231063182818,-1.6096643428028556,0.7162077888639607
5.368231106235396,-1.6089478690459296,0.7166780668950314
5.369231149287973,-1.6082309248964257,0.7171485338093763
5.370231192340551,-1.6075135101645792,0.7176191913537835
5.371231235393128,-1.606795624658879,0.7180900412730724
5.372231278445706,-1.6060772681860702,0.7185610853101111
5.373231321498283,-1.6053584405511563,0.7190323252058338
5.374231364550861,-1.6046391415574002,0.7195037626992589
5.3752314076034375,-1.603919371006327,0.7199753995275057
5.376231450656015,-1.6031991286977256,0.7204472374258126
5.377231493708592,-1.6024784144296504,0.7209192781275542
5.37823153676117,-1.6017572279984233,0.7213915233642584
5.379231579813747,-1.6010355691986353,0.7218639748656243
5.380231622866325,-1.600313437823149,0.7223366343595388
5.381231665918902,-1.5995908336630993,0.7228095035720943
5.38223170897148,-1.5988677565078966,0.7232825842276056
5.383231752024057,-1.5981442061452271,0.7237558780486271
5.3842317950766345,-1.5974201823610557,0.7242293867559698
5.3852318381292115,-1.5966956849396268,0.7247031120687185
5.386231881181789,-1.595970713663467,0.7251770557042486
5.387231924234366,-1.5952452683133864,0.725651219378243
5.388231967286944,-1.5945193486684794,0.7261256048047088
5.389232010339521,-1.593792954506128,0.7266002136959948
5.390232053392099,-1.593066085602002,0.7270750477628076
5.391232096444676,-1.5923387417300614,0.7275501087142286
5.392232139497254,-1.591610922662558,0.7280253982577307
5.393232182549831,-1.590882628170037,0.7285009180991948
5.3942322256024084,-1.590153858021338,0.7289766699429266
5.395232268654985,-1.589424611983597,0.7294526554916732
5.396232311707563,-1.5886948898222486,0.7299288764466391
5.39723235476014,-1.5879646913010261,0.7304053345075034
5.398232397812718,-1.5872340161819645,0.7308820313724358
5.399232440865295,-1.5865028642254004,0.7313589687381128
5.400232483917873,-1.5857712351899755,0.7318361482997344
5.40123252697045,-1.5850391288326362,0.7323135717510404
5.402232570023028,-1.584306544908636,0.7327912407843262
5.4032326130756045,-1.5835734831715367,0.7332691570904596
5.404232656128182,-1.5828399433732099,0.7337473223588963
5.405232699180759,-1.5821059252638383,0.7342257382776965
5.406232742233337,-1.5813714285919176,0.7347044065335411
5.407232785285914,-1.580636453104257,0.735183328811747
5.408232828338492,-1.5799009985459807,0.7356625067962839
5.409232871391069,-1.5791650646605302,0.7361419421697896
5.410232914443647,-1.5784286511896646,0.7366216366135864
5.411232957496224,-1.5776917578734624,0.7371015918076966
5.4122330005488015,-1.5769543844503224,0.7375818094308586
5.4132330436013785,-1.5762165306569655,0.7380622911605423
5.414233086653955,-1.5754781962284354,0.7385430386729653
5.415233129706533,-1.5747393808981005,0.7390240536431082
5.41623317275911,-1.5740000843976543,0.7395053377447304
5.417233215811688,-1.5732603064571176,0.7399868926503858
5.418233258864265,-1.5725200468048386,0.7404687200314382
5.419233301916843,-1.571779305167495,0.7409508215580769
5.42023334496942,-1.571038081270095,0.7414331988993323
5.421233388021998,-1.570296374835978,0.7419158537230912
5.422233431074575,-1.5695541855868158,0.7423987876961122
5.423233474127152,-1.5688115132426144,0.7428820024840412
5.424233517179729,-1.568068357521714,0.7433654997514266
5.425233560232307,-1.5673247181407917,0.7438492811617348
5.426233603284884,-1.5665805948148606,0.7443333483773649
5.427233646337462,-1.5658359872572725,0.7448177030596648
5.428233689390039,-1.5650908951797178,0.7453023468689455
5.429233732442617,-1.5643453182922276,0.7457872814644968
5.430233775495194,-1.5635992563031738,0.7462725085046021
5.4312338185477715,-1.5628527089192703,0.7467580296465538
5.4322338616003485,-1.5621056758455745,0.7472438465466678
5.433233904652926,-1.5613581567854877,0.7477299608602989
5.434233947705503,-1.5606101514407562,0.7482163742418556
5.435233990758081,-1.5598616595114725,0.7487030883448151
5.436234033810658,-1.5591126806960756,0.7491901048217381
5.437234076863236,-1.5583632146913526,0.7496774253242833
5.438234119915813,-1.5576132611924396,0.7501650515032229
5.439234162968391,-1.5568628198928218,0.7506529850084569
5.440234206020968,-1.556111890484335,0.7511412274890278
5.4412342490735455,-1.5553604726571664,0.7516297805931355
5.442234292126122,-1.5546085660998552,0.7521186459681517
5.4432343351787,-1.553856170499294,0.7526078252606347
5.444234378231277,-1.5531032855407285,0.7530973201163441
5.445234421283855,-1.5523499109077594,0.7535871321802549
5.446234464336432,-1.5515960462823426,0.7540772630965724
5.44723450738901,-1.5508416913447902,0.7545677145087466
5.448234550441587,-1.550086845773771,0.7550584880594865
5.449234593494165,-1.5493315092463118,0.7555495853907747
5.450234636546742,-1.548575681437797,0.7560410081438814
5.451234679599319,-1.5478193620219705,0.7565327579593794
5.452234722651896,-1.547062550670936,0.7570248364771576
5.453234765704474,-1.546305247055157,0.7575172453364357
5.454234808757051,-1.5455474508434588,0.7580099861757785
5.455234851809629,-1.5447891617030276,0.7585030606331099
5.456234894862206,-1.5440303792994126,0.7589964703457271
5.457234937914784,-1.5432711032965254,0.7594902169503148
5.458234980967361,-1.5425113333566416,0.7599843020829592
5.4592350240199385,-1.5417510691404008,0.7604787273791621
5.4602350670725155,-1.540990310306807,0.760973494473855
5.461235110125093,-1.54022905651323,0.7614686050014129
5.46223515317767,-1.5394673074154048,0.7619640605956683
5.463235196230247,-1.5387050626674335,0.7624598628899256
5.464235239282825,-1.5379423219217845,0.7629560135169742
5.465235282335402,-1.5371790848292939,0.7634525141091028
5.46623532538798,-1.5364153510391654,0.7639493662981134
5.467235368440557,-1.5356511201989713,0.7644465717153348
5.468235411493135,-1.534886391954653,0.7649441319916364
5.469235454545712,-1.5341211659505203,0.7654420487574419
5.470235497598289,-1.5333554418292537,0.7659403236427434
5.471235540650866,-1.5325892192319033,0.7664389582771146
5.472235583703444,-1.5318224977978898,0.7669379542897244
5.473235626756021,-1.531055277165005,0.767437313309351
5.474235669808599,-1.530287556969412,0.7679370369643951
5.475235712861176,-1.5295193368456457,0.7684371268828933
5.476235755913754,-1.528750616426613,0.7689375846925323
5.477235798966331,-1.5279813953435928,0.7694384120206614
5.478235842018909,-1.5272116732262375,0.769939610494307
5.4792358850714855,-1.526441449702572,0.7704411817401852
5.480235928124063,-1.5256707243989949,0.7709431273847154
5.48123597117664,-1.5248994969402783,0.771445449054034
5.482236014229218,-1.524127766949568,0.7719481483740075
5.483236057281795,-1.5233555340483846,0.7724512269702457
5.484236100334373,-1.5225827978566224,0.772954686468115
5.48523614338695,-1.521809557992551,0.773458528492752
5.486236186439528,-1.5210358140728146,0.7739627546690759
5.487236229492105,-1.5202615657124325,0.7744673666218029
5.4882362725446825,-1.5194868125247993,0.7749723659754582
5.489236315597259,-1.5187115541216853,0.7754777543543896
5.490236358649837,-1.5179357901132364,0.7759835333827808
5.491236401702414,-1.5171595201079742,0.7764897046846643
5.492236444754992,-1.5163827437127961,0.7769962698839341
5.493236487807569,-1.515605460532976,0.7775032306043594
5.494236530860147,-1.5148276701721641,0.778010588469597
5.495236573912724,-1.5140493722323862,0.7785183451032045
5.496236616965302,-1.5132705663140453,0.7790265021286531
5.497236660017879,-1.5124912520159206,0.7795350611693408
5.498236703070456,-1.5117114289351676,0.7800440238486048
5.499236746123033,-1.5109310966673188,0.7805533917897349
5.500236789175611,-1.5101502548062833,0.7810631666159858
5.501236832228188,-1.5093689029443467,0.7815733499505904
5.502236875280766,-1.5085870406721713,0.7820839434167718
5.503236918333343,-1.5078046675787966,0.782594948637757
5.504236961385921,-1.5070217832516382,0.783106367236789
5.505237004438498,-1.5062383872764884,0.7836182008371393
5.506237047491076,-1.5054544792375166,0.7841304510621213
5.5072370905436525,-1.5046700587172683,0.7846431195351022
5.50823713359623,-1.5038851252966658,0.7851562078795161
5.509237176648807,-1.5030996785550081,0.7856697177188762
5.510237219701385,-1.50231371806997,0.7861836506767875
5.511237262753962,-1.5015272434176028,0.7866980083769597
5.512237305806539,-1.500740254172334,0.7872127924432188
5.513237348859117,-1.4999527499069674,0.7877280044995205
5.514237391911694,-1.4991647301926823,0.7882436461699621
5.515237434964272,-1.498376194599034,0.7887597190787952
5.516237478016849,-1.497587142693953,0.7892762248504378
5.517237521069426,-1.496797574043746,0.789793165109487
5.518237564122003,-1.4960074882130943,0.7903105414807312
5.519237607174581,-1.4952168847650544,0.7908283555891622
5.520237650227158,-1.4944257632610576,0.7913466090599878
5.521237693279736,-1.4936341232609098,0.791865303518644
5.522237736332313,-1.4928419643227915,0.7923844405908074
5.523237779384891,-1.492049286003257,0.7929040219024067
5.524237822437468,-1.4912560878572347,0.7934240490796359
5.525237865490046,-1.4904623694380266,0.793944523748966
5.5262379085426225,-1.4896681302973078,0.7944654475371568
5.5272379515952,-1.4888733699851269,0.7949868220712695
5.528237994647777,-1.4880780880499045,0.7955086489786788
5.529238037700355,-1.487282284038434,0.7960309298870847
5.530238080752932,-1.486485957495881,0.7965536664245246
5.53123812380551,-1.4856891079657826,0.7970768602193857
5.532238166858087,-1.4848917349900472,0.7976005129004163
5.533238209910665,-1.4840938381089546,0.7981246260967385
5.534238252963242,-1.4832954168611545,0.7986492014378597
5.5352382960158195,-1.4824964707836676,0.7991742405536846
5.5362383390683965,-1.4816969994118838,0.7996997450745273
5.537238382120974,-1.480897002279563,0.8002257166311231
5.538238425173551,-1.4800964789188333,0.8007521568546401
5.539238468226129,-1.4792954288601923,0.8012790673766913
5.540238511278706,-1.4784938516325048,0.8018064498293466
5.541238554331284,-1.477691746763004,0.8023343058451441
5.542238597383861,-1.4768891137772895,0.8028626370571023
5.543238640436439,-1.4760859521993281,0.8033914450987314
5.544238683489016,-1.4752822615514527,0.8039207316040456
5.545238726541593,-1.4744780413543614,0.8044504982075744
5.54623876959417,-1.4736732911271182,0.8049807465443743
5.547238812646748,-1.472868010387151,0.8055114782500407
5.548238855699325,-1.4720621986502522,0.806042694960719
5.549238898751903,-1.4712558554305777,0.8065743983131171
5.55023894180448,-1.470448980240646,0.807106589944516
5.551238984857058,-1.469641572591338,0.8076392714927821
5.552239027909635,-1.468833631991897,0.8081724445963785
5.553239070962213,-1.4680251579499268,0.8087061108943763
5.5542391140147895,-1.4672161499713918,0.8092402720264663
5.555239157067367,-1.4664066075606166,0.8097749296329708
5.556239200119944,-1.4655965302202847,0.8103100853548545
5.557239243172522,-1.4647859174514386,0.8108457408337362
5.558239286225099,-1.4639747687534788,0.8113818977119002
5.559239329277676,-1.463163083624163,0.8119185576323078
5.560239372330254,-1.4623508615596053,0.8124557222386085
5.561239415382831,-1.461538102054276,0.8129933931751514
5.562239458435409,-1.4607248046010006,0.8135315720869966
5.563239501487986,-1.459910968690959,0.8140702606199263
5.5642395445405635,-1.459096593813685,0.8146094604204565
5.56523958759314,-1.4582816794570654,0.8151491731358479
5.566239630645718,-1.4574662251073394,0.8156894004141174
5.567239673698295,-1.4566502302490973,0.816230143904049
5.568239716750873,-1.4558336943652808,0.8167714052552054
5.56923975980345,-1.4550166169371808,0.8173131861179388
5.570239802856028,-1.454198997444438,0.8178554881434024
5.571239845908605,-1.4533808353650415,0.8183983129835614
5.572239888961183,-1.4525621301753275,0.818941662291204
5.57323993201376,-1.4517428813499793,0.8194855377199529
5.574239975066337,-1.4509230883620259,0.820029940924276
5.575240018118914,-1.4501027506828412,0.8205748735594973
5.576240061171492,-1.4492818677821437,0.8211203372818088
5.577240104224069,-1.448460439127995,0.8216663337482805
5.578240147276647,-1.4476384641867988,0.822212864616872
5.579240190329224,-1.4468159424233007,0.8227599315464436
5.580240233381802,-1.4459928733005867,0.8233075361967666
5.581240276434379,-1.4451692562800826,0.823855680228535
5.5822403194869565,-1.4443450908215532,0.8244043653033758
5.5832403625395335,-1.4435203763831006,0.8249535930838606
5.584240405592111,-1.4426951124211644,0.8255033652335158
5.585240448644688,-1.4418692983905197,0.8260536834168336
5.586240491697266,-1.4410429337442765,0.8266045492992835
5.587240534749843,-1.4402160179338788,0.8271559645473222
5.588240577802421,-1.4393885504091037,0.8277079308284051
5.589240620854998,-1.4385605306180607,0.8282604498109967
5.590240663907576,-1.4377319580071892,0.8288135231645815
5.591240706960153,-1.4369028320212596,0.8293671525596749
5.5922407500127305,-1.4360731521033705,0.8299213396678337
5.593240793065307,-1.4352429176949486,0.8304760861616669
5.594240836117885,-1.4344121282357474,0.8310313937148466
5.595240879170462,-1.433580783163846,0.8315872640021181
5.59624092222304,-1.4327488819156484,0.8321436986993114
5.597240965275617,-1.4319164239258817,0.832700699483351
5.598241008328195,-1.4310834086275959,0.8332582680322672
5.599241051380772,-1.4302498354521622,0.8338164060252063
5.60024109443335,-1.4294157038292719,0.8343751151424413
5.601241137485927,-1.4285810131869354,0.8349343970653824
5.602241180538504,-1.4277457629514814,0.8354942534765877
5.603241223591081,-1.4269099525475548,0.8360546860597735
5.604241266643659,-1.4260735813981165,0.8366156964998251
5.605241309696236,-1.4252366489244417,0.8371772864828072
5.606241352748814,-1.4243991545461192,0.8377394576959741
5.607241395801391,-1.4235610976810495,0.8383022118277805
5.608241438853968,-1.4227224777454441,0.8388655505678918
5.609241481906546,-1.4218832941538242,0.8394294756071945
5.610241524959123,-1.4210435463190192,0.8399939886378066
5.6112415680117005,-1.4202032336521662,0.840559091353088
5.612241611064277,-1.4193623555627075,0.8411247854476511
5.613241654116855,-1.4185209114583908,0.8416910726173706
5.614241697169432,-1.4176789007452668,0.8422579545593945
5.61524174022201,-1.4168363228276883,0.8428254329721535
5.616241783274587,-1.4159931771083094,0.8433935095553724
5.617241826327165,-1.4151494629880832,0.8439621860100797
5.618241869379742,-1.4143051798662614,0.8445314640386178
5.61924191243232,-1.4134603271403925,0.8451013453446535
5.620241955484897,-1.4126149042063205,0.8456718316331884
5.621241998537474,-1.4117689104581839,0.8462429246105685
5.622242041590051,-1.4109223452884139,0.8468146259844949
5.623242084642629,-1.4100752080877332,0.8473869374640337
5.624242127695206,-1.409227498245155,0.8479598607596264
5.625242170747784,-1.4083792151479808,0.8485333975830998
5.626242213800361,-1.4075303581818,0.8491075496476762
5.627242256852939,-1.4066809267304876,0.8496823186679835
5.628242299905516,-1.4058309201762036,0.8502577063600653
5.629242342958094,-1.4049803378993908,0.8508337144413909
5.6302423860106705,-1.4041291792787738,0.8514103446308655
5.631242429063248,-1.4032774436913578,0.85198759864884
5.632242472115825,-1.4024251305124265,0.8525654782171211
5.633242515168403,-1.401572239115541,0.8531439850589815
5.63424255822098,-1.4007187688725384,0.8537231208991694
5.635242601273558,-1.3998647191535305,0.8543028874639188
5.636242644326135,-1.3990100893269017,0.8548832864809597
5.637242687378713,-1.3981548787593079,0.8554643196795274
5.63824273043129,-1.3972990868156752,0.8560459887903727
5.6392427734838675,-1.3964427128591976,0.8566282955457721
5.640242816536444,-1.3955857562513365,0.8572112416795371
5.641242859589022,-1.3947282163518182,0.8577948289270244
5.642242902641599,-1.3938700925186331,0.8583790590251456
5.643242945694177,-1.3930113841080338,0.8589639337123771
5.644242988746754,-1.3921520904745335,0.8595494547287701
5.645243031799332,-1.3912922109709045,0.8601356238159598
5.646243074851909,-1.3904317449481767,0.8607224427171757
5.647243117904487,-1.3895706917556354,0.8613099131772513
5.648243160957064,-1.3887090507408208,0.8618980369426333
5.649243204009641,-1.3878468212495256,0.8624868157613923
5.650243247062218,-1.3869840026257936,0.8630762513832315
5.651243290114796,-1.3861205942119175,0.863666345559497
5.652243333167373,-1.3852565953484384,0.8642571000431869
5.653243376219951,-1.384392005374143,0.8648485165889618
5.654243419272528,-1.3835268236260627,0.8654405969531536
5.655243462325106,-1.3826610494394718,0.8660333428937755
5.656243505377683,-1.3817946821478853,0.8666267561705316
5.65724354843026,-1.3809277210830577,0.8672208385448265
5.6582435914828375,-1.3800601655749813,0.8678155917797744
5.6592436345354145,-1.3791920149518841,0.8684110176402094
5.660243677587992,-1.3783232685402287,0.8690071178926945
5.661243720640569,-1.3774539256647098,0.869603894305531
5.662243763693147,-1.3765839856482531,0.8702013486487685
5.663243806745724,-1.3757134478120132,0.8707994826942141
5.664243849798302,-1.374842311475372,0.8713982982154418
5.665243892850879,-1.3739705759559369,0.8719977969878018
5.666243935903457,-1.3730982405695387,0.8725979807884302
5.667243978956034,-1.3722253046302302,0.8731988513962584
5.668244022008611,-1.3713517674502846,0.8738004105920223
5.669244065061188,-1.3704776283401932,0.8744026601582717
5.670244108113766,-1.3696028866086636,0.8750056018793799
5.671244151166343,-1.368727541562618,0.8756092375415526
5.672244194218921,-1.367851592507192,0.8762135689328375
5.673244237271498,-1.3669750387457311,0.8768185978431337
5.674244280324076,-1.366097879579791,0.8774243260642004
5.675244323376653,-1.3652201143091338,0.8780307553896671
5.676244366429231,-1.3643417422317274,0.878637887615042
5.6772444094818075,-1.3634627626437432,0.8792457245377217
5.678244452534385,-1.3625831748395538,0.879854267957
5.679244495586962,-1.3617029781117318,0.8804635196740774
5.68024453863954,-1.3608221717510476,0.8810734814920707
5.681244581692117,-1.359940755046467,0.8816841552160208
5.682244624744695,-1.3590587272851504,0.8822955426529036
5.683244667797272,-1.3581760877524496,0.8829076456116374
5.68424471084985,-1.3572928357319065,0.8835204659030934
5.685244753902427,-1.3564089705052513,0.884134005340104
5.6862447969550045,-1.3555244913524005,0.884748265737472
5.6872448400075815,-1.3546393975514541,0.8853632489119798
5.688244883060159,-1.3537536883786947,0.8859789566823983
5.689244926112736,-1.3528673631085848,0.886595390869496
5.690244969165314,-1.3519804210137654,0.8872125532960479
5.691245012217891,-1.3510928613650532,0.8878304457868443
5.692245055270469,-1.3502046834314396,0.8884490701687003
5.693245098323046,-1.3493158864800874,0.8890684282704643
5.694245141375624,-1.34842646977633,0.8896885219230269
5.695245184428201,-1.3475364325836683,0.8903093529593301
5.696245227480778,-1.3466457741637698,0.8909309232143757
5.697245270533355,-1.3457544937764654,0.8915532345252348
5.698245313585933,-1.3448625906797478,0.8921762887310563
5.69924535663851,-1.3439700641297698,0.8928000876730753
5.700245399691088,-1.3430769133808416,0.8934246331946227
5.701245442743665,-1.3421831376854287,0.8940499271411337
5.702245485796243,-1.3412887362941504,0.8946759713601564
5.70324552884882,-1.340393708455777,0.8953027677013605
5.704245571901398,-1.3394980534172287,0.8959303180165463
5.7052456149539745,-1.3386017704235718,0.8965586241596533
5.7062456580065515,-1.337704858718018,0.8971876879867687
5.707245701059129,-1.336807317541922,0.8978175113561366
5.708245744111706,-1.3359091461347783,0.8984480961281661
5.709245787164284,-1.3350103437342207,0.8990794441654402
5.710245830216861,-1.3341109095760186,0.8997115573327241
5.711245873269439,-1.3332108428940759,0.9003444374969746
5.712245916322016,-1.3323101429204278,0.9009780865273477
5.713245959374594,-1.33140880888524,0.9016125062952077
5.714246002427171,-1.330506840016805,0.9022476986741358
5.7152460454797485,-1.3296042355415407,0.9028836655399383
5.716246088532325,-1.328700994683988,0.9035204087706552
5.717246131584903,-1.3277971166668086,0.9041579302465689
5.71824617463748,-1.3268926007107826,0.9047962318502123
5.719246217690058,-1.3259874460348067,0.9054353154663776
5.720246260742635,-1.325081651855891,0.9060751829821244
5.721246303795213,-1.3241752173891577,0.9067158362867884
5.72224634684779,-1.3232681418478385,0.9073572772719896
5.723246389900368,-1.322360424443272,0.9079995078316405
5.7242464329529446,-1.3214520643849021,0.9086425298619549
5.725246476005522,-1.3205430608802748,0.9092863452614557
5.726246519058099,-1.3196334131350365,0.9099309559309835
5.727246562110677,-1.3187231203529313,0.910576363773705
5.728246605163254,-1.3178121817357993,0.9112225706951207
5.729246648215832,-1.3169005964835736,0.9118695786030738
5.730246691268409,-1.3159883637942782,0.9125173894077581
5.731246734320987,-1.3150754828640256,0.913166005021726
5.732246777373564,-1.3141619528870148,0.9138154273598971
5.7332468204261415,-1.3132477730555283,0.914465658339566
5.7342468634787185,-1.31233294255993,0.9151166998804104
5.735246906531296,-1.311417460588663,0.9157685539044997
5.736246949583873,-1.310501326328247,0.9164212223363026
5.737246992636451,-1.309584538963276,0.9170747071026952
5.738247035689028,-1.3086670976764159,0.9177290101329693
5.739247078741606,-1.3077490016484015,0.9183841333588401
5.740247121794183,-1.306830250058035,0.9190400787144545
5.741247164846761,-1.3059108420821837,0.919696848136399
5.742247207899338,-1.3049907768957758,0.9203544435637073
5.7432472509519155,-1.3040700536718002,0.9210128669378689
5.744247294004492,-1.3031486715813025,0.9216721202028363
5.74524733705707,-1.302226629793383,0.9223322053050333
5.746247380109647,-1.3013039274751945,0.9229931241933631
5.747247423162225,-1.3003805637919394,0.9236548788192153
5.748247466214802,-1.2994565379068674,0.9243174711364746
5.74924750926738,-1.298531848981273,0.924980903101528
5.750247552319957,-1.2976064961744929,0.9256451766732731
5.751247595372535,-1.2966804786439037,0.926310293813125
5.7522476384251116,-1.2957537955449192,0.9269762564850252
5.753247681477689,-1.294826446030988,0.9276430666554483
5.754247724530266,-1.2938984292535904,0.92831072629341
5.755247767582843,-1.292969744362237,0.928979237370475
5.756247810635421,-1.292040390504465,0.9296486018607644
5.757247853687998,-1.2911103668258366,0.9303188217409629
5.758247896740576,-1.290179672469935,0.9309898989903275
5.759247939793153,-1.289248306578364,0.9316618355906937
5.760247982845731,-1.288316268290743,0.9323346335264842
5.761248025898308,-1.2873835567447065,0.9330082947847155
5.7622480689508855,-1.2864501710759002,0.9336828213550059
5.763248112003462,-1.2855161104179789,0.934358215229583
5.76424815505604,-1.2845813739026035,0.9350344784032906
5.765248198108617,-1.283645960659439,0.9357116128735967
5.766248241161195,-1.2827098698161516,0.9363896206406006
5.767248284213772,-1.2817731004984056,0.9370685037070403
5.76824832726635,-1.2808356518298616,0.9377482640782997
5.769248370318927,-1.2798975229321727,0.9384289037624161
5.770248413371505,-1.2789587129249835,0.9391104247700873
5.771248456424082,-1.2780192209259258,0.9397928291146791
5.772248499476659,-1.2770790460506167,0.9404761188122321
5.773248542529236,-1.2761381874126563,0.9411602958814695
5.774248585581814,-1.2751966441236238,0.9418453623438037
5.775248628634391,-1.2742544152930761,0.9425313202233435
5.776248671686969,-1.2733115000285444,0.9432181715469017
5.777248714739546,-1.2723678974355317,0.9439059183440015
5.778248757792124,-1.2714236066175097,0.9445945626468844
5.779248800844701,-1.2704786266759172,0.9452841064905161
5.7802488438972786,-1.2695329567101554,0.9459745519125947
5.7812488869498555,-1.2685865958175875,0.9466659009535571
5.782248930002433,-1.267639543093534,0.9473581556565854
5.78324897305501,-1.2666917976312715,0.9480513180676151
5.784249016107588,-1.2657433585220281,0.9487453902353409
5.785249059160165,-1.2647942248549828,0.9494403742112238
5.786249102212743,-1.2638443957172614,0.9501362720494985
5.78724914526532,-1.2628938701939336,0.9508330858071792
5.788249188317898,-1.2619426473680109,0.9515308175440674
5.789249231370475,-1.2609907263204434,0.9522294693227581
5.7902492744230525,-1.2600381061301174,0.9529290432086464
5.791249317475629,-1.2590847858738516,0.9536295412699344
5.792249360528207,-1.2581307646263962,0.9543309655776381
5.793249403580784,-1.2571760414604276,0.9550333182055933
5.794249446633362,-1.2562206154465476,0.9557366012304631
5.795249489685939,-1.2552644856532797,0.9564408167317437
5.796249532738517,-1.2543076511470665,0.9571459667917713
5.797249575791094,-1.2533501109922665,0.9578520534957286
5.798249618843672,-1.2523918642511516,0.9585590789316509
5.799249661896249,-1.251432909983904,0.9592670451904332
5.800249704948826,-1.2504732472486142,0.9599759543658358
5.801249748001403,-1.2495128751012763,0.9606858085544916
5.802249791053981,-1.248551792595787,0.9613966098559116
5.803249834106558,-1.2475899987839418,0.9621083603724914
5.804249877159135,-1.2466274927154324,0.9628210622095179
5.805249920211713,-1.2456642734378431,0.963534717475175
5.80624996326429,-1.2447003399966492,0.9642493282805503
5.807250006316868,-1.243735691435213,0.9649648967396408
5.808250049369445,-1.242770326794781,0.9656814249693593
5.8092500924220225,-1.2418042451144817,0.9663989150895403
5.8102501354745995,-1.2408374454313222,0.9671173692229466
5.811250178527177,-1.239869926780185,0.9678367894952744
5.812250221579754,-1.2389016881938253,0.9685571780351605
5.813250264632332,-1.2379327287028685,0.9692785369741871
5.814250307684909,-1.2369630473358066,0.9700008684468884
5.815250350737487,-1.2359926431189956,0.9707241745907562
5.816250393790064,-1.2350215150766521,0.9714484575462463
5.817250436842642,-1.234049662230851,0.9721737194567834
5.818250479895219,-1.2330770836015221,0.9728999624687678
5.819250522947796,-1.2321037782064472,0.9736271887315803
5.820250566000373,-1.2311297450612573,0.9743554003975886
5.821250609052951,-1.2301549831794292,0.9750845996221529
5.822250652105528,-1.229179491572283,0.9758147885636309
5.823250695158106,-1.2282032692489784,0.9765459693833843
5.824250738210683,-1.2272263152165126,0.9772781442457836
5.825250781263261,-1.2262486284797167,0.978011315318214
5.826250824315838,-1.2252702080412528,0.9787454847710807
5.827250867368416,-1.2242910529016109,0.9794806547778148
5.8282509104209925,-1.223311162059106,0.9802168275148778
5.82925095347357,-1.2223305345098752,0.9809540051617681
5.830250996526147,-1.2213491692478742,0.9816921899010254
5.831251039578725,-1.2203670652648748,0.9824313839182361
5.832251082631302,-1.2193842215504613,0.9831715894020394
5.83325112568388,-1.2184006370920282,0.9839128085441312
5.834251168736457,-1.2174163108747762,0.9846550435392704
5.835251211789035,-1.2164312418817098,0.9853982965852832
5.836251254841612,-1.2154454290936343,0.9861425698830688
5.8372512978941895,-1.214458871489152,0.986887865636604
5.8382513409467665,-1.2134715680446597,0.9876341860529484
5.839251383999344,-1.2124835177343458,0.9883815333422493
5.840251427051921,-1.2114947195301868,0.9891299097177465
5.841251470104499,-1.2105051724019442,0.9898793173957774
5.842251513157076,-1.2095148753171614,0.9906297585957817
5.843251556209654,-1.208523827241161,0.9913812355403061
5.844251599262231,-1.207532027137041,0.9921337504550091
5.845251642314809,-1.206539473965673,0.9928873055686657
5.846251685367386,-1.2055461666856968,0.993641903113172
5.847251728419963,-1.2045521042535199,0.9943975453235501
5.84825177147254,-1.2035572856233123,0.9951542344379518
5.849251814525118,-1.2025617097470045,0.9959119726976643
5.850251857577695,-1.2015653755742841,0.9966707623471137
5.851251900630273,-1.2005682820525925,0.9974306056338699
5.85225194368285,-1.1995704281271218,0.9981915048086506
5.853251986735427,-1.198571812740812,0.9989534621253261
5.854252029788005,-1.1975724348343473,0.9997164798409233
5.855252072840582,-1.1965722933461531,1.0004805602156297
5.8562521158931595,-1.1955713872123932,1.0012457055127981
5.8572521589457365,-1.194569715366966,1.0020119179989502
5.858252201998314,-1.1935672767415024,1.002779199943781
5.859252245050891,-1.192564070265361,1.0035475536201626
5.860252288103469,-1.1915600948656266,1.0043169813041486
5.861252331156046,-1.190555349467106,1.0050874852749776
5.862252374208624,-1.1895498329923246,1.005859067815077
5.863252417261201,-1.1885435443615247,1.0066317312100672
5.864252460313779,-1.1875364824926602,1.0074054777487653
5.865252503366356,-1.186528646301395,1.0081803097231887
5.8662525464189335,-1.1855200347010997,1.0089562294285586
5.86725258947151,-1.184510646602847,1.0097332391633038
5.868252632524088,-1.1835004809154102,1.0105113412290647
5.869252675576665,-1.182489536545259,1.0112905379306958
5.870252718629243,-1.1814778123965568,1.0120708315762699
5.87125276168182,-1.1804653073711568,1.0128522244770815
5.872252804734398,-1.1794520203685994,1.0136347189476498
5.873252847786975,-1.1784379502861089,1.0144183173057222
5.874252890839553,-1.1774230960185899,1.0152030218722776
5.8752529338921295,-1.1764074564586242,1.0159888349715294
5.876252976944707,-1.1753910304964683,1.0167757589309283
5.877253019997284,-1.1743738170200488,1.0175637960811663
5.878253063049862,-1.1733558149149603,1.0183529487561789
5.879253106102439,-1.1723370230644616,1.0191432192931482
5.880253149155017,-1.1713174403494726,1.0199346100325062
5.881253192207594,-1.1702970656485712,1.0207271233179371
5.882253235260172,-1.1692758978379894,1.0215207614963804
5.883253278312749,-1.168253935791611,1.0223155269180333
5.8842533213653265,-1.1672311783809681,1.0231114219363537
5.8852533644179035,-1.166207624475237,1.0239084489080625
5.886253407470481,-1.165183272941236,1.0247066101931466
5.887253450523058,-1.164158122643421,1.0255059081548608
5.888253493575636,-1.163132172443884,1.0263063451597303
5.889253536628213,-1.1621054212023476,1.0271079235775535
5.890253579680791,-1.1610778677761637,1.0279106457814038
5.891253622733368,-1.160049511020309,1.028714514147632
5.892253665785946,-1.1590203497873823,1.0295195310558685
5.893253708838523,-1.1579903829276008,1.0303256988890253
5.8942537518911005,-1.156959609288797,1.0311330200332978
5.895253794943677,-1.155928027716416,1.0319414968781675
5.896253837996255,-1.1548956370535108,1.032751131816403
5.897253881048832,-1.1538624361407408,1.0335619272440624
5.89825392410141,-1.1528284238163669,1.0343738855604947
5.899253967153987,-1.151793598916249,1.035187009168342
5.900254010206565,-1.1507579602738434,1.0360013004735404
5.901254053259142,-1.1497215067201976,1.0368167618853223
5.902254096311719,-1.1486842370839485,1.0376333958162172
5.9032541393642965,-1.147646150191319,1.0384512046820538
5.9042541824168735,-1.1466072448661144,1.0392701909019606
5.905254225469451,-1.1455675199297188,1.040090356898368
5.906254268522028,-1.1445269742010922,1.0409117050970085
5.907254311574606,-1.1434856064967671,1.0417342379269188
5.908254354627183,-1.1424434156308456,1.0425579578204405
5.909254397679761,-1.1414004004149951,1.043382867213221
5.910254440732338,-1.140356559658446,1.0442089685442142
5.911254483784916,-1.139311892167988,1.0450362642556819
5.912254526837493,-1.1382663967479663,1.045864756793194
5.9132545698900705,-1.1372200722002792,1.0466944486056295
5.914254612942647,-1.1361729173243744,1.0475253421451773
5.915254655995225,-1.1351249309172455,1.048357439867336
5.916254699047802,-1.134076111773429,1.0491907442309156
5.91725474210038,-1.1330264586850005,1.0500252576980362
5.918254785152957,-1.131975970441572,1.05086098273413
5.919254828205535,-1.130924645830288,1.0516979218079403
5.920254871258112,-1.129872483635823,1.0525360773915222
5.92125491431069,-1.1288194826403772,1.0533754519602427
5.922254957363267,-1.127765641623674,1.0542160479927805
5.923255000415844,-1.1267109593629563,1.0550578679711258
5.924255043468421,-1.125655434632983,1.0559009143805804
5.925255086520999,-1.1245990662060261,1.0567451897097573
5.926255129573576,-1.1235418528518673,1.0575906964505803
5.927255172626154,-1.1224837933377945,1.0584374370982839
5.928255215678731,-1.1214248864285985,1.059285414151412
5.929255258731309,-1.1203651308865703,1.0601346301118186
5.930255301783886,-1.1193045254714966,1.0609850874846656
5.9312553448364635,-1.1182430689406577,1.061836788778423
5.9322553878890405,-1.1171807600488233,1.062689736504868
5.933255430941618,-1.1161175975482498,1.0635439331790837
5.934255473994195,-1.1150535801886767,1.0643993813194583
5.935255517046773,-1.1139887067173235,1.0652560834476839
5.93625556009935,-1.112922975878886,1.0661140420887554
5.937255603151928,-1.111856386415533,1.066973259770969
5.938255646204505,-1.110788937066904,1.0678337390259207
5.939255689257083,-1.1097206265701045,1.0686954823885058
5.94025573230966,-1.1086514536597036,1.0695584923969155
5.9412557753622375,-1.1075814170677305,1.070422771592637
5.942255818414814,-1.106510515523671,1.071288322520451
5.943255861467392,-1.1054387477544645,1.0721551477284295
5.944255904519969,-1.1043661124845003,1.0730232497679344
5.945255947572547,-1.1032926084356152,1.0738926311936152
5.946255990625124,-1.1022182343270888,1.0747632945634071
5.947256033677702,-1.1011429888756417,1.0756352424385285
5.948256076730279,-1.100066870795431,1.0765084773834785
5.949256119782856,-1.098989878798048,1.0773830019660349
5.950256162835434,-1.0979120115925143,1.0782588187572513
5.9512562058880105,-1.0968332678852784,1.0791359303314547
5.952256248940588,-1.0957536463802129,1.0800143392662427
5.953256291993165,-1.0946731457786114,1.0808940481424807
5.954256335045743,-1.0935917647791846,1.0817750595442985
5.95525637809832,-1.0925095020780575,1.082657376059088
5.956256421150898,-1.0914263563687656,1.0835410002774994
5.957256464203475,-1.0903423263422523,1.0844259347934384
5.958256507256053,-1.0892574106868653,1.0853121822040626
5.95925655030863,-1.0881716080883534,1.086199745109778
5.9602565933612075,-1.0870849172298633,1.0870886261142354
5.9612566364137844,-1.0859973367919364,1.0879788278243272
5.962256679466362,-1.0849088654525052,1.0888703528501826
5.963256722518939,-1.0838195018868904,1.0897632038051648
5.964256765571517,-1.0827292447677979,1.0906573833058661
5.965256808624094,-1.0816380927653149,1.0915528939721046
5.966256851676672,-1.0805460445469075,1.0924497384269192
5.967256894729249,-1.0794530987774165,1.0933479192965654
5.968256937781827,-1.0783592541190552,1.0942474392105115
5.969256980834404,-1.0772645092314055,1.0951483008014329
5.970257023886981,-1.0761688627714148,1.0960505067052082
5.971257066939558,-1.0750723133933933,1.0969540595609146
5.972257109992136,-1.07397485974901,1.097858962010822
5.973257153044713,-1.07287650048729,1.0987652167003885
5.974257196097291,-1.0717772342546115,1.0996728262782558
5.975257239149868,-1.070677059694702,1.1005817933962427
5.976257282202446,-1.0695759754486356,1.1014921207093409
5.977257325255023,-1.0684739801548297,1.1024038108757082
5.978257368307601,-1.0673710724490422,1.103316866556664
5.9792574113601775,-1.0662672509643676,1.1042312904166829
5.980257454412755,-1.0651625143312342,1.105147085123389
5.981257497465332,-1.0640568611774013,1.10606425334755
5.98225754051791,-1.0629502901279553,1.1069827977630702
5.983257583570487,-1.0618427998053075,1.1079027210469856
5.984257626623065,-1.06073438882919,1.1088240258794564
5.985257669675642,-1.0596250558166538,1.1097467149437608
5.98625771272822,-1.058514799382064,1.1106707909262883
5.987257755780797,-1.0574036181370985,1.111596256516533
5.9882577988333745,-1.0562915106907433,1.1125231144070866
5.9892578418859514,-1.0551784756492908,1.1134513672936313
5.990257884938529,-1.0540645116163356,1.1143810178749327
5.991257927991106,-1.0529496171927721,1.1153120688528322
5.992257971043684,-1.0518337909767912,1.1162445229322397
5.993258014096261,-1.050717031563877,1.1171783828211261
5.994258057148839,-1.0495993375468042,1.1181136512305154
5.995258100201416,-1.048480707515635,1.1190503308744768
5.996258143253994,-1.0473611400577159,1.1199884244701168
5.997258186306571,-1.046240633757674,1.1209279347375707
5.9982582293591475,-1.0451191871974153,1.1218688643999948
5.999258272411725,-1.043996798956121,1.1228112161835573
6.000258315464302,-1.042873467610244,1.1237549928174304
6.00125835851688,-1.041749191733507,1.124700197033781
6.002258401569457,-1.0406239698968989,1.1256468315677624
6.003258444622035,-1.0394978006686713,1.126594899157504
6.004258487674612,-1.0383706826143362,1.1275444025441042
6.00525853072719,-1.0372426142966633,1.1284953444716186
6.006258573779767,-1.0361135942756765,1.1294477276870525
6.0072586168323445,-1.0349836211086512,1.13040155494035
6.0082586598849215,-1.0338526933501107,1.1313568289843856
6.009258702937499,-1.0327208095518245,1.1323135525749524
6.010258745990076,-1.0315879682628046,1.1332717284707532
6.011258789042654,-1.0304541680293025,1.1342313594333902
6.012258832095231,-1.0293194073948064,1.135192448227354
6.013258875147809,-1.0281836849000392,1.136154997620014
6.014258918200386,-1.027046999082954,1.1371190103816065
6.015258961252964,-1.0259093484787327,1.1380844892852242
6.016259004305541,-1.0247707316197823,1.139051437106806
6.0172590473581185,-1.0236311470357322,1.1400198566251243
6.018259090410695,-1.0224905932534318,1.1409897506217748
6.019259133463273,-1.0213490687969475,1.1419611218811643
6.02025917651585,-1.0202065721875593,1.1429339731904993
6.021259219568428,-1.0190631019437586,1.143908307339774
6.022259262621005,-1.0179186565812457,1.144884127121758
6.023259305673583,-1.0167732346129261,1.1458614353319847
6.02425934872616,-1.0156268345489086,1.1468402347687383
6.025259391778738,-1.0144794548965022,1.1478205282330414
6.0262594348313145,-1.0133310941602132,1.148802318528642
6.027259477883892,-1.0121817508417428,1.1497856084620015
6.028259520936469,-1.0110314234399842,1.1507704008422803
6.029259563989047,-1.0098801104510202,1.1517566984813257
6.030259607041624,-1.00872781036812,1.1527445041936575
6.031259650094202,-1.0075745216817371,1.153733820796455
6.032259693146779,-1.0064202428795062,1.1547246511095426
6.033259736199357,-1.0052649724462406,1.1557169979553767
6.034259779251934,-1.00410870886393,1.1567108641590307
6.0352598223045115,-1.0029514506117376,1.1577062525481807
6.0362598653570885,-1.0017931961659972,1.1587031659530913
6.037259908409666,-1.0006339440002112,1.1597016072066009
6.038259951462243,-0.9994736925850477,1.1607015791441058
6.039259994514821,-0.9983124403883379,1.1617030846035465
6.040260037567398,-0.9971501858750739,1.1627061264253915
6.041260080619976,-0.9959869275074057,1.1637107074526218
6.042260123672553,-0.994822663744639,1.1647168305307156
6.043260166725131,-0.9936573930432329,1.165724498507632
6.044260209777708,-0.9924911138567968,1.166733714233795
6.0452602528302855,-0.9913238246360886,1.1677444805620771
6.046260295882862,-0.990155523829012,1.168756800347783
6.047260338935439,-0.9889862098806138,1.169770676448633
6.048260381988017,-0.9878158812330821,1.170786111724746
6.049260425040594,-0.9866445363257432,1.1718031090386218
6.050260468093172,-0.98547217359506,1.1728216712551247
6.051260511145749,-0.984298791474629,1.1738418012414653
6.052260554198327,-0.9831243883951781,1.174863501867183
6.053260597250904,-0.9819489627845647,1.175886776004128
6.0542606403034815,-0.9807725130677727,1.1769116265264434
6.0552606833560585,-0.9795950376669108,1.1779380563105466
6.056260726408636,-0.9784165350012101,1.1789660682351102
6.057260769461213,-0.9772370034870216,1.1799956651810444
6.058260812513791,-0.9760564415378143,1.1810268500314767
6.059260855566368,-0.9748748475641729,1.1820596256717337
6.060260898618946,-0.9736922199737952,1.1830939949893209
6.061260941671523,-0.9725085571714908,1.184129960873903
6.062260984724101,-0.9713238575591779,1.185167526217285
6.063261027776678,-0.9701381195358824,1.1862066939133904
6.0642610708292555,-0.9689513414977343,1.1872474668582425
6.065261113881832,-0.967763521837967,1.1882898479499424
6.06626115693441,-0.9665746589469144,1.1893338400886495
6.067261199986987,-0.9653847512120092,1.190379446176559
6.068261243039565,-0.9641937970177805,1.1914266691178823
6.069261286092142,-0.9630017947458526,1.1924755118188235
6.07026132914472,-0.9618087427749419,1.1935259771875595
6.071261372197297,-0.9606146394808559,1.1945780681342166
6.072261415249875,-0.9594194832364907,1.195631787570849
6.073261458302452,-0.9582232724118294,1.1966871384114164
6.074261501355029,-0.9570260053739399,1.1977441235717605
6.075261544407606,-0.9558276804869734,1.198802745969583
6.076261587460184,-0.9546282961121623,1.1998630085244213
6.077261630512761,-0.9534278506078182,1.2009249141576264
6.078261673565339,-0.9522263423293307,1.2019884657923379
6.079261716617916,-0.9510237696291649,1.2030536663534603
6.080261759670494,-0.9498201308568602,1.2041205187676398
6.081261802723071,-0.9486154243590285,1.205189025963238
6.0822618457756485,-0.9474096484793519,1.206259190870309
6.0832618888282255,-0.946202801558582,1.2073310164205735
6.084261931880803,-0.9449948819345374,1.2084045055473929
6.08526197493338,-0.9437858879421025,1.2094796611857452
6.086262017985958,-0.9425758179132259,1.2105564862721983
6.087262061038535,-0.9413646701769185,1.2116349837448839
6.088262104091113,-0.9401524430592524,1.2127151565434717
6.08926214714369,-0.9389391348833589,1.2137970076091427
6.090262190196268,-0.9377247439694275,1.2148805398845617
6.091262233248845,-0.9365092686347041,1.2159657563138508
6.0922622763014225,-0.9352927071934894,1.217052659842562
6.093262319353999,-0.9340750579571382,1.218141253417649
6.094262362406577,-0.9328563192340571,1.21923153998744
6.095262405459154,-0.9316364893297038,1.220323522501609
6.096262448511731,-0.9304155665465853,1.2214172039111464
6.097262491564309,-0.9291935491842571,1.2225125871683322
6.098262534616886,-0.9279704355393216,1.2236096752267052
6.099262577669464,-0.9267462239054267,1.224708471041034
6.100262620722041,-0.9255209125732652,1.2258089775672882
6.101262663774619,-0.9242944998305728,1.226911197762607
6.1022627068271955,-0.9230669839621276,1.22801513458527
6.103262749879773,-0.9218383632497488,1.2291207909946658
6.10426279293235,-0.9206086359722953,1.2302281699512623
6.105262835984928,-0.919377800405665,1.2313372744165745
6.106262879037505,-0.9181458548227937,1.2324481073531335
6.107262922090083,-0.916912797493654,1.2335606717244543
6.10826296514266,-0.9156786266852542,1.2346749704950044
6.109263008195238,-0.914443340661638,1.2357910066301712
6.110263051247815,-0.9132069376838827,1.2369087830962286
6.1112630943003925,-0.911969416010099,1.2380283028603052
6.1122631373529694,-0.9107307738954298,1.2391495688903498
6.113263180405547,-0.9094910095920495,1.2402725841550983
6.114263223458124,-0.9082501213491635,1.2413973516240404
6.115263266510702,-0.907008107413007,1.242523874267384
6.116263309563279,-0.9057649660268445,1.2436521550560216
6.117263352615857,-0.9045206954309694,1.2447821969614947
6.118263395668434,-0.9032752938627028,1.2459140029559592
6.119263438721012,-0.9020287595563934,1.2470475760121496
6.120263481773589,-0.9007810907434168,1.2481829191033424
6.121263524826166,-0.8995322856521749,1.2493200352033214
6.122263567878743,-0.8982823425080954,1.2504589272863391
6.123263610931321,-0.8970312595336313,1.2515995983270818
6.124263653983898,-0.8957790349482608,1.2527420513006309
6.125263697036476,-0.8945256669684868,1.2538862891824256
6.126263740089053,-0.8932711538078361,1.2550323149482256
6.127263783141631,-0.8920154936768596,1.2561801315740722
6.128263826194208,-0.8907586847831321,1.2573297420362495
6.129263869246786,-0.8895007253312517,1.2584811493112462
6.1302639122993625,-0.8882416135228398,1.2596343563757155
6.13126395535194,-0.8869813475565411,1.2607893662064356
6.132263998404517,-0.8857199256280232,1.2619461817802697
6.133264041457095,-0.8844573459299766,1.263104806074126
6.134264084509672,-0.8831936066521151,1.2642652420649156
6.13526412756225,-0.8819287059811751,1.265427492729513
6.136264170614827,-0.8806626421009163,1.2665915610447138
6.137264213667405,-0.8793954131921213,1.2677574499871924
6.138264256719982,-0.8781270174325964,1.2689251625334605
6.1392642997725595,-0.8768574529971707,1.270094701659824
6.1402643428251364,-0.8755867180576975,1.2712660703423404
6.141264385877714,-0.874314810783054,1.2724392715567747
6.142264428930291,-0.8730417293391414,1.2736143082785565
6.143264471982869,-0.8717674718888858,1.274791183482735
6.144264515035446,-0.8704920365922383,1.275969900143935
6.145264558088023,-0.8692154216061754,1.2771504612363123
6.146264601140601,-0.8679376250846994,1.278332869733507
6.147264644193178,-0.8666586451788395,1.2795171286085996
6.148264687245756,-0.8653784800366517,1.2807032408340633
6.1492647302983325,-0.8640971278032199,1.2818912093817183
6.15026477335091,-0.8628145866206562,1.283081037222685
6.151264816403487,-0.861530854628102,1.2842727273273364
6.152264859456065,-0.8602459299617284,1.28546628266525
6.153264902508642,-0.8589598107547375,1.2866617062051606
6.15426494556122,-0.8576724951373627,1.287859000914911
6.155264988613797,-0.85638398123687,1.2890581697614025
6.156265031666375,-0.8550942671775589,1.2902592157105475
6.157265074718952,-0.8538033510807633,1.2914621417272176
6.1582651177715295,-0.8525112310648527,1.2926669507751947
6.1592651608241065,-0.8512179052452333,1.2938736458171194
6.160265203876684,-0.8499233717343491,1.2950822298144407
6.161265246929261,-0.848627628641683,1.296292705727364
6.162265289981839,-0.8473306740737583,1.2975050765148
6.163265333034416,-0.84603250613414,1.2987193451343109
6.164265376086994,-0.8447331229234362,1.2999355145420586
6.165265419139571,-0.843432522539299,1.3011535876927514
6.166265462192149,-0.8421307030764269,1.3023735675395898
6.167265505244726,-0.8408276626265656,1.3035954570342128
6.1682655482973034,-0.8395233992785098,1.3048192591266434
6.16926559134988,-0.8382179111181052,1.3060449767652331
6.170265634402458,-0.8369111962282494,1.3072726128966063
6.171265677455035,-0.8356032526888945,1.3085021704656052
6.172265720507613,-0.8342940785770484,1.3097336524152328
6.17326576356019,-0.8329836719667769,1.3109670616865954
6.174265806612768,-0.8316720309292055,1.3122024012188465
6.175265849665345,-0.8303591535325213,1.313439673949128
6.176265892717923,-0.8290450378419754,1.3146788828125127
6.1772659357704995,-0.8277296819198844,1.3159200307419445
6.178265978823077,-0.8264130838256334,1.3171631206681804
6.179266021875654,-0.8250952416156774,1.3184081555197296
6.180266064928232,-0.8237761533435439,1.319655138222794
6.181266107980809,-0.8224558170598354,1.320904071701207
6.182266151033387,-0.8211342308122316,1.3221549588763735
6.183266194085964,-0.819811392645492,1.3234078026672065
6.184266237138542,-0.818487300601458,1.324662605990066
6.185266280191119,-0.8171619527190563,1.325919371758696
6.1862663232436965,-0.8158353470343007,1.3271781028841614
6.1872663662962735,-0.8145074815802954,1.3284388022747846
6.188266409348851,-0.8131783543872373,1.3297014728360808
6.189266452401428,-0.8118479634824193,1.3309661174706935
6.190266495454006,-0.8105163068902329,1.3322327390783295
6.191266538506583,-0.8091833826321714,1.3335013405556926
6.192266581559161,-0.8078491887268325,1.3347719247964183
6.193266624611738,-0.8065137231899222,1.3360444946910057
6.194266667664315,-0.805176984034257,1.3373190531267516
6.195266710716893,-0.8038389692697677,1.3385956029876818
6.19626675376947,-0.8024996769035028,1.3398741471544828
6.197266796822047,-0.8011591049396315,1.3411546885044332
6.198266839874624,-0.7998172513794475,1.342437229911334
6.199266882927202,-0.7984741142213722,1.3437217742454388
6.200266925979779,-0.7971296914609585,1.3450083243733832
6.201266969032357,-0.7957839810908943,1.3462968831581137
6.202267012084934,-0.7944369811010065,1.3475874534588161
6.203267055137512,-0.7930886894782644,1.3488800381308432
6.204267098190089,-0.7917391042067838,1.3501746400256422
6.2052671412426665,-0.790388223267831,1.3514712619906817
6.2062671842952435,-0.7890360446398266,1.3527699068693768
6.207267227347821,-0.7876825662983499,1.354070577501016
6.208267270400398,-0.7863277862161427,1.3553732767206852
6.209267313452976,-0.784971702363114,1.3566780073591924
6.210267356505553,-0.7836143127063436,1.3579847722429919
6.211267399558131,-0.7822556152100874,1.359293574194107
6.212267442610708,-0.7808956078357809,1.360604416030053
6.213267485663286,-0.7795342885420449,1.3619173005637593
6.214267528715863,-0.7781716552846888,1.3632322306034903
6.2152675717684405,-0.7768077060167164,1.3645492089527675
6.216267614821017,-0.7754424386883302,1.3658682384102887
6.217267657873595,-0.7740758512469362,1.367189321769848
6.218267700926172,-0.7727079416371492,1.3685124618202553
6.21926774397875,-0.7713387078007973,1.369837661345254
6.220267787031327,-0.7699681476769275,1.3711649231234397
6.221267830083905,-0.7685962592018106,1.3724942499281767
6.222267873136482,-0.7672230403089467,1.3738256445275152
6.22326791618906,-0.7658484889290703,1.375159109684107
6.224267959241637,-0.764472602990156,1.3764946481551208
6.225268002294214,-0.7630953804174235,1.3778322626921575
6.226268045346791,-0.7617168191333442,1.3791719560411637
6.227268088399369,-0.7603369170576458,1.3805137309423452
6.228268131451946,-0.7589556721073188,1.3818575901300805
6.229268174504524,-0.7575730821966222,1.3832035363328319
6.230268217557101,-0.7561891452370894,1.3845515722730584
6.231268260609679,-0.754803859137534,1.385901700667125
6.232268303662256,-0.7534172218040566,1.3872539242252147
6.2332683467148335,-0.7520292311400503,1.3886082456512365
6.2342683897674105,-0.7506398850462075,1.3899646676427353
6.235268432819988,-0.7492491814205262,1.3913231928907994
6.236268475872565,-0.7478571181583163,1.392683824079969
6.237268518925143,-0.7464636931522067,1.3940465638881423
6.23826856197772,-0.7450689042921512,1.395411414986482
6.239268605030298,-0.743672749465436,1.3967783800393208
6.240268648082875,-0.7422752265566863,1.3981474617040663
6.241268691135453,-0.7408763334478731,1.3995186626311056
6.24226873418803,-0.7394760680183207,1.4008919854637074
6.243268777240607,-0.7380744281447134,1.4022674328379265
6.244268820293184,-0.7366714117011031,1.4036450073825049
6.245268863345761,-0.7352670165589166,1.4050247117187729
6.246268906398339,-0.7338612405869628,1.4064065484605506
6.247268949450916,-0.7324540816514407,1.4077905202140473
6.248268992503494,-0.7310455376159466,1.4091766295777608
6.249269035556071,-0.7296356063414823,1.4105648791423762
6.250269078608649,-0.7282242856864626,1.411955271490663
6.251269121661226,-0.7268115735067234,1.4133478091973728
6.252269164713804,-0.72539746765553,1.4147424948291356
6.2532692077663805,-0.7239819659835849,1.416139330944355
6.254269250818958,-0.7225650663390362,1.4175383200931033
6.255269293871535,-0.7211467665674861,1.4189394648170155
6.256269336924113,-0.7197270645119994,1.4203427676491829
6.25726937997669,-0.7183059580131119,1.421748231114045
6.258269423029268,-0.7168834449088393,1.4231558577272825
6.259269466081845,-0.7154595230346857,1.4245656499957073
6.260269509134423,-0.7140341902236532,1.4259776104171533
6.261269552187,-0.7126074443062501,1.427391741480366
6.2622695952395775,-0.7111792831105006,1.4288080456648913
6.263269638292154,-0.709749704461954,1.4302265254409627
6.264269681344732,-0.7083187061836936,1.4316471832693902
6.265269724397309,-0.706886286096347,1.4330700216014451
6.266269767449887,-0.7054524420180949,1.4344950428787464
6.267269810502464,-0.7040171717646813,1.4359222495331456
6.268269853555042,-0.7025804731494232,1.4373516439866105
6.269269896607619,-0.7011423439832204,1.438783228651109
6.270269939660197,-0.6997027820745658,1.4402170059284911
6.271269982712774,-0.6982617852295554,1.4416529782103704
6.272270025765351,-0.6968193512518986,1.4430911478780055
6.273270068817928,-0.6953754779429289,1.4445315173021793
6.274270111870506,-0.6939301631016138,1.445974088843079
6.275270154923083,-0.6924834045245662,1.4474188648501736
6.276270197975661,-0.6910352000060548,1.4488658476620924
6.277270241028238,-0.6895855473380147,1.4503150396065005
6.278270284080816,-0.6881344443100592,1.451766442999976
6.279270327133393,-0.6866818887094904,1.4532200601478835
6.280270370185971,-0.6852278783213105,1.4546758933442498
6.2812704132385475,-0.6837724109282334,1.4561339448716362
6.282270456291125,-0.6823154843106959,1.457594217001011
6.283270499343702,-0.6808570962468699,1.4590567119916218
6.28427054239628,-0.6793972445126737,1.4605214320908655
6.285270585448857,-0.6779359268817841,1.4619883795341584
6.286270628501435,-0.6764731411256484,1.4634575565448054
6.287270671554012,-0.6750088850134968,1.4649289653338677
6.28827071460659,-0.6735431563123542,1.4664026081000305
6.289270757659167,-0.6720759527870532,1.4678784870294688
6.2902708007117445,-0.6706072722002464,1.469356604295713
6.291270843764321,-0.6691371123124191,1.4708369620595139
6.292270886816898,-0.6676654708819023,1.4723195624687058
6.293270929869476,-0.6661923456648855,1.4738044076580696
6.294270972922053,-0.6647177344154299,1.4752914997491946
6.295271015974631,-0.6632416348854818,1.476780840850339
6.296271059027208,-0.6617640448248857,1.47827243305629
6.297271102079786,-0.6602849619813981,1.4797662784482237
6.298271145132363,-0.6588043841007011,1.4812623790935624
6.299271188184941,-0.6573223089264163,1.4827607370458318
6.3002712312375175,-0.6558387342001186,1.484261354344518
6.301271274290095,-0.6543536576613505,1.485764233014922
6.302271317342672,-0.652867077047636,1.4872693750680148
6.30327136039525,-0.6513789900944956,1.4887767825002902
6.304271403447827,-0.6498893945354605,1.490286457293618
6.305271446500405,-0.6483982881020869,1.4917984014150951
6.306271489552982,-0.6469056685239718,1.493312616816896
6.30727153260556,-0.6454115335287672,1.4948291054361225
6.308271575658137,-0.6439158808421955,1.4963478691946523
6.3092716187107145,-0.6424187081880649,1.4978689099989875
6.3102716617632915,-0.6409200132882847,1.4993922297400994
6.311271704815869,-0.6394197938628811,1.5009178302932764
6.312271747868446,-0.6379180476300126,1.5024457135179667
6.313271790921024,-0.6364147723059864,1.5039758812576236
6.314271833973601,-0.6349099656052742,1.505508335339547
6.315271877026179,-0.6334036252405284,1.507043077574726
6.316271920078756,-0.6318957489225984,1.508580109757679
6.317271963131334,-0.6303863343605476,1.5101194336662935
6.318272006183911,-0.6288753792616696,1.5116610510616653
6.319272049236488,-0.6273628813315054,1.5132049636879352
6.320272092289065,-0.6258488382738604,1.5147511732721264
6.321272135341643,-0.6243332477908212,1.5162996815239793
6.32227217839422,-0.6228161075827737,1.5178504901357872
6.323272221446798,-0.6212974153484201,1.5194036007822287
6.324272264499375,-0.6197771687847966,1.5209590151202004
6.325272307551953,-0.6182553655872915,1.5225167347886488
6.32627235060453,-0.6167320034496632,1.5240767614084003
6.327272393657108,-0.615207080064058,1.5256390965819904
6.3282724367096845,-0.6136805931210293,1.5272037418934916
6.329272479762262,-0.6121525403095553,1.5287706989083418
6.330272522814839,-0.6106229193170583,1.5303399691731692
6.331272565867417,-0.6090917278294231,1.5319115542156172
6.332272608919994,-0.6075589635310167,1.5334854555441695
6.333272651972572,-0.606024624104707,1.5350616746479715
6.334272695025149,-0.6044887072318825,1.5366402129966534
6.335272738077727,-0.6029512105924719,1.53822107204015
6.336272781130304,-0.6014121318649637,1.5398042532085197
6.3372728241828815,-0.5998714687264262,1.5413897579117646
6.3382728672354585,-0.598329218852528,1.5429775875396465
6.339272910288036,-0.596785379917558,1.5445677434615035
6.340272953340613,-0.5952399495944458,1.546160227026065
6.34127299639319,-0.5936929255547829,1.5477550395612658
6.342273039445768,-0.5921443054688431,1.5493521823740586
6.343273082498345,-0.5905940870056038,1.5509516567502262
6.344273125550923,-0.5890422678327671,1.5525534639541916
6.3452731686035,-0.5874888456167817,1.5541576052288277
6.346273211656078,-0.5859338180228639,1.5557640817952656
6.3472732547086546,-0.58437718271502,1.5573728948527013
6.348273297761232,-0.5828189373560679,1.558984045578202
6.349273340813809,-0.5812590796076597,1.5605975351265111
6.350273383866387,-0.5796976071303037,1.562213364629851
6.351273426918964,-0.5781345175833877,1.5638315351977268
6.352273469971542,-0.576569808625201,1.565452047916726
6.353273513024119,-0.575003477912958,1.56707490385032
6.354273556076697,-0.5734355231028211,1.5687001040386623
6.355273599129274,-0.5718659418499243,1.5703276494983867
6.3562736421818515,-0.570294731808397,1.5719575412224027
6.3572736852344285,-0.5687218906313871,1.5735897801796925
6.358273728287006,-0.567147415971086,1.5752243673151036
6.359273771339583,-0.5655713054787521,1.5768613035491426
6.360273814392161,-0.5639935568047356,1.5785005897777666
6.361273857444738,-0.562414167598503,1.5801422268721739
6.362273900497316,-0.5608331355086622,1.5817862156785927
6.363273943549893,-0.5592504581829872,1.5834325570180696
6.364273986602471,-0.5576661332684437,1.5850812516862565
6.365274029655048,-0.5560801584112145,1.586732300453196
6.3662740727076255,-0.5544925312567253,1.588385704063105
6.367274115760202,-0.5529032494496703,1.5900414632341595
6.36827415881278,-0.5513123106340388,1.5916995786582744
6.369274201865357,-0.5497197124531416,1.5933600510008856
6.370274244917935,-0.5481254525496367,1.5950228809007287
6.371274287970512,-0.5465295285655576,1.5966880689696168
6.37227433102309,-0.5449319381423389,1.598355615792218
6.373274374075667,-0.5433326789208444,1.6000255219258304
6.374274417128245,-0.5417317485413943,1.601697787900156
6.375274460180822,-0.540129144643793,1.6033724142170744
6.376274503233399,-0.5385248648673572,1.6050494013504144
6.377274546285976,-0.5369189068509436,1.6067287497457239
6.378274589338554,-0.5353112682329776,1.608410459820039
6.379274632391131,-0.533701946651482,1.6100945319616524
6.380274675443709,-0.5320909397441056,1.6117809665298792
6.381274718496286,-0.5304782451481528,1.6134697638548223
6.382274761548864,-0.5288638605006122,1.6151609242371368
6.383274804601441,-0.5272477834381868,1.6168544479477913
6.3842748476540185,-0.5256300115973235,1.6185503352278305
6.3852748907065955,-0.5240105426142431,1.6202485862881342
6.386274933759173,-0.5223893741249708,1.6219492013091763
6.38727497681175,-0.5207665037653666,1.623652180440782
6.388275019864327,-0.5191419291711562,1.6253575238018834
6.389275062916905,-0.5175156479779617,1.6270652314802743
6.390275105969482,-0.5158876578213332,1.6287753035323638
6.39127514902206,-0.5142579563367802,1.6304877399829274
6.392275192074637,-0.5126265411598033,1.632202540824858
6.393275235127215,-0.5109934099259263,1.6339197060189148
6.394275278179792,-0.5093585602707285,1.6356392354934717
6.395275321232369,-0.5077219898298768,1.637361129144263
6.396275364284946,-0.5060836962391592,1.6390853868341286
6.397275407337524,-0.5044436771345171,1.6408120083927584
6.398275450390101,-0.5028019301520791,1.6425409936164337
6.399275493442679,-0.5011584529281943,1.6442723422677683
6.400275536495256,-0.499513243099466,1.6460060540754489
6.401275579547834,-0.4978662983027861,1.6477421287339717
6.402275622600411,-0.49621761617536914,1.649480565903381
6.403275665652989,-0.4945671943547869,1.6512213652090033
6.4042757087055655,-0.4929150304790034,1.6529645262411814
6.405275751758143,-0.49126112218641,1.6547100485550075
6.40627579481072,-0.48960546711586056,1.6564579316700538
6.407275837863298,-0.4879480629067074,1.6582081750701028
6.408275880915875,-0.486288907198837,1.6599607782028751
6.409275923968453,-0.4846279976327063,1.6617157404797567
6.41027596702103,-0.48296533184937923,1.6634730612755242
6.411276010073608,-0.48130090749056337,1.665232739928069
6.412276053126185,-0.4796347221986469,1.6669947757381203
6.4132760961787625,-0.4779667736167361,1.6687591679689655
6.414276139231339,-0.4762970593886929,1.6705259158461705
6.415276182283917,-0.4746255771591724,1.6722950185572982
6.416276225336494,-0.4729523245736616,1.674066475251625
6.417276268389072,-0.47127729927851736,1.6758402850398564
6.418276311441649,-0.4696004989210053,1.677616446993841
6.419276354494227,-0.46792192114933884,1.679394960146283
6.420276397546804,-0.46624156361271835,1.6811758234904532
6.421276440599382,-0.46455942396137084,1.6829590359798992
6.422276483651959,-0.4628754998465899,1.6847445965281522
6.423276526704536,-0.4611897889207755,1.6865325040084356
6.424276569757113,-0.459502288837475,1.6883227572533686
6.425276612809691,-0.45781299725142355,1.6901153550546708
6.426276655862268,-0.4561219118185851,1.6919102961628645
6.427276698914846,-0.45442903019619385,1.693707579286975
6.428276741967423,-0.4527343500427961,1.69550720309423
6.429276785020001,-0.4510378690182918,1.6973091662097586
6.430276828072578,-0.4493395847839771,1.6991134672162858
6.431276871125156,-0.4476394950025868,1.700920104653829
6.4322769141777325,-0.44593759733833727,1.7027290770193904
6.43327695723031,-0.44423388945696946,1.7045403827666494
6.434277000282887,-0.4425283690257926,1.7063540203056529
6.435277043335465,-0.44082103371372794,1.708169988002504
6.436277086388042,-0.43911188119135264,1.70998828417905
6.437277129440619,-0.4374009091309444,1.7118089071125668
6.438277172493197,-0.4356881152065263,1.713631855035446
6.439277215545774,-0.4339734970939114,1.7154571261348748
6.440277258598352,-0.43225705247074864,1.7172847185525195
6.441277301650929,-0.4305387790165681,1.7191146303842046
6.442277344703506,-0.4288186744128273,1.7209468596795912
6.443277387756083,-0.4270967363429572,1.722781404441854
6.444277430808661,-0.4253729624924093,1.724618262627356
6.445277473861238,-0.42364735054870223,1.7264574321453239
6.446277516913816,-0.4219198982014692,1.7282989108575184
6.447277559966393,-0.4201906031425056,1.7301426965779068
6.448277603018971,-0.4184594630658171,1.7319887870723305
6.449277646071548,-0.4167264756676677,1.7338371800581747
6.450277689124126,-0.41499163864662847,1.7356878732040328
6.4512777321767025,-0.41325494970362664,1.7375408641293724
6.45227777522928,-0.41151640654199473,1.7393961504041975
6.453277818281857,-0.4097760068675202,1.7412537295487112
6.454277861334435,-0.40803374838849543,1.7431135990329745
6.455277904387012,-0.4062896288157682,1.744975756276566
6.45627794743959,-0.404543645862792,1.7468401986482383
6.457277990492167,-0.4027957972456775,1.7487069234655739
6.458278033544745,-0.4010460806832434,1.7505759279946387
6.459278076597322,-0.39929449389706845,1.752447209449635
6.4602781196498995,-0.3975410346115434,1.7543207649925523
6.4612781627024765,-0.39578570055392337,1.756196591732816
6.462278205755054,-0.3940284894543806,1.758074686726936
6.463278248807631,-0.3922693990460577,1.7599550469781526
6.464278291860209,-0.3905084270651206,1.7618376694360818
6.465278334912786,-0.38874557125081316,1.7637225509963577
6.466278377965364,-0.3869808293455105,1.7656096885002748
6.467278421017941,-0.38521419909477406,1.767499078734428
6.468278464070519,-0.3834456782474064,1.7693907184303512
6.469278507123096,-0.3816752645555062,1.7712846042641543
6.470278550175673,-0.3799029557745242,1.7731807328561588
6.47127859322825,-0.3781287496633189,1.775079100770532
6.472278636280828,-0.37635264398421303,1.776979704514919
6.473278679333405,-0.3745746365030503,1.7788825405400739
6.474278722385983,-0.37279472498925237,1.7807876052394895
6.47527876543856,-0.3710129072158764,1.782694894949025
6.476278808491138,-0.36922918095967266,1.7846044059465322
6.477278851543715,-0.3674435440011431,1.78651613445148
6.478278894596293,-0.36565599412459965,1.7884300766245782
6.4792789376488695,-0.36386652911822315,1.7903462285673994
6.480278980701447,-0.36207514677412284,1.7922645863219986
6.481279023754024,-0.360281844888396,1.7941851458705322
6.482279066806602,-0.35848662126118797,1.7961079031348754
6.483279109859179,-0.35668947369675275,1.7980328539762374
6.484279152911757,-0.3548904000035138,1.7999599941947757
6.485279195964334,-0.3530893979941253,1.801889319529209
6.486279239016911,-0.35128646548553377,1.8038208256564277
6.487279282069489,-0.34948160029904,1.8057545081911044
6.488279325122066,-0.3476748002603618,1.8076903626853007
6.4892793681746435,-0.3458660631996963,1.809628384628075
6.49027941122722,-0.34405538695178367,1.8115685694450867
6.491279454279798,-0.34224276935597037,1.8135109124982
6.492279497332375,-0.3404282082562733,1.8154554090850863
6.493279540384953,-0.3386117015014441,1.8174020544388239
6.49427958343753,-0.33679324694503404,1.8193508437274977
6.495279626490108,-0.33497284244545916,1.821301772053797
6.496279669542685,-0.33315048586606594,1.8232548344546105
6.497279712595263,-0.3313261750751972,1.8252100259006219
6.4982797556478396,-0.3294999079462586,1.8271673412959026
6.499279798700417,-0.32767168235778543,1.8291267754775031
6.500279841752994,-0.32584149619350977,1.8310883232150437
6.501279884805572,-0.32400934734242826,1.8330519792103024
6.502279927858149,-0.3221752336988701,1.8350177380968027
6.503279970910727,-0.3203391531625654,1.8369855944393991
6.504280013963304,-0.31850110363871426,1.8389555427338615
6.505280057015882,-0.31666108303805596,1.8409275774064577
6.506280100068459,-0.3148190892769386,1.8429016928135353
6.5072801431210365,-0.31297512027738933,1.844877883241101
6.5082801861736135,-0.311129173967185,1.8468561429043995
6.509280229226191,-0.30928124827992287,1.8488364659474905
6.510280272278768,-0.30743134115509224,1.8508188464428244
6.511280315331346,-0.3055794505381462,1.8528032783908162
6.512280358383923,-0.3037255743805739,1.8547897557194182
6.513280401436501,-0.30186971063997314,1.856778272283692
6.514280444489078,-0.3000118572801236,1.8587688218653784
6.515280487541656,-0.29815201227106025,1.8607613981724647
6.516280530594233,-0.29629017358914755,1.8627559948387535
6.5172805736468105,-0.2944263392171536,1.8647526054234278
6.518280616699387,-0.2925605071443252,1.866751223410615
6.519280659751965,-0.2906926753664628,1.8687518422089504
6.520280702804542,-0.2888228418859966,1.8707544551511393
6.52128074585712,-0.28695100471206253,1.872759055493516
6.522280788909697,-0.28507716186057874,1.8747656364156045
6.523280831962275,-0.28320131135432286,1.8767741910196742
6.524280875014852,-0.2813234512230093,1.8787847123302979
6.52528091806743,-0.2794435795033672,1.8807971932939052
6.5262809611200066,-0.2775616942392189,1.8828116267783375
6.527281004172584,-0.27567779348155863,1.8848280055723994
6.528281047225161,-0.2737918752886319,1.8868463223854102
6.529281090277739,-0.2719039377260151,1.8888665698467533
6.530281133330316,-0.27001397886669576,1.8908887405054247
6.531281176382894,-0.26812199679115306,1.8929128268295803
6.532281219435471,-0.266227989587439,1.8949388212060814
6.533281262488049,-0.26433195535125975,1.8969667159400398
6.534281305540626,-0.262433892186058,1.8989965032543612
6.535281348593203,-0.260533798203095,1.9010281752892866
6.5362813916457805,-0.2586316715215337,1.9030617241019339
6.537281434698357,-0.25672751026852203,1.9050971416658373
6.538281477750935,-0.2548213125792766,1.9071344198704863
6.539281520803512,-0.2529130765971672,1.9091735505208618
6.54028156385609,-0.25100280047380147,1.9112145253369737
6.541281606908667,-0.24909048236911002,1.9132573359533946
6.542281649961245,-0.24717612045143217,1.9153019739187942
6.543281693013822,-0.24525971289760207,1.9173484306954716
6.5442817360664,-0.24334125789303535,1.9193966976588868
6.545281779118977,-0.24142075363181614,1.9214467660971914
6.546281822171554,-0.23949819831678468,1.9234986272107575
6.547281865224131,-0.23757359015962526,1.9255522721117058
6.548281908276709,-0.2356469273809548,1.9276076918234326
6.549281951329286,-0.23371820821041175,1.929664877280136
6.550281994381864,-0.23178743088674558,1.9317238193263402
6.551282037434441,-0.22985459365790661,1.9337845087164205
6.552282080487019,-0.2279196947811365,1.9358469361141248
6.553282123539596,-0.22598273252305906,1.937911092092096
6.5542821665921736,-0.22404370515977165,1.939976967131393
6.5552822096447505,-0.22210261097693695,1.9420445516210094
6.556282252697328,-0.22015944826987527,1.944113835857394
6.557282295749905,-0.21821421534365743,1.9461848100439667
6.558282338802483,-0.21626691051319788,1.9482574642906372
6.55928238185506,-0.21431753210334864,1.9503317886133194
6.560282424907638,-0.21236607844899338,1.9524077729334472
6.561282467960215,-0.21041254789514224,1.9544854070774889
6.562282511012793,-0.20845693879702704,1.9565646807764594
6.56328255406537,-0.20649924952019688,1.9586455836654335
6.5642825971179475,-0.20453947844061451,1.960728105283057
6.565282640170524,-0.20257762394475284,1.9628122350710573
6.566282683223102,-0.2006136844296922,1.9648979623737535
6.567282726275679,-0.19864765830321796,1.9669852764375653
6.568282769328257,-0.19667954398391865,1.9690741664105211
6.569282812380834,-0.19470933990128472,1.971164621341766
6.570282855433412,-0.19273704449580756,1.9732566301810675
6.571282898485989,-0.19076265621907915,1.9753501817783228
6.572282941538567,-0.1887861735338922,1.9774452648830632
6.573282984591144,-0.1868075949143408,1.9795418681439587
6.574283027643721,-0.18482691884592142,1.9816399801083229
6.575283070696298,-0.1828441438256347,1.983739589221615
6.576283113748876,-0.18085926836208735,1.9858406838269433
6.577283156801453,-0.17887229097559496,1.987943252164567
6.578283199854031,-0.17688321019828493,1.9900472823713975
6.579283242906608,-0.1748920245742002,1.9921527624804996
6.580283285959186,-0.1728987326594032,1.994259680420591
6.581283329011763,-0.17090333302208066,1.9963680240155435
6.5822833720643406,-0.16890582424264852,1.998477780983881
6.5832834151169175,-0.16690620491385763,2.0005889389382787
6.5842834581694945,-0.16490447364089983,2.0027014853850624
6.585283501222072,-0.1629006290415146,2.0048154077237044
6.586283544274649,-0.16089466974609604,2.006930693246323
6.587283587327227,-0.15888659439780065,2.009047329137178
6.588283630379804,-0.15687640165265535,2.011165302472169
6.589283673432382,-0.15486409017966607,2.0132846002183307
6.590283716484959,-0.15284965866092695,2.0154052092333283
6.591283759537537,-0.1508331057917299,2.0175271162649553
6.592283802590114,-0.14881443028067476,2.0196503079506276
6.593283845642691,-0.14679363084977995,2.0217747708168785
6.594283888695268,-0.1447707062345936,2.023900491278855
6.595283931747846,-0.14274565518430513,2.0260274556398117
6.596283974800423,-0.1407184764618575,2.028155650090605
6.597284017853001,-0.1386891688440598,2.030285060709189
6.598284060905578,-0.13665773112170043,2.032415673460109
6.599284103958156,-0.1346241620996608,2.034547474193996
6.600284147010733,-0.13258846059702944,2.036680448647061
6.601284190063311,-0.1305506254472167,2.038814582440589
6.6022842331158875,-0.12851065549806995,2.0409498610804344
6.603284276168465,-0.12646854961198925,2.0430862699565133
6.604284319221042,-0.12442430666604357,2.0452237943422995
6.60528436227362,-0.12237792555208746,2.0473624193943176
6.606284405326197,-0.12032940517687829,2.0495021301516387
6.607284448378775,-0.11827874446219393,2.051642911535375
6.608284491431352,-0.11622594234495097,2.053784748348173
6.60928453448393,-0.11417099777732347,2.0559276252737106
6.610284577536507,-0.11211390972686217,2.0580715268761915
6.6112846205890845,-0.1100546771766142,2.0602164375998404
6.6122846636416615,-0.10799329912524336,2.062362341768399
6.613284706694239,-0.10592977458715083,2.0645092235846234
6.614284749746816,-0.10386410259259643,2.0666570671297784
6.615284792799394,-0.10179628218782033,2.0688058563631366
6.616284835851971,-0.09972631243516535,2.0709555751214745
6.617284878904549,-0.09765419241319967,2.073106207118571
6.618284921957126,-0.09557992121684013,2.075257735944705
6.619284965009704,-0.09350349795747594,2.0774101450661546
6.620285008062281,-0.09142492176309296,2.079563417824698
6.621285051114858,-0.08934419177839843,2.08171753743711
6.622285094167435,-0.0872613071649463,2.0838724869946676
6.623285137220013,-0.08517626710126289,2.086028249462647
6.62428518027259,-0.08308907078297317,2.088184807679828
6.625285223325168,-0.0809997174229276,2.0903421443579955
6.626285266377745,-0.07890820625132922,2.0925002420814454
6.627285309430323,-0.07681453651586154,2.0946590833064858
6.6282853524829,-0.07471870748181669,2.0968186503609454
6.629285395535478,-0.0726207184322242,2.098978925443678
6.6302854385880545,-0.0705205686679802,2.1011398906240695
6.631285481640632,-0.06841825750797714,2.103301527841547
6.632285524693209,-0.06631378428923401,2.105463818905088
6.633285567745786,-0.06420714836702704,2.1076267454927295
6.634285610798364,-0.062098349115020886,2.10979028915108
6.635285653850941,-0.059987385925400316,2.1119544312948317
6.636285696903519,-0.05787425820900236,2.1141191532062757
6.637285739956096,-0.05575896539544899,2.1162844360348143
6.638285783008674,-0.0536415069332802,2.1184502607964784
6.639285826061251,-0.051521882290087695,2.1206166083734455
6.6402858691138285,-0.04940009095264894,2.122783459513558
6.641285912166405,-0.04727613242706175,2.1249507948298425
6.642285955218983,-0.04515000623887938,2.1271185948000335
6.64328599827156,-0.04302171193324601,2.1292868397660945
6.644286041324138,-0.040891249075032825,2.131455509933743
6.645286084376715,-0.038758617248974434,2.133624585371978
6.646286127429293,-0.03662381605980588,2.1357940460126073
6.64728617048187,-0.03448684513240005,2.137963871649775
6.648286213534448,-0.0323477041119056,2.1401340419394965
6.6492862565870245,-0.0302063926638853,2.1423045363991884
6.650286299639602,-0.028062910474454878,2.144475334407204
6.651286342692179,-0.02591725725042233,2.1466464152023708
6.652286385744757,-0.023769432719427677,2.1488177578835277
6.653286428797334,-0.021619436630083182,2.1509893414090673
6.654286471849912,-0.019467268752114048,2.1531611445964765
6.655286514902489,-0.017312928876499545,2.1553331461218823
6.656286557955067,-0.015156416815614604,2.1575053245195983
6.657286601007644,-0.012997732403371869,2.159677658181672
6.6582866440602215,-0.010836875495364183,2.1618501253574385
6.6592866871127985,-0.008673845969007544,2.1640227041530706
6.660286730165376,-0.006508643723684484,2.166195372531137
6.661286773217953,-0.004341268680887904,2.1683681083101596
6.662286816270531,-0.002171720784365352,2.1705408891641715
6.663286859323108,-2.63730443733623e-13,2.1727136926222834
