label,t,y1,y2
near the origin,0.0,0.05,0.0
near the origin,0.1,0.04974169271942544,-0.005249123787232031
near the origin,0.2,0.04893365243869329,-0.010993751649035446
near the origin,0.3,0.04752669358581388,-0.01722564821654289
near the origin,0.4,0.04547274339018807,-0.02393071627845361
near the origin,0.5,0.042725450975624586,-0.031088539169731838
near the origin,0.6,0.039240842050435494,-0.038671926373992326
near the origin,0.7000000000000001,0.03497801889934164,-0.0466464617717961
near the origin,0.8,0.02989990544487867,-0.054970053925434116
near the origin,0.9,0.023974037185210375,-0.0635924883408408
near the origin,1.0,0.01717339576133886,-0.07245498299441869
near the origin,1.1,0.009477287669744388,-0.0814897507584221
near the origin,1.2,0.0008722661074715589,-0.09061957587998576
near the origin,1.3,-0.008646906008746813,-0.09975741649017036
near the origin,1.4000000000000001,-0.019076255302278675,-0.10880605127714242
near the origin,1.5,-0.030401565102156226,-0.11765779585830688
near the origin,1.6,-0.04259731910694396,-0.1261943227576964
near the origin,1.7,-0.05562563397096544,-0.13428662773507408
near the origin,1.8,-0.06943519794470528,-0.1417951937427764
near the origin,1.9000000000000001,-0.0839602382023562,-0.14857041091663356
near the origin,2.0,-0.09911954557659929,-0.15445331533873116
near the origin,2.1,-0.1148155917326362,-0.15927670918106376
near the origin,2.2,-0.13093377981460202,-0.16286671844940592
near the origin,2.3000000000000003,-0.14734187457357334,-0.16504483016948193
near the origin,2.4,-0.16388966106698682,-0.16563042715454857
near the origin,2.5,-0.1804088812359986,-0.16444380491659744
near the origin,2.6,-0.1967134940549814,-0.1613096125201333
near the origin,2.7,-0.21260029668888877,-0.15606060956112863
near the origin,2.8000000000000003,-0.22784993069988496,-0.1485415792221449
near the origin,2.9,-0.24222827884429693,-0.1386131886274733
near the origin,3.0,-0.2554882351149278,-0.12615555008277754
near the origin,3.1,-0.26737180492976304,-0.11107121841601887
near the origin,3.2,-0.27761246606149215,-0.0932873680799826
near the origin,3.3000000000000003,-0.2859376970207575,-0.07275693440109851
near the origin,3.4,-0.2920715615158697,-0.04945857848460708
near the origin,3.5,-0.295737228689232,-0.0233954428341549
near the origin,3.6,-0.2966593120499948,0.005407201252612441
near the origin,3.7,-0.29456592760358397,0.03690516183705498
near the origin,3.8000000000000003,-0.2891904048929777,0.0710389778931262
near the origin,3.9,-0.28027263386396717,0.10773744305801979
near the origin,4.0,-0.2675600953339553,0.14692027644192357
near the origin,4.1,-0.25080870282420253,0.18849906669080432
near the origin,4.2,-0.22978367823564616,0.23237546863660163
near the origin,4.3,-0.2042607933207896,0.27843548345250274
near the origin,4.4,-0.17402843318841965,0.32653850722094946
near the origin,4.5,-0.13889107600612016,0.37649971216493794
near the origin,4.6000000000000005,-0.09867492954607579,0.4280642882879058
near the origin,4.7,-0.05323660658696348,0.48087223751857194
near the origin,4.8,-0.0024758281856810485,0.5344129765879805
near the origin,4.9,0.05364683756246181,0.5879702665535106
near the origin,5.0,0.11508635182135299,0.6405603282619201
near the origin,5.1000000000000005,0.18168330939881952,0.6908698011633971
near the origin,5.2,0.25312830731617897,0.7372056020489872
near the origin,5.3,0.32892263965745394,0.7774752306029632
near the origin,5.4,0.40833954435249203,0.8092219046615619
near the origin,5.5,0.49039280547919084,0.8297406371417829
near the origin,5.6000000000000005,0.5738218593308441,0.8362941087459861
near the origin,5.7,0.6571035278546494,0.8264265512190687
near the origin,5.8,0.7384987141886108,0.7983398274847749
near the origin,5.9,0.8161368541143935,0.75125720353033
near the origin,6.0,0.8881320023979513,0.6856750749105369
near the origin,6.1000000000000005,0.9527145342315199,0.6034112736787903
near the origin,6.2,1.008355475573812,0.5074083839103234
near the origin,6.3,1.0538600145352968,0.40132617958242756
near the origin,6.4,1.088413744435189,0.28902447221385424
near the origin,6.5,1.111577058280063,0.17406399407737808
near the origin,6.6000000000000005,1.1232350772940274,0.05932947466231191
near the origin,6.7,1.123518292675107,-0.05317615878241043
near the origin,6.8,1.1127110326655454,-0.162374757025893
near the origin,6.9,1.0911619674047202,-0.2680384292228745
near the origin,7.0,1.0592055839201366,-0.3706537454399001
near the origin,7.1000000000000005,1.0170982530521149,-0.4712723028395323
near the origin,7.2,0.9649685831429998,-0.5713778941933576
near the origin,7.3,0.902779652618278,-0.6727824046831425
near the origin,7.4,0.8303002960234122,-0.7775471672793691
near the origin,7.5,0.7470836148871183,-0.8879132717636788
near the origin,7.6000000000000005,0.6524532164431749,-1.0062102241355952
near the origin,7.7,0.5455016408943563,-1.1346931962452358
near the origin,7.8,0.42511173640955213,-1.2752309209723427
near the origin,7.9,0.29002136009278146,-1.4287286129810892
near the origin,8.0,0.1389652414178863,-1.5941350322544139
near the origin,8.1,-0.029056914442771847,-1.7668939951303027
near the origin,8.2,-0.21432932652976036,-1.9368652750064843
near the origin,8.3,-0.41575306294761366,-2.0862372318280675
near the origin,8.4,-0.6300262894772107,-2.1889024463719906
near the origin,8.5,-0.8509359545194746,-2.213759237794777
near the origin,8.6,-1.0692676115590052,-2.133889885257417
near the origin,8.700000000000001,-1.2738697071260312,-1.9396279011768682
near the origin,8.8,-1.4539083760067584,-1.6476407256595278
near the origin,8.9,-1.6014514444833898,-1.2975188123633081
near the origin,9.0,-1.7130587658744723,-0.9364544512134413
near the origin,9.1,-1.7896705492993161,-0.6026241657450454
near the origin,9.200000000000001,-1.8352111180048458,-0.317076644008256
near the origin,9.3,-1.8548820399512747,-0.08508533018905674
near the origin,9.4,-1.853862244311332,0.09801736841275445
near the origin,9.5,-1.8366106215394087,0.24117135922512584
near the origin,9.6,-1.8066393573788648,0.3539425631141709
near the origin,9.700000000000001,-1.7665506787823573,0.44480106939450503
near the origin,9.8,-1.718178940771235,0.5206143389325978
near the origin,9.9,-1.662749633521164,0.5867322834370148
near the origin,10.0,-1.6010169381286414,0.6472872944126761
near the origin,10.1,-1.5333687006707915,0.7055271272807941
near the origin,10.200000000000001,-1.4598996671433124,0.7641110122946609
near the origin,10.3,-1.3804577332458392,0.8253530058943489
near the origin,10.4,-1.2946683297532282,0.8914174547205227
near the origin,10.5,-1.2019412543236812,0.9644760756890584
near the origin,10.6,-1.1014634373467047,1.046832574551697
near the origin,10.700000000000001,-0.9921809619042328,1.1410112040280729
near the origin,10.8,-0.8727747980858915,1.2497884392601255
near the origin,10.9,-0.7416381658985868,1.3761167160670036
near the origin,11.0,-0.5968709165472956,1.5228373371486388
near the origin,11.1,-0.43632045707788786,1.6919971832548597
near the origin,11.200000000000001,-0.25772262656782124,1.883474605541908
near the origin,11.3,-0.059030093534683026,2.092541675094279
near the origin,11.4,0.1609512810587051,2.3061469517820004
near the origin,11.5,0.4015103988998183,2.498557819705625
near the origin,11.6,0.6586133810963408,2.6291107856567484
near the origin,11.700000000000001,0.9235893970949536,2.6476093568078003
near the origin,11.8,1.1829701124283132,2.512338766685215
near the origin,11.9,1.420620791435067,2.21570381377978
near the origin,12.0,1.6220298079101043,1.7978029244020415
near the origin,12.1,1.7785571875326596,1.3310710627195608
near the origin,12.200000000000001,1.8890073907135498,0.8862422032912768
near the origin,12.3,1.9580333130146186,0.5071815104677638
near the origin,12.4,1.9931130553265082,0.20753838506877323
near the origin,12.5,2.001988172194349,-0.01894370687099761
near the origin,12.6,1.9912799787366362,-0.18676611702144594
near the origin,12.700000000000001,1.9660761997238263,-0.3112629337669366
near the origin,12.8,1.9300354660036765,-0.40541191365300994
near the origin,12.9,1.885671653055112,-0.47913506932271777
near the origin,13.0,1.8346461920797452,-0.5396578645613456
near the origin,13.1,1.7780060835016116,-0.5921529937066695
near the origin,13.200000000000001,1.7163578214653445,-0.6403498075002537
near the origin,13.3,1.649986414876928,-0.6870181884382212
near the origin,13.4,1.578932468198371,-0.7343269437955577
near the origin,13.5,1.5030385881171124,-0.784104036166988
near the origin,13.6,1.4219734285949275,-0.8380281154043318
near the origin,13.700000000000001,1.3352390016140863,-0.897774996762492
near the origin,13.8,1.242164891175161,-0.9651351366524523
near the origin,13.9,1.1418918051963223,-1.0421099587568545
near the origin,14.0,1.0333465955400998,-1.1309847270347866
near the origin,14.1,0.9152118140333173,-1.2343602525546835
near the origin,14.200000000000001,0.7858958377793858,-1.3550993938012932
near the origin,14.3,0.6435160882593984,-1.4960984446642716
near the origin,14.4,0.48592035808842843,-1.6597178287558914
near the origin,14.5,0.31079300513814273,-1.846598415930328
near the origin,14.6,0.11592572091606475,-2.053486747539497
near the origin,14.700000000000001,-0.10023019323160413,-2.2697530257352
near the origin,14.8,-0.3376057471410899,-2.472915749113979
near the origin,14.9,-0.5931363678858489,-2.6253062244654606
near the origin,15.0,-0.859307423781979,-2.6769492247062256
near the origin,15.1,-1.1235637697379428,-2.580694974617227
near the origin,15.200000000000001,-1.3698427330721166,-2.318055764442936
near the origin,15.3,-1.5825620252584047,-1.9184664555282145
near the origin,15.4,-1.751264418402056,-1.450930283010921
near the origin,15.5,-1.873033742258486,-0.9910739177720251
near the origin,15.6,-1.9515091918688705,-0.5909806481869353
near the origin,15.700000000000001,-1.9939197998993774,-0.27080146915521597
near the origin,15.8,-2.0082420951417648,-0.027461722319364452
near the origin,15.9,-2.0015143195335234,0.1528613514001486
near the origin,16.0,-1.9792387636993474,0.2860376120539665
near the origin,16.1,-1.9454129030152132,0.38592191037379137
near the origin,16.2,-1.9028029934697601,0.4632504597437402
near the origin,16.3,-1.853250410358818,0.525876502597711
near the origin,16.4,-1.7979289192963115,0.5794131823030299
near the origin,16.5,-1.7375355986532044,0.6278800020238481
near the origin,16.6,-1.6724228552231648,0.6742264937448571
near the origin,16.7,-1.6026848944670993,0.7207221905573085
near the origin,16.8,-1.528210843503659,0.7692388917285106
near the origin,16.9,-1.4487137189746113,0.8214564028535075
near the origin,17.0,-1.3637415350974227,0.8790177003612294
near the origin,17.1,-1.2726746275362006,0.943651850067141
near the origin,17.2,-1.1747118326864985,1.0172749969595394
near the origin,17.3,-1.0688475739610828,1.1020704906263536
near the origin,17.400000000000002,-0.9538424120526462,1.2005359811681122
near the origin,17.5,-0.8281918353706484,1.3154632470633318
near the origin,17.6,-0.6901032430071146,1.4497779121072703
near the origin,17.7,-0.5375013574949788,1.6061008758781046
near the origin,17.8,-0.3681008033164961,1.7857942054863507
near the origin,17.900000000000002,-0.17961412120401923,1.9871403835228494
near the origin,18.0,0.029798701895540042,2.2022831657323234
near the origin,18.1,0.2607098446299207,2.412946925205656
near the origin,18.2,0.5111630298153336,2.5863382175877865
near the origin,18.3,0.7751710343407048,2.6753604297039897
near the origin,18.400000000000002,1.0417161673590407,2.6294736983874083
near the origin,18.5,1.2955031011993088,2.4182775913329464
near the origin,18.6,1.5202633474102254,2.055494946306095
near the origin,18.7,1.7035090863016524,1.6005541474223433
near the origin,18.8,1.8399088679980742,1.1310269424681116
near the origin,18.900000000000002,1.9313178141451905,0.7084504048964211
near the origin,19.0,1.9841875274919056,0.36260551326070584
near the origin,19.1,2.006506056698882,0.09630750996952411
near the origin,19.2,2.005716662187918,-0.10208121176168344
near the origin,19.3,1.9878227666901347,-0.24842879174521346
near the origin,19.400000000000002,1.9572715800060052,-0.35745010161874924
near the origin,19.5,1.917182435491385,-0.440877495781394
near the origin,19.6,1.8696565241811243,-0.5074096011666369
near the origin,19.7,1.8160536023851144,-0.563290025411883
near the origin,19.8,1.757203672812682,-0.612975754198174
near the origin,19.900000000000002,1.6935561683515223,-0.6597041320420385
near the origin,20.0,1.625279312069277,-0.7059229848371192
near the origin,20.1,1.5523225844865358,-0.7536033317237711
near the origin,20.2,1.4744524810117778,-0.8044660478877672
near the origin,20.3,1.3912687069394765,-0.8601505640896707
near the origin,20.400000000000002,1.3022055014063445,-0.9223464021187731
near the origin,20.5,1.2065210947317535,-0.9929004453498967
near the origin,20.6,1.1032774336544922,-1.0739041931037043
near the origin,20.7,0.9913124239717344,-1.167753689716254
near the origin,20.8,0.8692085183785596,-1.2771562299734063
near the origin,20.900000000000002,0.7352655339838265,-1.4050255875007087
near the origin,21.0,0.5874939564857844,-1.5541517707930979
near the origin,21.1,0.423660518480595,-1.7264428577543927
near the origin,21.2,0.2414437372910713,-1.921421705450401
near the origin,21.3,0.03879338005968214,-2.1335887180422555
near the origin,21.400000000000002,-0.1853796409146121,-2.3484688542379257
near the origin,21.5,-0.4300788179347214,-2.538160444349761
near the origin,21.6,-0.6907461702698235,-2.659546721993536
near the origin,21.7,-0.9579836515315749,-2.6611506483523546
near the origin,21.8,-1.217613213415575,-2.5031892938734375
near the origin,21.900000000000002,-1.4531808946132936,-2.1837766822862257
near the origin,22.0,-1.650511729521533,-1.7497022735647159
near the origin,22.1,-1.8018372233732003,-1.2768251886772244
near the origin,22.2,-1.9069350629777664,-0.8346136289741767
near the origin,22.3,-1.9711528869906965,-0.46314325466689665
near the origin,22.400000000000002,-2.0022782672643107,-0.17249941262295648
near the origin,22.5,-2.0080743049865935,0.045708125195261365
near the origin,22.6,-1.9950396066528802,0.20681236774173925
near the origin,22.7,-1.968098444203283,0.32622053851025706
near the origin,22.8,-1.9307572484212625,0.4166688348531956
near the origin,22.900000000000002,-1.885406679230523,0.48776768213039406
near the origin,23.0,-1.833614951167262,0.5464633338541975
near the origin,23.1,-1.7763607831097294,0.5977103022417745
near the origin,23.2,-1.714201173682783,0.6450789082572285
near the origin,23.3,-1.6473850379359782,0.6912279680398759
near the origin,23.400000000000002,-1.575926095040027,0.7382513573077317
near the origin,23.5,-1.4996461669243968,0.7879285662794516
near the origin,23.6,-1.4181969533365901,0.8419091178840981
near the origin,23.7,-1.3310656714920228,0.9018540864216757
near the origin,23.8,-1.237568012933631,0.9695501436495397
near the origin,23.900000000000002,-1.1368307331967464,1.0470032945702334
near the origin,24.0,-1.027765960132756,1.136509170850519
near the origin,24.1,-0.9090403429889511,1.240680974537324
near the origin,24.2,-0.7790452830608607,1.3623890800446736
near the origin,24.3,-0.6358812337013953,1.5045191227639598
near the origin,24.400000000000002,-0.4773819624405459,1.6693778935943842
near the origin,24.5,-0.3012270058058779,1.8574668780040002
near the origin,24.6,-0.10522406274893917,2.0652431367611266
near the origin,24.7,0.11212001340446814,2.281564833329532
near the origin,24.8,0.3506169968358334,2.483195964552344
near the origin,24.900000000000002,0.6070013294851483,2.631641186223733
near the origin,25.0,0.8734910146682648,2.676540395412239
near the origin,25.1,1.137278327698546,2.5715366108174127
near the origin,25.2,1.382201010982607,2.3003559403764307
near the origin,25.3,1.5928324677082193,1.8950527043222005
near the origin,25.400000000000002,1.7590811395328945,1.4259663358388734
near the origin,25.5,1.8784313371741348,0.9681215441682129
near the origin,25.6,1.9547982622511404,0.5719322753759399
near the origin,25.7,1.9955185886779467,0.2560077307074559
near the origin,25.8,2.008554054337694,0.016391814000501194
near the origin,25.900000000000002,2.0008712379148386,-0.16103359657556077
near the origin,26.0,1.9778896138299558,-0.2921084214487759
near the origin,26.1,1.9435341095805743,-0.3905376192926428
near the origin,26.2,1.9005146127558175,-0.46689477897938264
near the origin,26.3,1.8506311713102985,-0.5288981024256539
near the origin,26.400000000000002,1.7950279562259452,-0.5820609700122882
near the origin,26.5,1.7343808285945401,-0.6303339673764345
near the origin,26.6,1.669026625586209,-0.6766214117845891
near the origin,26.7,1.5990475921433958,-0.7231649324436713
near the origin,26.8,1.5243230258032237,-0.7718209520927676
near the origin,26.900000000000002,1.4445571665143961,-0.8242631587853145
near the origin,27.0,1.3592894924435661,-0.8821355562193607
near the origin,27.1,1.26789140212799,-0.9471740176893259
near the origin,27.2,1.1695518687023314,-1.0213062296835016
near the origin,27.3,1.0632541118470322,-1.1067305390472482
near the origin,27.400000000000002,0.9477459069585442,-1.205960678769136
near the origin,27.5,0.8215084842865502,-1.3218006475460888
near the origin,27.6,0.6827343459817957,-1.457174315391921
near the origin,27.7,0.5293349499512758,-1.6146673694914815
near the origin,27.8,0.35901821554675206,-1.79553852950355
near the origin,27.900000000000002,0.16950591658480701,-1.9978440529204158
near the origin,28.0,-0.04100108391954467,-2.2133097011623537
near the origin,28.1,-0.2729805983908067,-2.423007627924784
near the origin,28.2,-0.5243078969484359,-2.59334995941672
near the origin,28.3,-0.788755240378106,-2.6766874926539823
near the origin,28.400000000000002,-1.0550491744689348,-2.622848955130667
near the origin,28.5,-1.307744275069643,-2.403190357903569
near the origin,28.6,-1.530647971918431,-2.0339886740657986
near the origin,28.7,-1.711578515707626,-1.5764449540905086
near the origin,28.8,-1.845598098265427,-1.108059552377119
near the origin,28.900000000000002,-1.934870702417554,-0.6889300008268621
near the origin,29.0,-1.9859951701051586,-0.34722875621938276
near the origin,29.1,-2.0069713039730797,-0.08472750631320985
near the origin,29.2,-2.0051822905736794,0.11063215238884572
near the origin,29.3,-1.9865509530739616,0.25475188132938015
near the origin,29.400000000000002,-1.955450146336972,0.36221787414318524
near the origin,29.5,-1.914940060454045,0.44460100010998543
near the origin,29.6,-1.8670780851769637,0.5104591732105003
near the origin,29.7,-1.8131925489434289,0.5659296621269296
near the origin,29.8,-1.7540910151529974,0.6153950284175009
near the origin,29.900000000000002,-1.69020660602485,0.66204327319607
near the origin,30.0,-1.6216951964029085,0.7082913236757783
near the origin,30.1,-1.54849630679849,0.756092616169993
near the origin,30.2,-1.4703677193672762,0.8071601949074728
near the origin,30.3,-1.386900822546584,0.8631330894153684
near the origin,30.400000000000002,-1.297521271198835,0.9257063746307576
near the origin,30.5,-1.2014779022455595,0.9967374030600364
near the origin,30.6,-1.0978220199409194,1.0783319674213054
near the origin,30.7,-0.9853793391411432,1.1729023559900253
near the origin,30.8,-0.8627185487639338,1.2831701630587278
near the origin,30.900000000000002,-0.7281246807107841,1.4120534286576873
near the origin,31.0,-0.5795941283634546,1.5623204692135804
near the origin,31.1,-0.4148841421525443,1.7358025591740804
near the origin,31.2,-0.2316761103856756,1.9318425156688706
near the origin,31.3,-0.02794856285699202,2.144591085606399
near the origin,31.400000000000002,0.19731274303058707,2.3589953559891566
near the origin,31.5,0.44296788509021573,2.546380719851771
near the origin,31.6,0.7042385253299819,2.662939240745811
near the origin,31.7,0.9714656095930768,2.6571943112405347
near the origin,31.8,1.2302726952216145,2.490679487742701
near the origin,31.900000000000002,1.4642024325878464,2.1639517507460564
near the origin,32.0,1.659322648989655,1.725992420037089
near the origin,32.1,1.8082508333090492,1.2531911078003297
near the origin,32.2,1.9111140295645763,0.8138847382603412
near the origin,32.3,1.9734588289926747,0.446480132730255
near the origin,32.4,2.003120749513861,0.1598097898201376
near the origin,32.5,2.007818831993989,-0.05511325427053987
near the origin,32.6,1.9939736175905043,-0.21374934824657654
near the origin,32.7,1.9664315065720508,-0.33140966378047465
near the origin,32.8,1.92863476296858,-0.420670761268607
near the origin,32.9,1.8829257032989266,-0.49099316718468405
near the origin,33.0,1.830837623123647,-0.5492058846945725
near the origin,33.1,1.7733243352451902,-0.6001796830842278
near the origin,33.2,1.7109248805512547,-0.6474284600778187
near the origin,33.3,1.6438747858313072,-0.6935749918434457
near the origin,33.4,1.5721772087646138,-0.7406918562885118
near the origin,33.5,1.4956449765142066,-0.7905479600234422
near the origin,33.6,1.413921432597899,-0.8447902871212921
near the origin,33.7,1.3264853633752398,-0.9050837203445398
near the origin,33.8,1.2326433795763214,-0.9732239593850501
near the origin,33.9,1.1315120332989292,-1.0512302463937704
near the origin,34.0,1.0219917737953943,-1.1414141369060495
near the origin,34.1,0.9027359626231306,-1.2464043693270117
near the origin,34.2,0.7721214267368507,-1.3690800192221078
near the origin,34.300000000000004,0.6282340175371298,-1.5123156459794596
near the origin,34.4,0.4688959462187317,-1.6783628889746627
near the origin,34.5,0.2917845615639397,-1.867582349781914
near the origin,34.6,0.09472625100133922,-2.0761428103673762
near the origin,34.7,-0.12371437794080765,-2.2924000865926297
near the origin,34.800000000000004,-0.3632294627336533,-2.4923920443462073
near the origin,34.9,-0.6203563347206703,-2.636855324666337
near the origin,35.0,-0.8870569115158561,-2.6751313851091854
near the origin,35.1,-1.15029061032339,-2.56172681518422
near the origin,35.2,-1.3938181918187476,-2.2825548331188776
near the origin,35.300000000000004,-1.602381812156644,-1.8721292712524942
near the origin,35.4,-1.7662494358486662,-1.4019265340696159
near the origin,35.5,-1.8832839876984604,-0.9462718768332992
near the origin,35.6,-1.9576521237217455,-0.55394739714492
near the origin,35.7,-1.9967811921820644,-0.24211941514788152
near the origin,35.800000000000004,-2.008610844783506,-0.0060365355756154026
near the origin,35.9,-2.0000354500401833,0.16866645282297585
near the origin,36.0,-1.9763942950410118,0.29778195359072807
near the origin,36.1,-1.9415432085752393,0.3948640598947128
near the origin,36.2,-1.8981388718677374,0.47032921594717775
near the origin,36.300000000000004,-1.8479425297561543,0.5317673156519414
near the origin,36.4,-1.792070640474332,0.5845979159697793
near the origin,36.5,-1.7311792002701878,0.6327073179791189
near the origin,36.6,-1.6655904286158825,0.6789580381408091
near the origin,36.7,-1.595375270840757,0.7255662540042276
near the origin,36.800000000000004,-1.5204036477044367,0.7743747611614821
near the origin,36.9,-1.4403713265220668,0.827052385636678
near the origin,37.0,-1.354809446041209,0.8852450723731882
near the origin,37.1,-1.2630805855632483,0.9506961759564789
near the origin,37.2,-1.1643639149980458,1.025345412922573
near the origin,37.300000000000004,-1.0576314702936898,1.1114064355547042
near the origin,37.4,-0.9416182419875809,1.211409125197308
near the origin,37.5,-0.8147912145835388,1.328169356140853
near the origin,37.6,-0.6753280737807187,1.4646081531093456
near the origin,37.7,-0.5211272631501301,1.6232735632601631
near the origin,37.800000000000004,-0.3498905924064937,1.8053163164660042
near the origin,37.9,-0.1593502793436394,2.00855865533627
near the origin,38.0,0.05224978274590144,2.224297473989443
near the origin,38.1,0.2852897729747962,2.4329424468518206
near the origin,38.2,0.5374726702389064,2.6001126782671804
near the origin,38.300000000000004,0.802327831405585,2.677636804616983
near the origin,38.4,1.0683285204714794,2.6157773796589576
near the origin,38.5,1.319888684630265,2.3877112831767855
near the origin,38.6,1.5409047427913154,2.0122676540861866
near the origin,38.7,1.7195095337479271,1.5523368564393816
near the origin,38.800000000000004,1.851157773146989,1.0852537874755512
near the origin,38.9,1.938314395725148,0.6696404895693089
near the origin,39.0,1.9877170343443444,0.3320805749873737
near the origin,39.1,2.0073719055756225,0.07333838473054194
near the origin,39.2,2.004600054307798,-0.11903827520615211
near the origin,39.300000000000004,1.9852436301762566,-0.2609713382885036
near the origin,39.4,1.953601874957856,-0.36691432265167107
near the origin,39.5,1.9126767263471927,-0.44827696749974244
near the origin,39.6,1.8644825408301928,-0.5134782462449157
near the origin,39.7,1.8103167981930648,-0.5685509667144985
near the origin,39.800000000000004,1.7509650288463365,-0.6178048159515199
near the origin,39.9,1.6868443153512058,-0.6643796136007666
near the origin,40.0,1.618098355950069,-0.7106622286897172
inside the loop,0.0,0.5,0.0
inside the loop,0.1,0.49743839080827845,-0.05183960427053068
inside the loop,0.2,0.4895138285699749,-0.10722811650664886
inside the loop,0.3,0.4758799247711031,-0.16600382921627407
inside the loop,0.4,0.45620373031976263,-0.22806171631691488
inside the loop,0.5,0.43015958545434296,-0.293361641073187
inside the loop,0.6,0.39742262340367496,-0.36192660288138706
inside the loop,0.7000000000000001,0.35766307637482286,-0.4338278432686857
inside the loop,0.8,0.3105428981041091,-0.5091525908788482
inside the loop,0.9,0.2557167125037955,-0.5879486843914468
inside the loop,1.0,0.19283976503903705,-0.6701384798950889
inside the loop,1.1,0.12158639405075729,-0.7553929731000989
inside the loop,1.2,0.04168345403559604,-0.8429573894133078
inside the loop,1.3,-0.04703619079589347,-0.931424322295996
inside the loop,1.4000000000000001,-0.14455517863537776,-1.0184641265411276
inside the loop,1.5,-0.25056546198755264,-1.1005499810058146
inside the loop,1.6,-0.36433756346636,-1.1727600003678815
inside the loop,1.7,-0.48457943000691317,-1.2287945648315823
inside the loop,1.8,-0.609315143765675,-1.2613862276090229
inside the loop,1.9000000000000001,-0.7358307566511901,-1.2632475366723053
inside the loop,2.0,-0.860742101387386,-1.2285377829597555
inside the loop,2.1,-0.9802234302696629,-1.154531841667945
inside the loop,2.2,-1.090388342292417,-1.042880444748303
inside the loop,2.3000000000000003,-1.187748396989041,-0.8998149897261616
inside the loop,2.4,-1.2696258657332948,-0.7350323998222646
inside the loop,2.5,-1.334401784954633,-0.5596272413450567
inside the loop,2.6,-1.3815428248738297,-0.38388349430110164
inside the loop,2.7,-1.4114336520975619,-0.2156905686826818
inside the loop,2.8000000000000003,-1.4250979865606492,-0.059912759374031364
inside the loop,2.9,-1.4239000855723718,0.08142204292381272
inside the loop,3.0,-1.4092910738871653,0.20847967828645964
inside the loop,3.1,-1.382627162484307,0.3228732016087293
inside the loop,3.2,-1.3450581115383677,0.42702791175706617
inside the loop,3.3000000000000003,-1.297469854037397,0.5237374836506874
inside the loop,3.4,-1.2404619976616287,0.6159049608492357
inside the loop,3.5,-1.1743436978741348,0.7064261649168981
inside the loop,3.6,-1.0991361027387256,0.798167142330383
inside the loop,3.7,-1.0145741516907067,0.8939931718560624
inside the loop,3.8000000000000003,-0.9201044348338695,0.9968126071051109
inside the loop,3.9,-0.8148794818885505,1.1095973835292507
inside the loop,4.0,-0.6977532334099507,1.2353281993219292
inside the loop,4.1,-0.5672890536880418,1.37678078895509
inside the loop,4.2,-0.42180251453422973,1.5360155291383792
inside the loop,4.3,-0.2594785235851707,1.7133595543623952
inside the loop,4.4,-0.07862668247960598,1.905615537155268
inside the loop,4.5,0.12183694721025051,2.1033187807238116
inside the loop,4.6000000000000005,0.3415960884673626,2.2873762353894187
inside the loop,4.7,0.5778342029921935,2.426734781353553
inside the loop,4.8,0.8240962445718893,2.4806998932909616
inside the loop,4.9,1.0697983576463,2.4100892987303295
inside the loop,5.0,1.3013026053311536,2.196440108044482
inside the loop,5.1000000000000005,1.5048839361783666,1.8579415361843528
inside the loop,5.2,1.6704525382367437,1.4466742526921852
inside the loop,5.3,1.7939213082188101,1.0259516432415268
inside the loop,5.4,1.8770056883990878,0.6452191195250654
inside the loop,5.5,1.9251402954819963,0.3290113481486629
inside the loop,5.6000000000000005,1.945079705756651,0.08056606651468579
inside the loop,5.7,1.9432250788122856,-0.10885147686965313
inside the loop,5.8,1.9248502850487794,-0.25201770484194896
inside the loop,5.9,1.8939488648617766,-0.36128693342226326
inside the loop,6.0,1.853379857404536,-0.4468657270590245
inside the loop,6.1000000000000005,1.8051024784325964,-0.5165737962604299
inside the loop,6.2,1.750399331723695,-0.5762042948661258
inside the loop,6.3,1.6900540692884642,-0.6300262347420206
inside the loop,6.4,1.6244800995414002,-0.6812449138480327
inside the loop,6.5,1.55380774165701,-0.7323703785450476
inside the loop,6.6000000000000005,1.4779390745755137,-0.7854977410495051
inside the loop,6.7,1.3965783547901096,-0.8425190784272621
inside the loop,6.8,1.3092438069425936,-0.9052871075018527
inside the loop,6.9,1.2152648041935168,-0.9757456347123744
inside the loop,7.0,1.1137673260769965,-1.0560339663236953
inside the loop,7.1000000000000005,1.0036503784055506,-1.148561426788537
inside the loop,7.2,0.8835572461659396,-1.2560306190987753
inside the loop,7.3,0.7518489515187438,-1.381358008676747
inside the loop,7.4,0.6065947906959841,-1.527388731525378
inside the loop,7.5,0.44560899480842,-1.6962195603751404
inside the loop,7.6000000000000005,0.2665866100477789,-1.8878322872943765
inside the loop,7.7,0.0674264485505296,-2.097655010057589
inside the loop,7.8,-0.15313660596997972,-2.312812965569079
inside the loop,7.9,-0.3944773625496336,-2.5076711835726195
inside the loop,8.0,-0.652646007223758,-2.641393521971987
inside the loop,8.1,-0.9190158531995862,-2.663132615657524
inside the loop,8.2,-1.1800731374321551,-2.530076115538171
inside the loop,8.3,-1.4195254516280242,-2.2336072660372204
inside the loop,8.4,-1.6226373192249492,-1.813624051533085
inside the loop,8.5,-1.7805776694769075,-1.3433711733311733
inside the loop,8.6,-1.8920675395521929,-0.894786013272329
inside the loop,8.700000000000001,-1.9617843362218477,-0.5126018128997692
inside the loop,8.8,-1.997288880654694,-0.21077067607778957
inside the loop,8.9,-2.006414183569542,0.017047696709090638
inside the loop,9.0,-1.9958559127528386,0.18557856283888016
inside the loop,9.1,-1.970753340939244,0.3103731944754969
inside the loop,9.200000000000001,-1.9347976205535922,0.40456984601282364
inside the loop,9.3,-1.890522063595831,0.4781935686060866
inside the loop,9.4,-1.839599520564567,0.5385297863871588
inside the loop,9.5,-1.7830839449127602,0.5907827061575812
inside the loop,9.6,-1.721586590496224,0.6386954671124153
inside the loop,9.700000000000001,-1.6553964357033202,0.6850408300686905
inside the loop,9.8,-1.5845581387457506,0.7319835134500972
inside the loop,9.9,-1.5089190252089772,0.7813424986155626
inside the loop,10.0,-1.428153568279301,0.83478350143674
inside the loop,10.1,-1.3417710756168058,0.893965763831782
inside the loop,10.200000000000001,-1.249110262543689,0.9606596207788366
inside the loop,10.3,-1.1493231471292265,1.0368431425784692
inside the loop,10.4,-1.0413503436072429,1.1247762357156508
inside the loop,10.5,-0.9238906756338575,1.2270357160715943
inside the loop,10.6,-0.7953708278656847,1.3464695523973207
inside the loop,10.700000000000001,-0.6539269439733678,1.4859842893021982
inside the loop,10.8,-0.4974220654456641,1.6480062782030562
inside the loop,10.9,-0.3235443280751791,1.833350964679876
inside the loop,11.0,-0.13006308264042735,2.0391279525298085
inside the loop,11.1,0.08464229026468852,2.2553493075616204
inside the loop,11.200000000000001,0.3206545852206189,2.460480513112612
inside the loop,11.3,0.5751638669421094,2.617896607990393
inside the loop,11.4,0.8409946627852135,2.6781236969406637
inside the loop,11.5,1.105914536569069,2.593036397677896
inside the loop,11.6,1.3539918762051535,2.3413483824773413
inside the loop,11.700000000000001,1.5694496473854516,1.949119714651021
inside the loop,11.8,1.741362145081502,1.4835755418970618
inside the loop,11.9,1.8662941663228256,1.0210727540955438
inside the loop,12.0,1.9475242833289736,0.6158520056364768
inside the loop,12.1,1.9921402302484397,0.29008535805262836
inside the loop,12.200000000000001,2.0081382899290334,0.041861346656657784
inside the loop,12.3,2.0026515836077974,-0.14225265421294206
inside the loop,12.4,1.9812919282409462,-0.27816766286295924
inside the loop,12.5,1.9481525695073116,-0.37993852171965964
inside the loop,12.6,1.9060739896862222,-0.45851761090786797
inside the loop,12.700000000000001,1.856951830452147,-0.5219370488034301
inside the loop,12.8,1.8019986108900274,-0.5759416048071724
inside the loop,12.9,1.7419391333350291,-0.6246412848245118
inside the loop,13.0,1.6771461316777343,-0.6710446394320132
inside the loop,13.1,1.6077294453015092,-0.7174572968971553
inside the loop,13.200000000000001,1.533591097340315,-0.7657705977688031
inside the loop,13.3,1.4544556864928113,-0.8176716607641226
inside the loop,13.4,1.3698825684348275,-0.8748013234210312
inside the loop,13.5,1.2792640302440965,-0.9388788319501976
inside the loop,13.6,1.181812169768803,-1.0118041721649467
inside the loop,13.700000000000001,1.0765365401939442,-1.0957398354970584
inside the loop,13.8,0.9622150347911759,-1.193160993204388
inside the loop,13.9,0.8373625549891918,-1.3068418113156264
inside the loop,14.0,0.7002069166207303,-1.4397085038408988
inside the loop,14.1,0.5486912854024878,-1.5944265895750604
inside the loop,14.200000000000001,0.3805402470977728,-1.7724930094083995
inside the loop,14.3,0.19345535323037416,-1.9724890060362266
inside the loop,14.4,-0.014456398686071216,-2.1871154346647796
inside the loop,14.5,-0.24389187081671665,-2.3989756622827825
inside the loop,14.6,-0.4931201891860596,-2.576367416049595
inside the loop,14.700000000000001,-0.7564804978029198,-2.6729973621951517
inside the loop,14.8,-1.0233097434121678,-2.637919587247074
inside the loop,14.9,-1.2785330751536903,-2.4384250313689457
inside the loop,15.0,-1.5057982002905679,-2.084731579825569
inside the loop,15.1,-1.692210727933833,-1.6337044575393678
inside the loop,15.200000000000001,-1.8318971368708035,-1.1628619432480296
inside the loop,15.3,-1.9262757966093258,-0.7356576280155351
inside the loop,15.4,-1.9815824613175004,-0.38411234491236335
inside the loop,15.5,-2.005780414228482,-0.1125336341938643
inside the loop,15.6,-2.006392163579254,0.09009378719863792
inside the loop,15.700000000000001,-1.9895318439202596,0.23957035873123889
inside the loop,15.8,-1.9597501208071149,0.35078138520239777
inside the loop,15.9,-1.9202491063775737,0.4356818939136207
inside the loop,16.0,-1.8731914698465413,0.5031669260522214
inside the loop,16.1,-1.8199811212902683,0.5596293852737347
inside the loop,16.2,-1.7614795755586696,0.6096311090809134
inside the loop,16.3,-1.6981591319710445,0.6564791569927616
inside the loop,16.4,-1.630205272942589,0.7026651719924746
inside the loop,16.5,-1.5575813419779323,0.7501852932702968
inside the loop,16.6,-1.4800659027941765,0.8007718458305433
inside the loop,16.7,-1.3972701248424988,0.856065324299127
inside the loop,16.8,-1.3086400339115756,0.9177480132828884
inside the loop,16.9,-1.2134467243590656,0.9876527059058758
inside the loop,17.0,-1.1107666994835497,1.0678514335747618
inside the loop,17.1,-0.9994545418286517,1.1607178741159014
inside the loop,17.2,-0.8781115658941888,1.2689391924063538
inside the loop,17.3,-0.7450579405270619,1.395421958591022
inside the loop,17.400000000000002,-0.5983237579234898,1.5429830316217292
inside the loop,17.5,-0.43568944654479563,1.713630264111737
inside the loop,17.6,-0.25483102308631983,1.9071238719383585
inside the loop,17.7,-0.053661431685200885,2.118429719622909
inside the loop,17.8,0.16900691448233923,2.333850036130592
inside the loop,17.900000000000002,0.4123689347319625,2.5265393750103358
inside the loop,18.0,0.6721647704912174,2.6543607344483493
inside the loop,18.1,0.9393561290352904,2.665922747169222
inside the loop,18.2,1.200049188603145,2.5197457867649034
inside the loop,18.3,1.4378148083823117,2.2106271468654657
inside the loop,18.400000000000002,1.6381616258065785,1.7822449990684421
inside the loop,18.5,1.7927936488489693,1.3095652761875247
inside the loop,18.6,1.9009975760587579,0.8635156458040067
inside the loop,18.7,1.967832729626694,0.48647545588666724
inside the loop,18.8,2.001009960815123,0.19031127854823301
inside the loop,18.900000000000002,2.008348029274132,-0.0324938093519549
inside the loop,19.0,1.996452077196104,-0.19706847186472473
inside the loop,19.1,1.9703545580276869,-0.3189414856912397
inside the loop,19.2,1.9336517375162392,-0.4110677822681944
inside the loop,19.3,1.8888022139349667,-0.4832667273408676
inside the loop,19.400000000000002,1.8374233531969828,-0.5426492311151614
inside the loop,19.5,1.7805289339992874,-0.5942879046024258
inside the loop,19.6,1.7187012012060667,-0.641832889681566
inside the loop,19.7,1.652207841818668,-0.6879941681126568
inside the loop,19.8,1.581077323912857,-0.7348960408633283
inside the loop,19.900000000000002,1.50514396728827,-0.7843333671420742
inside the loop,20.0,1.4240710213853356,-0.8379597632501722
inside the loop,20.1,1.3373573029997583,-0.8974315279797612
inside the loop,20.2,1.2443309562380855,-0.9645232754851222
inside the loop,20.3,1.1441327025556016,-1.0412230535271159
inside the loop,20.400000000000002,1.035690647800052,-1.1298046616514117
inside the loop,20.5,0.9176896410122256,-1.2328596495079858
inside the loop,20.6,0.7885411127049088,-1.3532454326415533
inside the loop,20.7,0.6463657434960939,-1.4938605294670557
inside the loop,20.8,0.4890136852332912,-1.6570827982100833
inside the loop,20.900000000000002,0.31416863483999297,-1.8435987881219185
inside the loop,21.0,0.11961486176904404,-2.05024820368821
inside the loop,21.1,-0.09621633340646214,-2.2665625080348866
inside the loop,21.2,-0.33329576607336825,-2.4702920373873285
inside the loop,21.3,-0.5886233570661472,-2.624012418129232
inside the loop,21.400000000000002,-0.8547676734870207,-2.6778419820763597
inside the loop,21.5,-1.1192490232685246,-2.5843492834689354
inside the loop,21.6,-1.3660292675139143,-2.324329882059511
inside the loop,21.7,-1.5794696259822114,-1.926402172985062
inside the loop,21.8,-1.7489925399971356,-1.4591838487179785
inside the loop,21.900000000000002,-1.8715546297828107,-0.9985334863431689
inside the loop,22.0,-1.9507107329103728,-0.597088205101279
inside the loop,22.1,-1.9936602951042652,-0.2754916791397413
inside the loop,22.2,-2.008388730629529,-0.030939692302103694
inside the loop,22.3,-2.0019600609424923,0.15030930047331426
inside the loop,22.400000000000002,-1.9799047221571309,0.28414510783785724
inside the loop,22.5,-1.9462442047602169,0.3844771191505204
inside the loop,22.6,-1.9037631047811838,0.46209714684026554
inside the loop,22.7,-1.854316074339897,0.5249032526764409
inside the loop,22.8,-1.7990863024928905,0.5785409880537247
inside the loop,22.900000000000002,-1.738777594941332,0.6270517989008183
inside the loop,23.0,-1.6737473063342103,0.6733992758658611
inside the loop,23.1,-1.6040934844648016,0.7198613194106249
inside the loop,23.2,-1.529708477861119,0.7683139970746323
inside the loop,23.3,-1.4503082566505952,0.8204383442336447
inside the loop,23.400000000000002,-1.3654437883990453,0.8778761965631592
inside the loop,23.5,-1.274498576561833,0.9423535288788188
inside the loop,23.6,-1.1766750184568968,1.015781769995057
inside the loop,23.7,-1.07097163462595,1.100338355028288
inside the loop,23.8,-0.9561537021186183,1.1985146625877485
inside the loop,23.900000000000002,-0.8307220017554642,1.3130976440494326
inside the loop,24.0,-0.6928894922629997,1.44701325644916
inside the loop,24.1,-0.5405858846888738,1.6028950855368418
inside the loop,24.2,-0.37152840022481964,1.7821430832283034
inside the loop,24.3,-0.1834263107886118,1.9831231941924765
inside the loop,24.400000000000002,0.025575370465877333,2.198134126390981
inside the loop,24.5,0.2560836840674495,2.409143463034947
inside the loop,24.6,0.5062049714662494,2.58365706300795
inside the loop,24.7,0.7700420751132708,2.674793127745276
inside the loop,24.8,1.036674206396974,2.6318877989605363
inside the loop,24.900000000000002,1.2908647404815106,2.423893885811507
inside the loop,25.0,1.516319577477605,2.063571364121528
inside the loop,25.1,1.7004374767567558,1.6096607076066896
inside the loop,25.2,1.8377382627536394,1.139738113926623
inside the loop,25.3,1.9299586806308444,0.715875031756172
inside the loop,25.400000000000002,1.9834928029882082,0.36846411875516044
inside the loop,25.5,2.006323023726901,0.10072315304129066
inside the loop,25.6,2.0059148399295013,-0.0988202411150534
inside the loop,25.7,1.988302125576815,-0.24601851145581846
inside the loop,25.8,1.9579603655939732,-0.35563428767539224
inside the loop,25.900000000000002,1.9180314492204895,-0.43946107729952766
inside the loop,26.0,1.8706332936497012,-0.5062511178641642
inside the loop,26.1,1.8171376602299925,-0.5622886433397991
inside the loop,26.2,1.7583831199831184,-0.6120591164559951
inside the loop,26.3,1.6948253278185614,-0.6588187839811078
inside the loop,26.400000000000002,1.6266372099632065,-0.7050273259688197
inside the loop,26.5,1.5537720327814744,-0.7526625282362819
inside the loop,26.6,1.4759995961480374,-0.8034483103277524
inside the loop,26.7,1.3929227528187114,-0.8590243154167577
inside the loop,26.8,1.3039789852468162,-0.9210780108301828
inside the loop,26.900000000000002,1.2084300691495984,-0.9914523531858238
inside the loop,27.0,1.1053419666235869,-1.072233450724237
inside the loop,27.1,0.9935571844706822,-1.165811185390133
inside the loop,27.2,0.8716633761262866,-1.2748873572187456
inside the loop,27.3,0.7379659603646861,-1.4023739060093636
inside the loop,27.400000000000002,0.5904807957784631,-1.5510685743459212
inside the loop,27.5,0.4269783110191087,-1.7229075874093387
inside the loop,27.6,0.24513616814246664,-1.91748034652284
inside the loop,27.7,0.042893678810482914,-2.1294172195658834
inside the loop,27.8,-0.18086588236369222,-2.3444592555151265
inside the loop,27.900000000000002,-0.4251993996417284,-2.5349965079000985
inside the loop,28.0,-0.6856315752473482,-2.658178774617789
inside the loop,28.1,-0.9528633691193195,-2.6625427402553687
inside the loop,28.2,-1.2127937176272605,-2.507824950980266
inside the loop,28.3,-1.4489731650047464,-2.1912206722472183
inside the loop,28.400000000000002,-1.6471375490617743,-1.7586734057519393
inside the loop,28.5,-1.7993726678853936,-1.2858152944211982
inside the loop,28.6,-1.9053221834361642,-0.8425279653480732
inside the loop,28.7,-1.9702560401300309,-0.46952076723403446
inside the loop,28.8,-2.0019419492150914,-0.17736289704222832
inside the loop,28.900000000000002,-2.008158929401467,0.04210152467460287
inside the loop,29.0,-1.995435032812673,0.20415268630067968
inside the loop,29.1,-1.968724202861532,0.32423255373300625
inside the loop,29.2,-1.9315574278401841,0.4151376786852788
inside the loop,29.3,-1.8863439091763794,0.4865357128964713
inside the loop,29.400000000000002,-1.8346652662333105,0.545417862770926
inside the loop,29.5,-1.7775097791374908,0.5967708242727716
inside the loop,29.6,-1.7154413351210924,0.6441866416617501
inside the loop,29.7,-1.64871397700936,0.6903380349778564
inside the loop,29.8,-1.5773454596477445,0.7373271261862269
inside the loop,29.900000000000002,-1.5011610319945208,0.7869375427214679
inside the loop,30.0,-1.4198155679151738,0.8408198641227189
inside the loop,30.1,-1.3327994786881814,0.9006337950333944
inside the loop,30.2,-1.2394318896634686,0.968162644045769
inside the loop,30.3,-1.1388434106095056,1.0454074408910192
inside the loop,30.400000000000002,-1.0299505798024482,1.1346577953065695
inside the loop,30.5,-0.9114250679529511,1.2385209772131545
inside the loop,30.6,-0.7816637949609505,1.3598639039959346
inside the loop,30.7,-0.6387727691615969,1.5015760266747393
inside the loop,30.8,-0.48059021521829004,1.6659842557943474
inside the loop,30.900000000000002,-0.30479668447607533,1.8536420434315743
inside the loop,31.0,-0.10919316312300681,2.0611134295545885
inside the loop,31.1,0.10773474936951466,2.2774440581301394
inside the loop,31.2,0.3458432651890033,2.4796710569644427
inside the loop,31.3,0.601940600723167,2.629592466515792
inside the loop,31.400000000000002,0.8683415224770413,2.676972244846983
inside the loop,31.5,1.1323277850244782,2.5751444038154374
inside the loop,31.6,1.3777692244119752,2.307018675502213
inside the loop,31.7,1.58917848239545,1.9037088088927738
inside the loop,31.8,1.7563291196289812,1.4350982096264362
inside the loop,31.900000000000002,1.8765608787579697,0.9764563382536741
inside the loop,32.0,1.9536913842978587,0.5788121932036951
inside the loop,32.1,1.9950209774300636,0.2613296303988447
inside the loop,32.2,2.008518708890014,0.02036305091044098
inside the loop,32.3,2.001178222438352,-0.15810626922492335
inside the loop,32.4,1.9784494802108676,-0.28993382830641246
inside the loop,32.5,1.944283829580334,-0.38888126759945013
inside the loop,32.6,1.9014115569362957,-0.4655820453918839
inside the loop,32.7,1.8516476055663387,-0.5278035096890044
inside the loop,32.8,1.7961467875928243,-0.581095080069085
inside the loop,32.9,1.7355925879186105,-0.6294320822198937
inside the loop,33.0,1.6703274464525357,-0.6757349507821829
inside the loop,33.1,1.6004379299830978,-0.7222551571732448
inside the loop,33.2,1.5258069124838929,-0.7708544294644293
inside the loop,33.3,1.446141855572967,-0.8232084023369064
inside the loop,33.4,1.360985399480624,-0.8809604238668005
inside the loop,33.5,1.2697122795118407,-0.9458435954810186
inside the loop,33.6,1.1715151729047302,-1.0197810922026107
inside the loop,33.7,1.0653815229209085,-1.1049654846239583
inside the loop,33.8,0.9500639349256906,-1.2039043644250256
inside the loop,33.9,0.8240490290227823,-1.3193971156021564
inside the loop,34.0,0.6855349330312617,-1.454368390458485
inside the loop,34.1,0.5324380923283507,-1.611417509752398
inside the loop,34.2,0.36246888609478484,-1.7918429255137658
inside the loop,34.300000000000004,0.1733454323786611,-1.9937875861754648
inside the loop,34.4,-0.036747169718142784,-2.2091370064309395
inside the loop,34.5,-0.26832290643289525,-2.419211805891794
inside the loop,34.6,-0.5193213741537092,-2.5907250875783134
inside the loop,34.7,-0.7836063030777428,-2.676233464466924
inside the loop,34.800000000000004,-1.050000901110411,-2.625418045932163
inside the loop,34.9,-1.303115498538368,-2.408961072178223
inside the loop,35.0,-1.5267271431603882,-2.0421712448486153
inside the loop,35.1,-1.7085369831300283,-1.5855875532209398
inside the loop,35.2,-1.8434580771246478,-1.1167489662763659
inside the loop,35.300000000000004,-1.9335382630803113,-0.6963034054129883
inside the loop,35.4,-1.985321601190545,-0.35303093923124235
inside the loop,35.5,-2.0068041102013368,-0.0890945200009143
inside the loop,35.6,-2.005392024775954,0.10740805781367825
inside the loop,35.7,-1.9870387491179375,0.25236742567357734
inside the loop,35.800000000000004,-1.9561452462987161,0.36041910090725177
inside the loop,35.9,-1.9157940251258823,0.4431951654293571
inside the loop,36.0,-1.868058990007364,0.5093066831254685
inside the loop,36.1,-1.814280314680881,0.5649310181464602
inside the loop,36.2,-1.7552740205718287,0.6144787623151509
inside the loop,36.300000000000004,-1.6914793807547193,0.661156482490657
inside the loop,36.4,-1.6230569308666682,0.7073927163020919
inside the loop,36.5,-1.5499499557317071,0.7551474895096382
inside the loop,36.6,-1.471919535820813,0.806136756987207
inside the loop,36.7,-1.388560212802285,0.861999653740656
inside the loop,36.800000000000004,-1.2993009004257916,0.9244291100701976
inside the loop,36.9,-1.2033940049009133,0.9952784758320986
inside the loop,37.0,-1.099894876329454,1.0766480990530298
inside the loop,37.1,-0.9876338643533076,1.1709440996674714
inside the loop,37.2,-0.8651848884621902,1.2808826751342668
inside the loop,37.300000000000004,-0.7308385927891311,1.409380343526308
inside the loop,37.4,-0.5825967045358496,1.5592138783431042
inside the loop,37.5,-0.41822002566509286,1.7322441497572032
inside the loop,37.6,-0.23538874685059033,1.9278830940364051
inside the loop,37.7,-0.032070274230970724,2.1404153590496793
inside the loop,37.800000000000004,0.1927783807696203,2.3550087253483474
inside the loop,37.9,0.43807217681575555,2.5432825362719744
inside the loop,38.0,0.6991168029707426,2.6616890927753794
inside the loop,38.1,0.9663522424232631,2.658745276225025
inside the loop,38.2,1.225476544008189,2.495476554159491
inside the loop,38.300000000000004,1.460032182287145,2.1715094124052974
inside the loop,38.4,1.6559935474203045,1.7350001054123534
inside the loop,38.5,1.805831351432726,1.2621485551363327
inside the loop,38.6,1.9095407519199248,0.8217279609094018
inside the loop,38.7,1.9725938450034353,0.45277806367973633
inside the loop,38.800000000000004,2.0028087039814166,0.16460290091679824
inside the loop,38.9,2.0079214450073826,-0.0515616221809321
inside the loop,39.0,1.9943823074440723,-0.21112954730016034
inside the loop,39.1,1.9670671828642308,-0.32944924905359557
inside the loop,39.2,1.9294425882445452,-0.41915795501452346
inside the loop,39.300000000000004,1.8838690946319168,-0.48977291170298365
inside the loop,39.4,1.8318931776607106,-0.5481674036182383
inside the loop,39.5,1.7744780507894122,-0.5992437922429713
inside the loop,39.6,1.7121695353129962,-0.6465372435519849
inside the loop,39.7,1.6452082167082414,-0.6926841058303637
inside the loop,39.800000000000004,1.5736012475320684,-0.7397649638866393
inside the loop,39.9,1.4971648617395399,-0.7895526853120053
inside the loop,40.0,1.4155455721663022,-0.8436951751800517
"inside, off-axis",0.0,-0.8,0.6
"inside, off-axis",0.1,-0.7348562052227187,0.7035836932585113
"inside, off-axis",0.2,-0.6591127991279349,0.8122847047058701
"inside, off-axis",0.3,-0.5721693442931161,0.9278810242499144
"inside, off-axis",0.4,-0.473249865315301,1.0520669646618543
"inside, off-axis",0.5,-0.36142527121277357,1.1861439499621684
"inside, off-axis",0.6,-0.2356767333321355,1.3304938883264164
"inside, off-axis",0.7000000000000001,-0.09502700882267066,1.483729151639913
"inside, off-axis",0.8,0.061223369170069736,1.6414387291579453
"inside, off-axis",0.9,0.23311591450508454,1.7945959034511016
"inside, off-axis",1.0,0.41949396215287327,1.9280708880553399
"inside, off-axis",1.1,0.6173615792592334,2.0203470610950793
"inside, off-axis",1.2,0.8213447996229144,2.0461544997648544
"inside, off-axis",1.3,1.023622866268754,1.9833083811085492
"inside, off-axis",1.4000000000000001,1.2147147143133685,1.822417679601029
"inside, off-axis",1.5,1.3851734308251715,1.574211536395378
"inside, off-axis",1.6,1.5276259542705473,1.2683717184351753
"inside, off-axis",1.7,1.6382089676765217,0.9431989746004638
"inside, off-axis",1.8,1.7167679322529057,0.6326472254706951
"inside, off-axis",1.9000000000000001,1.7659603660217835,0.35829595593120006
"inside, off-axis",2.0,1.7899237269957742,0.1285224597047281
"inside, off-axis",2.1,1.7931172477566941,-0.05784103358686192
"inside, off-axis",2.2,1.7795979544850318,-0.20697899341895454
"inside, off-axis",2.3000000000000003,1.7527018319529248,-0.3266914553107236
"inside, off-axis",2.4,1.714988786585746,-0.42449227822154023
"inside, off-axis",2.5,1.6683174372472303,-0.5068300639143574
"inside, off-axis",2.6,1.6139622266848161,-0.5789488561913586
"inside, off-axis",2.7,1.5527276945428572,-0.6450399547620758
"inside, off-axis",2.8000000000000003,1.4850416902629917,-0.7084890854867723
"inside, off-axis",2.9,1.4110231826863875,-0.772128186829664
"inside, off-axis",3.0,1.3305261852352293,-0.8384587002650906
"inside, off-axis",3.1,1.243163114828572,-0.9098395721145796
"inside, off-axis",3.2,1.1483110512731685,-0.9886415993439704
"inside, off-axis",3.3000000000000003,1.0451042338538963,-1.0773676499622737
"inside, off-axis",3.4,0.9324166320428566,-1.1787277565423855
"inside, off-axis",3.5,0.8088404781593804,-1.2956368935486522
"inside, off-axis",3.6,0.6726715926628705,-1.4310652756724607
"inside, off-axis",3.7,0.5219222806136669,-1.587607354967383
"inside, off-axis",3.8000000000000003,0.354400455276017,-1.766540935724536
"inside, off-axis",3.9,0.16792191522535205,-1.9660427620219418
"inside, off-axis",4.0,-0.039241862633765744,-2.1782191161767703
"inside, off-axis",4.1,-0.2675582507208617,-2.3850038055100358
"inside, off-axis",4.2,-0.5150102267766067,-2.5543207018129728
"inside, off-axis",4.3,-0.7756558308549912,-2.640482821407211
"inside, off-axis",4.4,-1.0386898692060669,-2.5947782192031585
"inside, off-axis",4.5,-1.289193269007271,-2.388033051460628
"inside, off-axis",4.6000000000000005,-1.5113138301184583,-2.033404650323767
"inside, off-axis",4.7,-1.692826365860933,-1.5879642601228272
"inside, off-axis",4.8,-1.8283967543528352,-1.1266458342124688
"inside, off-axis",4.9,-1.9196666227221806,-0.7095619013377278
"inside, off-axis",5.0,-1.972806409868137,-0.3664947836513647
"inside, off-axis",5.1000000000000005,-1.995567073089846,-0.10100605146476846
"inside, off-axis",5.2,-1.9952374228067717,0.09771666080044622
"inside, off-axis",5.3,-1.9777390867103426,0.2449350492734045
"inside, off-axis",5.4,-1.9474853150612932,0.3550064101080917
"inside, off-axis",5.5,-1.9075875159327982,0.43948669094207254
"inside, off-axis",5.6000000000000005,-1.8601506656488975,0.5070061208191491
"inside, off-axis",5.7,-1.8065419833766647,0.5637965695809838
"inside, off-axis",5.8,-1.7475985939097016,0.61433001374157
"inside, off-axis",5.9,-1.6837749022018382,0.6618700903522259
"inside, off-axis",6.0,-1.6152412241764937,0.7088952123309125
"inside, off-axis",6.1000000000000005,-1.5419459769342352,0.757408750612439
"inside, off-axis",6.2,-1.4636512871256475,0.8091653957877315
"inside, off-axis",6.3,-1.3799490093847018,0.8658405597679691
"inside, off-axis",6.4,-1.2902617844829818,0.9291628937669911
"inside, off-axis",6.5,-1.1938321433064332,1.0010222196296854
"inside, off-axis",6.6000000000000005,-1.0897018611585008,1.0835562988447398
"inside, off-axis",6.7,-0.9766839925170927,1.1792076568041507
"inside, off-axis",6.8,-0.8533318000718706,1.2907217962625075
"inside, off-axis",6.9,-0.7179132292810072,1.421023507501404
"inside, off-axis",7.0,-0.5684086205587697,1.57284875620335
"inside, off-axis",7.1000000000000005,-0.40256593836215404,1.7479171850180955
"inside, off-axis",7.2,-0.21807502829352707,1.945315178362162
"inside, off-axis",7.3,-0.012959388966053226,2.158704323667117
"inside, off-axis",7.4,0.21368644368477174,2.3722389903351297
"inside, off-axis",7.5,0.46052097188509916,2.556213838466292
"inside, off-axis",7.6000000000000005,0.7224642810811217,2.665957920318987
"inside, off-axis",7.7,0.9895115625196913,2.6501371191418115
"inside, off-axis",7.8,1.2470408532708817,2.472216064151234
"inside, off-axis",7.9,1.4786228774326888,2.1360792767925103
"inside, off-axis",8.0,1.6706789257891181,1.6935020903527294
"inside, off-axis",8.1,1.816351349756133,1.2213493848102988
"inside, off-axis",8.2,1.9162225305664022,0.7862918018440977
"inside, off-axis",8.3,1.9760850185470438,0.4244894120696367
"inside, off-axis",8.4,2.0038213747721096,0.14316080436540962
"inside, off-axis",8.5,2.007081528514718,-0.06741124329492815
"inside, off-axis",8.6,1.9921771629559841,-0.22281218783792803
"inside, off-axis",8.700000000000001,1.9638494166693299,-0.3382020117972424
"inside, off-axis",8.8,1.9254551182327604,-0.4259351434301786
"inside, off-axis",8.9,1.8792727781367378,-0.49526999564376295
"inside, off-axis",9.0,1.8267898371178806,-0.5528799755962073
"inside, off-axis",9.1,1.7689274691594459,-0.6035259376006483
"inside, off-axis",9.200000000000001,1.7062011538139656,-0.6506484667843049
"inside, off-axis",9.3,1.6388287612806858,-0.6968241059323868
"inside, off-axis",9.4,1.5667993866508247,-0.7440987206367461
"inside, off-axis",9.5,1.4899137197039949,-0.7942287085927361
"inside, off-axis",9.6,1.407803658610912,-0.8488592660138297
"inside, off-axis",9.700000000000001,1.3199362824281653,-0.9096620151992787
"inside, off-axis",9.8,1.2256054568005268,-0.9784464571590114
"inside, off-axis",9.9,1.1239133111658037,-1.0572513209724004
"inside, off-axis",10.0,1.0137437238603046,-1.1484111396058403
"inside, off-axis",10.1,0.893731186484916,-1.2545765878575876
"inside, off-axis",10.200000000000001,0.762231880693994,-1.378638100975835
"inside, off-axis",10.3,0.6173111446893605,-1.5234519240977005
"inside, off-axis",10.4,0.4567753869502138,-1.691186011660054
"inside, off-axis",10.5,0.2783001999639389,-1.8819911349896619
"inside, off-axis",10.6,0.07974111613664764,-2.091611271534576
"inside, off-axis",10.700000000000001,-0.14025085825083797,-2.307669541912704
"inside, off-axis",10.8,-0.3811918350300482,-2.5051598091240233
"inside, off-axis",10.9,-0.6393330957618252,-2.643745900760091
"inside, off-axis",11.0,-0.9062713044374408,-2.6724216619550836
"inside, off-axis",11.1,-1.1686439663229782,-2.547042616980659
"inside, off-axis",11.200000000000001,-1.410122368810548,-2.256706779879324
"inside, off-axis",11.3,-1.615709396508564,-1.8393581219555608
"inside, off-axis",11.4,-1.7761921140861339,-1.367919155510158
"inside, off-axis",11.5,-1.8899635244944881,-0.9155907052695536
"inside, off-axis",11.6,-1.9615322353942493,-0.5288186627797322
"inside, off-axis",11.700000000000001,-1.9984415092026573,-0.22277292297007764
"inside, off-axis",11.8,-2.008592789323426,0.008368061456031223
"inside, off-axis",11.9,-1.9987759529491644,0.17928330846032164
"inside, off-axis",12.0,-1.9742170346956336,0.3056821628753385
"inside, off-axis",12.1,-1.9386752200325108,0.4009013125752444
"inside, off-axis",12.200000000000001,-1.8947331285456896,0.47513603765324075
"inside, off-axis",12.3,-1.84409811161251,0.5357973354714284
"inside, off-axis",12.4,-1.7878481568715168,0.5881746057406857
"inside, off-axis",12.5,-1.726611658530416,0.6360652824881459
"inside, off-axis",12.6,-1.660690476215578,0.6822743018708041
"inside, off-axis",12.700000000000001,-1.5901397556134065,0.7289829790110034
"inside, off-axis",12.8,-1.5148162389538733,0.7780156891028681
"inside, off-axis",12.9,-1.4344037182115552,0.8310350546806038
"inside, off-axis",13.0,-1.3484214837800639,0.8896903309640058
"inside, off-axis",13.1,-1.2562195351710972,0.9557359486165549
"inside, off-axis",13.200000000000001,-1.1569630246647873,1.0311290621382578
"inside, off-axis",13.3,-1.0496079816151103,1.1181052589922031
"inside, off-axis",13.4,-0.9328711098726857,1.219217241689216
"inside, off-axis",13.5,-0.8051990721639123,1.3372969940236832
"inside, off-axis",13.6,-0.6647485542971795,1.4752594699915684
"inside, off-axis",13.700000000000001,-0.509399868850843,1.6355948741594035
"inside, off-axis",13.8,-0.33684712214307966,1.819292222226604
"inside, off-axis",13.9,-0.1448394443747675,2.0238274033874766
"inside, off-axis",14.0,0.06831438370699598,2.239868690238817
"inside, off-axis",14.1,0.30285010775724874,2.4468664984970085
"inside, off-axis",14.200000000000001,0.5562192193856715,2.6093161698700107
"inside, off-axis",14.3,0.8216018728558931,2.6783584879348106
"inside, off-axis",14.4,1.087115921658992,2.604985596363248
"inside, off-axis",14.5,1.3369918984455151,2.365069317878589
"inside, off-axis",14.6,1.5552747698139469,1.9810558461968981
"inside, off-axis",14.700000000000001,1.7305582229259229,1.5180912882842172
"inside, off-axis",14.8,1.8588522550651756,1.05311971967657
"inside, off-axis",14.9,1.9430359937547566,0.6426115193822627
"inside, off-axis",15.0,1.9900303669501052,0.3109284332831504
"inside, off-axis",15.1,2.0078421113777662,0.057463848511356524
"inside, off-axis",15.200000000000001,2.003700763821112,-0.13075011987272112
"inside, off-axis",15.3,1.983333839194726,-0.26964319118834373
"inside, off-axis",15.4,1.9509372522982142,-0.3734743165823119
"inside, off-axis",15.5,1.9094316459510532,-0.453425136387255
"inside, off-axis",15.6,1.860771486840893,-0.5177202225164005
"inside, off-axis",15.700000000000001,1.8062113617434157,-0.5722470661062796
"inside, off-axis",15.8,1.7465061495486969,-0.6212143444359081
"inside, off-axis",15.9,1.6820505764341946,-0.6676953054687473
"inside, off-axis",16.0,1.6129713120660123,-0.7140354684479816
"inside, off-axis",16.1,1.5391841640162949,-0.7621481548108006
"inside, off-axis",16.2,1.4604260084765974,-0.8137292704408453
"inside, off-axis",16.3,1.3762681273819264,-0.8704182878047301
"inside, off-axis",16.4,1.2861152943727807,-0.9339248736085013
"inside, off-axis",16.5,1.189193402489919,-1.0061326526694934
"inside, off-axis",16.6,1.0845277090687937,-1.0891826489381438
"inside, off-axis",16.7,0.9709140959600906,-1.1855265264478285
"inside, off-axis",16.8,0.8468876592583676,-1.2979193442233512
"inside, off-axis",16.9,0.7106975884940877,-1.4292858865646325
"inside, off-axis",17.0,0.5603066782402111,-1.5823337520171448
"inside, off-axis",17.1,0.39345093068159626,-1.758692007692592
"inside, off-axis",17.2,0.20782260231615232,-1.9572389799701682
"inside, off-axis",17.3,0.001477368759821324,-2.1712357968971605
"inside, off-axis",17.400000000000002,-0.22640554893967654,-2.384181704923971
"inside, off-axis",17.5,-0.4743229061197417,-2.5655114598839295
"inside, off-axis",17.6,-0.7369490695129868,-2.6698222477641567
"inside, off-axis",17.7,-1.0039945943860298,-2.645868107215009
"inside, off-axis",17.8,-1.26063210624389,-2.458666073570122
"inside, off-axis",17.900000000000002,-1.4904478677000859,-2.1147922416045137
"inside, off-axis",18.0,-1.6801419446008383,-1.6682832226220514
"inside, off-axis",18.1,-1.8232748671108165,-1.1964059274719339
"inside, off-axis",18.2,-1.920794073716926,-0.7645267003538195
"inside, off-axis",18.3,-1.9786926147780493,-0.4070355095507245
"inside, off-axis",18.400000000000002,-2.004896404820913,-0.12987067371615152
"inside, off-axis",18.5,-2.0070059635237003,0.07727580917587978
"inside, off-axis",18.6,-1.9912506114101125,0.2301043253964202
"inside, off-axis",18.7,-1.9622904701432604,0.34366868582699445
"inside, off-axis",18.8,-1.9234159083935916,0.4301566455552536
"inside, off-axis",18.900000000000002,-1.8768553876143854,0.498671844623065
"inside, off-axis",19.0,-1.8240601372826486,0.5557669474697798
"inside, off-axis",19.1,-1.7659254329870175,0.606116504204332
"inside, off-axis",19.2,-1.7029480247882047,0.6531027948718171
"inside, off-axis",19.3,-1.635331783836988,0.6992649635200224
"inside, off-axis",19.400000000000002,-1.5630547473672252,0.7466266325894124
"inside, off-axis",19.5,-1.4859081914186563,0.7969330015511527
"inside, off-axis",19.6,-1.4035152866682457,0.8518263782178258
"inside, off-axis",19.7,-1.3153343341702004,0.9129820508846462
"inside, off-axis",19.8,-1.2206497781127053,0.9822185484966097
"inside, off-axis",19.900000000000002,-1.1185532005125787,1.061587883395951
"inside, off-axis",20.0,-1.0079164569415686,1.1534404309813402
"inside, off-axis",20.1,-0.8873604345480696,1.2604418608784747
"inside, off-axis",20.2,-0.7552265255470066,1.3854896779823722
"inside, off-axis",20.3,-0.6095655132989987,1.5314251942384651
"inside, off-axis",20.400000000000002,-0.44817286859307354,1.7003532580989522
"inside, off-axis",20.5,-0.2687237215076237,1.8922691145740838
"inside, off-axis",20.6,-0.06909591800822648,2.1026049138345986
"inside, off-axis",20.7,0.15199540537589365,2.3184510304878074
"inside, off-axis",20.8,0.39393749524780186,2.514052590051856
"inside, off-axis",20.900000000000002,0.6527748109854534,2.648325847429133
"inside, off-axis",21.0,0.9198442506499355,2.6700712717434447
"inside, off-axis",21.1,1.18156137391419,2.5361832809898988
"inside, off-axis",21.2,1.4215475429506876,2.238066054872393
"inside, off-axis",21.3,1.6250041685631942,1.8160459775570277
"inside, off-axis",21.400000000000002,1.7830910455226965,1.3439551688909226
"inside, off-axis",21.5,1.8945709926719383,0.8941139767070748
"inside, off-axis",21.6,1.9641846121527546,0.5113059157492883
"inside, off-axis",21.7,1.9995489687501218,0.20932438865874642
"inside, off-axis",21.8,2.0085342632822187,-0.01837065236033635
"inside, off-axis",21.900000000000002,1.9978553820481721,-0.18665682882118928
"inside, off-axis",22.0,1.9726587630686818,-0.3111753388715043
"inside, off-axis",22.1,1.9366362425582204,-0.40510752258220295
"inside, off-axis",22.2,1.892319035610305,-0.47849377673122456
"inside, off-axis",22.3,1.841377151588103,-0.5386208174356232
"inside, off-axis",22.400000000000002,1.7848619271519368,-0.5906880035720955
"inside, off-axis",22.5,1.7233826138752824,-0.6384314658712466
"inside, off-axis",22.6,1.6572269183630075,-0.6846165323105243
"inside, off-axis",22.7,1.5864389642999552,-0.7314006478942172
"inside, off-axis",22.8,1.510866259227242,-0.7805957181937003
"inside, off-axis",22.900000000000002,1.4301841636131145,-0.8338603864186906
"inside, off-axis",23.0,1.3439035905671095,-0.8928465593034762
"inside, off-axis",23.1,1.25136561762574,-0.9593167407625038
"inside, off-axis",23.2,1.1517254376579995,-1.0352405860198484
"inside, off-axis",23.3,1.0439277022576687,-1.122869250070427
"inside, off-axis",23.400000000000002,0.9266761293853187,-1.224771406497236
"inside, off-axis",23.5,0.7984029933837389,-1.3437898141137243
"inside, off-axis",23.6,0.6572502128843856,-1.4828336440958834
"inside, off-axis",23.7,0.5010855830156828,-1.644349120744063
"inside, off-axis",23.8,0.32759849536108604,-1.8292052152617662
"inside, off-axis",23.900000000000002,0.13455151545243335,-2.0346236104819866
"inside, off-axis",24.0,-0.07969811337448618,-2.2508156376138917
"inside, off-axis",24.1,-0.3152802110528316,-2.456543052235501
"inside, off-axis",24.2,-0.5694642597933864,-2.615512409057191
"inside, off-axis",24.3,-0.8351815530401756,-2.6784200809817555
"inside, off-axis",24.400000000000002,-1.1003029475300175,-2.5968538586344616
"inside, off-axis",24.5,-1.348941611567467,-2.3486588458777238
"inside, off-axis",24.6,-1.565262741911331,-1.9588188469491539
"inside, off-axis",24.7,-1.7381941153567835,-1.4939653714704717
"inside, off-axis",24.8,-1.8641349069830735,-1.0306600745690222
"inside, off-axis",24.900000000000002,-1.9462466362178152,-0.6238220544175448
"inside, off-axis",25.0,-1.9915698417000551,-0.2962738397025361
"inside, off-axis",25.1,-2.0081058327152617,-0.04648447243269287
"inside, off-axis",25.2,-2.0030175458399424,0.1388476858193694
"inside, off-axis",25.3,-1.981951750405632,0.2756438621444028
"inside, off-axis",25.400000000000002,-1.9490324247429296,0.3780219921824474
"inside, off-axis",25.5,-1.9071239265301483,0.4570036485414646
"inside, off-axis",25.6,-1.858139366200303,0.520678490652419
"inside, off-axis",25.7,-1.8033037355159445,0.5748337221850713
"inside, off-axis",25.8,-1.7433507517390001,0.6236085574869488
"inside, off-axis",25.900000000000002,-1.6786596755889553,0.6700306095158873
"inside, off-axis",26.0,-1.6093453566852134,0.7164171794270103
"inside, off-axis",26.1,-1.5353139419214124,0.7646659483497382
"inside, off-axis",26.2,-1.4562937256683972,0.8164664422705504
"inside, off-axis",26.3,-1.3718476761736982,0.8734588705206524
"inside, off-axis",26.400000000000002,-1.2813718830026712,0.9373593863343008
"inside, off-axis",26.5,-1.1840826612118611,1.0100628438840547
"inside, off-axis",26.6,-1.0789943761445697,1.0937250753699952
"inside, off-axis",26.7,-0.9648904390511205,1.190814017217247
"inside, off-axis",26.8,-0.840291944701983,1.3040980333376955
"inside, off-axis",26.900000000000002,-0.7034332512637046,1.4365031088839748
"inside, off-axis",27.0,-0.5522634982772542,1.5907081520311175
"inside, off-axis",27.1,-0.38451065693909686,1.768251572373485
"inside, off-axis",27.2,-0.19787318508806961,1.9678073532417324
"inside, off-axis",27.3,0.009558103504985479,2.1822505426249124
"inside, off-axis",27.400000000000002,0.23851877042062056,2.394461726146964
"inside, off-axis",27.5,0.4873486178400272,2.573087743406572
"inside, off-axis",27.6,0.7504902443547186,2.6721029165822623
"inside, off-axis",27.7,1.0173948703164575,2.6404558247528356
"inside, off-axis",27.8,1.2730616947822457,2.444724679151912
"inside, off-axis",27.900000000000002,1.5011167053662582,2.0940076812241415
"inside, off-axis",28.0,1.688538959378017,1.644318672636206
"inside, off-axis",28.1,1.8292812461885475,1.1731205184680733
"inside, off-axis",28.2,1.9246190786754105,0.744463815793047
"inside, off-axis",28.3,1.980715679577897,0.39109316230139457
"inside, off-axis",28.400000000000002,2.0055241690307968,0.11780842103996764
"inside, off-axis",28.5,2.0065915370835565,-0.08619514717528153
"inside, off-axis",28.6,1.990067317181474,-0.23669063049364963
"inside, off-axis",28.7,1.9605356035332693,-0.34861613949181214
"inside, off-axis",28.8,1.9212253851384429,-0.4339981086852804
"inside, off-axis",28.900000000000002,1.8743193386746095,-0.5017952007002952
"inside, off-axis",29.0,1.8212357559900678,-0.5584489077106054
"inside, off-axis",29.1,1.7628464136062567,-0.6085552883347738
"inside, off-axis",29.2,1.6996310477108434,-0.6554442082258598
"inside, off-axis",29.3,1.6317807410180503,-0.701621686960167
"inside, off-axis",29.400000000000002,1.5592633204670543,-0.7490921537900713
"inside, off-axis",29.5,1.481861237502112,-0.799591779048529
"inside, off-axis",29.6,1.3991893402999378,-0.854761533145937
"inside, off-axis",29.7,1.310697424669387,-0.9162814893216128
"inside, off-axis",29.8,1.2156606905440985,-0.9859800116321039
"inside, off-axis",29.900000000000002,1.113160281817929,-1.0659229516410544
"inside, off-axis",30.0,1.0020560974368444,-1.1584768273332688
"inside, off-axis",30.1,0.8809554723985142,-1.2663222549322584
"inside, off-axis",30.2,0.7481850927598034,-1.3923631849945517
"inside, off-axis",30.3,0.6017813785173225,-1.5394243624874293
"inside, off-axis",30.400000000000002,0.4395292964691218,-1.7095441772127067
"inside, off-axis",30.5,0.2591044075586518,-1.9025563539013688
"inside, off-axis",30.6,0.05840852505461918,-2.1135719973904536
"inside, off-axis",30.7,-0.16377639339400205,-2.329137794007307
"inside, off-axis",30.8,-0.40670511536928594,-2.522744440305759
"inside, off-axis",30.900000000000002,-0.6662119539334452,-2.652575120009597
"inside, off-axis",31.0,-0.9333738551663588,-2.66728644720654
"inside, off-axis",31.1,-1.194390631423741,-2.524883879636017
"inside, off-axis",31.2,-1.4328459901574688,-2.219115165472601
"inside, off-axis",31.3,-1.6341517195929829,-1.7926403818870318
"inside, off-axis",31.400000000000002,-1.7898440106673732,-1.3200993231961093
"inside, off-axis",31.5,-1.8990499449916658,-0.8728618177067651
"inside, off-axis",31.6,-1.9667329438361298,-0.49404562401966845
"inside, off-axis",31.7,-2.0005765841560135,-0.19610151578919538
"inside, off-axis",31.8,-2.008416162881314,0.028194748857032447
"inside, off-axis",31.900000000000002,-1.996890681377996,0.19389897655658522
"inside, off-axis",32.0,-1.9710674714435743,0.31657608750645133
"inside, off-axis",32.1,-1.93457194029057,0.40925074744848966
"inside, off-axis",32.2,-1.8898847906867844,0.48180985930449904
"inside, off-axis",32.3,-1.8386394011308258,0.5414178710660081
"inside, off-axis",32.4,-1.7818609733442634,0.5931859200137146
"inside, off-axis",32.5,-1.7201399701306712,0.6407902500346665
"inside, off-axis",32.6,-1.6537501768382978,0.6869576188866303
"inside, off-axis",32.7,-1.5827248384205679,0.7338223490894549
"inside, off-axis",32.8,-1.5069023070115586,0.7831844220678494
"inside, off-axis",32.9,-1.4259495434350837,0.8366989143613214
"inside, off-axis",33.0,-1.339369078685812,0.8960207115189952
"inside, off-axis",33.1,-1.2464930338767624,0.962920658052999
"inside, off-axis",33.2,-1.1464665841628368,1.0393811170215717
"inside, off-axis",33.3,-1.0382229287353455,1.1276689201637402
"inside, off-axis",33.4,-0.9204527228210868,1.2303686228602024
"inside, off-axis",33.5,-0.7915738025295372,1.3503332605326719
"inside, off-axis",33.6,-0.6497133552341313,1.4904649182875969
"inside, off-axis",33.7,-0.4927268917472725,1.6531630602579606
"inside, off-axis",33.8,-0.31829971352821024,1.8391713831889536
"inside, off-axis",33.9,-0.12420913396406198,2.045448719946759
"inside, off-axis",34.0,0.0911367948338394,2.2617377177190154
"inside, off-axis",34.1,0.3277584536574659,2.466101208969845
"inside, off-axis",34.2,0.5827393357086202,2.6214607246423913
"inside, off-axis",34.300000000000004,0.8487597273953263,2.678103732747951
"inside, off-axis",34.4,1.113446704628713,2.58828251106309
"inside, off-axis",34.5,1.3608062445414486,2.3318747751217126
"inside, off-axis",34.6,1.5751366081489597,1.9363878423485548
"inside, off-axis",34.7,1.745706953292128,1.4698500438085054
"inside, off-axis",34.800000000000004,1.8693034483705304,1.0083543213189665
"inside, off-axis",34.9,1.9493620498225654,0.6052429228091118
"inside, off-axis",35.0,1.9930351473075478,0.2818225237366384
"inside, off-axis",35.1,2.008314017789393,0.03567199930633362
"inside, off-axis",35.2,2.002293366572438,-0.14682035227408463
"inside, off-axis",35.300000000000004,1.9805392917702027,-0.2815563038059605
"inside, off-axis",35.4,1.9471045616055251,-0.3825098242155169
"inside, off-axis",35.5,1.904798061996579,-0.46054305247458155
"inside, off-axis",35.6,1.8554922295108136,-0.5236124466013053
"inside, off-axis",35.7,1.8003829670484812,-0.5774066370053044
"inside, off-axis",35.800000000000004,1.7401831803978123,-0.6259967600576961
"inside, off-axis",35.9,1.6752568946551312,-0.6723658226406579
"inside, off-axis",36.0,1.6057072813486823,-0.7188036505976666
"inside, off-axis",36.1,1.5314309051806574,-0.76719282437284
"inside, off-axis",36.2,1.4521475104273065,-0.8192168955323202
"inside, off-axis",36.300000000000004,1.3674117474029543,-0.8765171307346163
"inside, off-axis",36.4,1.2766109882706924,-0.940816433948826
"inside, off-axis",36.5,1.1789519128064623,-1.0140211026556185
"inside, off-axis",36.6,1.07343791907776,-1.098301915322059
"inside, off-axis",36.7,0.9588398653935662,-1.1961430647938263
"inside, off-axis",36.800000000000004,0.8336647787067148,-1.3103258798328254
"inside, off-axis",36.9,0.6961321823275147,-1.443776553950771
"inside, off-axis",37.0,0.5441777119086103,-1.5991430830627849
"inside, off-axis",37.1,0.3755217782986147,-1.777868878623218
"inside, off-axis",37.2,0.1878700956527975,-1.9784160758470062
"inside, off-axis",37.300000000000004,-0.02064939895560583,-2.1932626461240927
"inside, off-axis",37.4,-0.2506838836690237,-2.4046588167638308
"inside, off-axis",37.5,-0.5004122062295894,-2.580460888298638
"inside, off-axis",37.6,-0.7640420993497496,-2.6740441085833853
"inside, off-axis",37.7,-1.0307665879560286,-2.6346120642091497
"inside, off-axis",37.800000000000004,-1.2854195371939436,-2.4303738811115094
"inside, off-axis",37.9,-1.5116794836189047,-2.0729638847595835
"inside, off-axis",38.0,-1.6968143217234573,-1.6203023656479374
"inside, off-axis",38.1,-1.8351698483448406,-1.1499518653912282
"inside, off-axis",38.2,-1.9283428600781303,-0.7246006709264201
"inside, off-axis",38.300000000000004,-1.9826584392574964,-0.375359927278767
"inside, off-axis",38.4,-2.0060912261591635,-0.10592516649704015
"inside, off-axis",38.5,-2.0061322337655256,0.09497722424397095
"inside, off-axis",38.6,-1.9888508771505136,0.24317846119118428
"inside, off-axis",38.7,-1.9587558223750323,0.353496032337636
"inside, off-axis",38.800000000000004,-1.919015497152673,0.43779490649222425
"inside, off-axis",38.9,-1.8717675245989651,0.5048903008045355
"inside, off-axis",39.0,-1.8183978181309743,0.5611143017321468
"inside, off-axis",39.1,-1.7597550493827068,0.6109859719306023
"inside, off-axis",39.2,-1.6963022035526227,0.6577838949199127
"inside, off-axis",39.300000000000004,-1.628217740787864,0.7039817870881223
"inside, off-axis",39.4,-1.5554593735466713,0.7515654780496273
"inside, off-axis",39.5,-1.4778007733477314,0.8022625492350668
"inside, off-axis",39.6,-1.3948484717882335,0.8577129759427959
"inside, off-axis",39.7,-1.3060437344711207,0.9196018958503268
"inside, off-axis",39.800000000000004,-1.2106524666348484,0.9897677385055231
"inside, off-axis",39.9,-1.1077453034685307,1.0702903617991528
"inside, off-axis",40.0,-0.9961701053386751,1.163552471833389
close to the loop,0.0,2.0,0.0
close to the loop,0.1,1.9909334601955697,-0.17265487054809603
close to the loop,0.2,1.9669525818082962,-0.3007211522622193
close to the loop,0.3,1.9318321330602528,-0.3973953573004354
close to the loop,0.4,1.8881777659261703,-0.4728497409075947
close to the loop,0.5,1.837719208244123,-0.5345234499493416
close to the loop,0.6,1.7815529876693628,-0.5877506448244428
close to the loop,0.7000000000000001,1.7203214264660467,-0.6363747132344794
close to the loop,0.8,1.6543359101954265,-0.683242265989538
close to the loop,0.9,1.5836572039277033,-0.7305711398978968
close to the loop,1.0,1.508144236975607,-0.780218074629696
close to the loop,1.1,1.4274798942778066,-0.8338754880911587
close to the loop,1.2,1.34117964050078,-0.8932214643635075
close to the loop,1.3,1.2485867586041117,-0.9600395987397781
close to the loop,1.4000000000000001,1.1488567191481618,-1.0363172198084174
close to the loop,1.5,1.040932816891396,-1.1243205586639158
close to the loop,1.6,0.9235160398748988,-1.226630521150296
close to the loop,1.7,0.7950349208071137,-1.346097368788231
close to the loop,1.8,0.6536273002636976,-1.4856284133600413
close to the loop,1.9000000000000001,0.49715790698414286,-1.6476494755418758
close to the loop,2.0,0.3233166670461555,-1.8329745679858365
close to the loop,2.1,0.12987487398424785,-2.038711912732092
close to the loop,2.2,-0.08478609477422444,-2.254874360980556
close to the loop,2.3000000000000003,-0.3207473753949564,-2.4599341513359563
close to the loop,2.4,-0.5751985489903758,-2.6172837780694316
close to the loop,2.5,-0.8409660334184096,-2.677478947926977
close to the loop,2.6,-1.105822519839157,-2.59242660588112
close to the loop,2.7,-1.353843994824803,-2.340853365953771
close to the loop,2.8000000000000003,-1.5692605168820088,-1.9487951668381702
close to the loop,2.9,-1.7411495166050222,-1.4834266097564845
close to the loop,3.0,-1.8660739110610889,-1.02106034019584
close to the loop,3.1,-1.9473072947826657,-0.6159206311221417
close to the loop,3.2,-1.9919320945651866,-0.2901871321937576
close to the loop,3.3000000000000003,-2.00794061713279,-0.04196501045868778
close to the loop,3.4,-2.00246364459274,0.14216336885173386
close to the loop,3.5,-1.9811119048756363,0.2780991403994463
close to the loop,3.6,-1.9479783026114457,0.37989183148127326
close to the loop,3.7,-1.9059033479951732,0.458491496997785
close to the loop,3.8000000000000003,-1.856782851531393,0.521929580597648
close to the loop,3.9,-1.8018295233174488,0.5759509784182116
close to the loop,4.0,-1.7417683243609248,0.6246661636773743
close to the loop,4.1,-1.6769720933518395,0.6710842737438233
close to the loop,4.2,-1.6075507139209908,0.7175115530543981
close to the loop,4.3,-1.5334061915317931,0.7658399636696488
close to the loop,4.4,-1.4542630445789015,0.8177572580509568
close to the loop,4.5,-1.3696804836647356,0.8749049389870087
close to the loop,4.6000000000000005,-1.2790505818181979,0.9390029699651534
close to the loop,4.7,-1.1815851479608706,1.0119521175455608
close to the loop,4.8,-1.0762933654917268,1.0959157040917082
close to the loop,4.9,-0.9619526747457551,1.1933697149387006
close to the loop,5.0,-0.8370774502947618,1.3070889377996742
close to the loop,5.1000000000000005,-0.6998949432798309,1.4399996330958222
close to the loop,5.2,-0.5483478081570319,1.5947660364357348
close to the loop,5.3,-0.38016036760002886,1.7728811188378728
close to the loop,5.4,-0.19303452814479177,1.9729173001910603
close to the loop,5.5,0.014921116853119684,2.187558972662996
close to the loop,5.6000000000000005,0.2443997139483384,2.399383497072762
close to the loop,5.7,0.4936636891817481,2.5766562055602478
close to the loop,5.8,0.7570424767112334,2.6730596364937442
close to the loop,5.9,1.0238624288837526,2.6376593393893315
close to the loop,6.0,1.2790420291090518,2.4378144496373486
close to the loop,6.1000000000000005,1.5062313697614829,2.083847706471234
close to the loop,6.2,1.6925481653094374,1.6327022156987296
close to the loop,6.3,1.8321351878238654,1.1618990784970085
close to the loop,6.4,1.9264240204689296,0.7348346737825437
close to the loop,6.5,1.9816569851692605,0.3834620889771851
close to the loop,6.6000000000000005,2.005798134858214,0.11204344448464536
close to the loop,6.7,2.0063675758400024,-0.09045556199955682
close to the loop,6.8,1.9894760772635836,-0.2398374638885217
close to the loop,6.9,1.9596711588878326,-0.35098237509929
close to the loop,7.0,1.9201524173698474,-0.4358385331253807
close to the loop,7.1000000000000005,1.8730806557957436,-0.5032949938412337
close to the loop,7.2,1.8198584457278884,-0.5597401174454584
close to the loop,7.3,1.7613463479058722,-0.6097325563198294
close to the loop,7.4,1.6980159698974258,-0.6565772572329568
close to the loop,7.5,1.6300522720496133,-0.7027645396952866
close to the loop,7.6000000000000005,1.5574181781484853,-0.7502897885402324
close to the loop,7.7,1.479891885808798,-0.8008849902051903
close to the loop,7.8,1.397084215786514,-0.8561906166755671
close to the loop,7.9,1.308440834380099,-0.9178891827614507
close to the loop,8.0,1.2132324426389052,-0.9878139211589144
close to the loop,8.1,1.1105350978939164,-1.0680374681612372
close to the loop,8.2,0.9992028708239369,-1.1609341975709875
close to the loop,8.3,0.877836495820761,-1.2691919068501831
close to the loop,8.4,0.7447555139442122,-1.395717412624704
close to the loop,8.5,0.5979894090537198,-1.5433267946353195
close to the loop,8.6,0.43531817669797285,-1.7140249204233318
close to the loop,8.700000000000001,0.254417887851725,-1.9075648434841315
close to the loop,8.8,0.05320257981074594,-2.118898306830535
close to the loop,8.9,-0.1695123643633651,-2.334303823854069
close to the loop,9.0,-0.41291604710754365,-2.526903444441561
close to the loop,9.1,-0.672739483820819,-2.654529429066613
close to the loop,9.200000000000001,-0.9399332574134159,-2.6657863252802008
close to the loop,9.3,-1.200594576380506,-2.5192449787308404
close to the loop,9.4,-1.4382931912529935,-2.209804359942872
close to the loop,9.5,-1.638547211760394,-1.781240368447976
close to the loop,9.6,-1.7930768807974202,-1.3085493515698503
close to the loop,9.700000000000001,-1.9011842455981065,-0.8626155924311556
close to the loop,9.8,-1.967937791379587,-0.4857471439208061
close to the loop,9.9,-2.0010509282792226,-0.18975453466500442
close to the loop,10.0,-2.0083407825797126,0.03290706586333192
close to the loop,10.1,-1.9964092187235598,0.19737315110642936
close to the loop,10.200000000000001,-1.9702853278181616,0.3191689277009976
close to the loop,10.3,-1.9335625713756115,0.4112425817791007
close to the loop,10.4,-1.888697422508059,0.4834069727602539
close to the loop,10.5,-1.837305708292182,0.5427678622186543
close to the loop,10.6,-1.7804001097327995,0.5943941598845538
close to the loop,10.700000000000001,-1.718562081808578,0.6419335018713009
close to the loop,10.8,-1.652058725039126,0.6880942608169158
close to the loop,10.9,-1.5809180476987696,0.734999777816909
close to the loop,11.0,-1.504973981007379,0.7844444232350636
close to the loop,11.1,-1.4238894163130318,0.8380816767876506
close to the loop,11.200000000000001,-1.3371628116515168,0.897567977290141
close to the loop,11.3,-1.244121926667814,0.9646783058537696
close to the loop,11.4,-1.1439070520596049,1.0414012614932537
close to the loop,11.5,-1.0354458009658272,1.1300113178522913
close to the loop,11.6,-0.9174224608533047,1.233100699053117
close to the loop,11.700000000000001,-0.7882478430712176,1.3535272381571466
close to the loop,11.8,-0.6460420002479325,1.4941890948101277
close to the loop,11.9,-0.48865456925197737,1.6574620102031032
close to the loop,12.0,-0.3137690988898967,1.844026957529884
close to the loop,12.1,-0.11917054471499532,2.0507120428208903
close to the loop,12.200000000000001,0.09670752203073649,2.2670282085382
close to the loop,12.3,0.33383109219972024,2.470695505922398
close to the loop,12.4,0.5891919736278525,2.624256206812689
close to the loop,12.5,0.8553479230321518,2.677812701378571
close to the loop,12.6,1.1198089740878867,2.5839648193539992
close to the loop,12.700000000000001,1.366532836405618,2.323597355940752
close to the loop,12.8,1.579886942758923,1.9254358134862304
close to the loop,12.9,1.7493086091728622,1.4581538626777408
close to the loop,13.0,1.871770890841389,0.997586579588488
close to the loop,13.1,1.950840023584559,0.596302755764726
close to the loop,13.200000000000001,1.9937199192989536,0.2748822893715071
close to the loop,13.3,2.008395380542423,0.030484313960234544
close to the loop,13.4,2.001927449766352,-0.15064502043014968
close to the loop,13.5,1.9798431200801836,-0.2843942603397188
close to the loop,13.6,1.9461608686577472,-0.3846665305934988
close to the loop,13.700000000000001,1.9036629538192738,-0.46224685886541705
close to the loop,13.8,1.8542023168909678,-0.5250276845538463
close to the loop,13.9,1.7989609240655935,-0.5786504157705145
close to the loop,14.0,1.7386417056287373,-0.6271536448335977
close to the loop,14.1,1.6736013742625067,-0.6734990974798968
close to the loop,14.200000000000001,1.6039374842938234,-0.7199635298724808
close to the loop,14.3,1.5295419777983257,-0.7684223859758753
close to the loop,14.4,1.4501304606687433,-0.820556462272435
close to the loop,14.5,1.3652535446964167,-0.878007652681535
close to the loop,14.6,1.2742943593025127,-0.9425022313370602
close to the loop,14.700000000000001,1.1764548875618945,-1.0159521248623815
close to the loop,14.8,1.0707331781151772,-1.1005354126885833
close to the loop,14.9,0.9558939680759665,-1.1987441671668138
close to the loop,15.0,0.8304374342969153,-1.3133658789061837
close to the loop,15.1,0.6925759014770902,-1.447326471183419
close to the loop,15.200000000000001,0.5402385101409863,-1.603258113717126
close to the loop,15.3,0.3711421785825726,-1.7825565138761845
close to the loop,15.4,0.18299653382330844,-1.9835782451392225
close to the loop,15.5,-0.026051740282618488,-2.198604584723825
close to the loop,15.6,-0.2566057738064893,-2.4095756964876736
close to the loop,15.700000000000001,-0.5067648632988093,-2.5839635756220094
close to the loop,15.8,-0.7706216896254161,-2.6748618670383246
close to the loop,15.9,-1.0372444871655444,-2.6316201639662578
close to the loop,16.0,-1.291389911258612,-2.423263813953312
close to the loop,16.1,-1.516766638798442,-2.062661604103855
close to the loop,16.2,-1.7007861662691277,-1.6086324490361692
close to the loop,16.3,-1.8379851283086601,-1.1387528820131811
close to the loop,16.4,-1.9301137139798392,-0.7150343353433019
close to the loop,16.5,-1.9835725742302452,-0.36780022122972844
close to the loop,16.6,-2.006344795263286,-0.10022252849083775
close to the loop,16.7,-2.0058933861334984,0.09919003664020848
close to the loop,16.8,-1.9882487855102327,0.24629182979077036
close to the loop,16.9,-1.9578832799491068,0.35584013565204853
close to the loop,17.0,-1.9179362038751888,0.4396215598505207
close to the loop,17.1,-1.8705235785968408,0.5063822731984126
close to the loop,17.2,-1.8170158042163684,0.5624019059042271
close to the loop,17.3,-1.7582504801404562,0.6121626906010791
close to the loop,17.400000000000002,-1.6946825559076344,0.6589187280928158
close to the loop,17.5,-1.6264844248971289,0.7051283510212275
close to the loop,17.6,-1.5536089249859566,0.7527685742949469
close to the loop,17.7,-1.4758254825265094,0.8035629682456282
close to the loop,17.8,-1.3927365949795738,0.8591511474651362
close to the loop,17.900000000000002,-1.303779379112479,0.9212208071603872
close to the loop,18.0,-1.2082152112401483,0.9916153435654117
close to the loop,18.1,-1.105109601349685,1.0724214703062678
close to the loop,18.2,-0.9933045382985352,1.1660297627809266
close to the loop,18.3,-0.8713870899952506,1.2751426414246647
close to the loop,18.400000000000002,-0.7376620441957701,1.402672258196831
close to the loop,18.5,-0.590144653335898,1.5514154978271835
close to the loop,18.6,-0.4266049268422742,1.723305441759631
close to the loop,18.7,-0.2447206165511572,1.9179240433250646
close to the loop,18.8,-0.042432199261170256,2.129887103881362
close to the loop,18.900000000000002,0.18137395797983424,2.3449114166605343
close to the loop,19.0,0.42574875301088017,2.5353542157769313
close to the loop,19.1,0.6862075994737694,2.6583351540686864
close to the loop,19.2,0.9534403053849955,2.662388989994602
close to the loop,19.3,1.213337088133317,2.5073058746067587
close to the loop,19.400000000000002,1.4494478953746557,2.190384335589108
close to the loop,19.5,1.6475185308977258,1.7576635575432722
close to the loop,19.6,1.7996511845548344,1.2848019657199108
close to the loop,19.7,1.905504656132267,0.8416350638995276
close to the loop,19.8,1.9703577037195583,0.46880081103145177
close to the loop,19.900000000000002,2.001980322898051,0.17681366494384076
close to the loop,20.0,2.0081497621749453,-0.042508875273211975
close to the loop,20.1,1.995390761913151,-0.20445307589338124
close to the loop,20.2,1.9686539197865358,-0.32445703818838206
close to the loop,20.3,1.9314674519069344,-0.4153105219519345
close to the loop,20.400000000000002,1.8862384654944606,-0.48667472306918036
close to the loop,20.5,1.8345470655207656,-0.5455357712298111
close to the loop,20.6,1.7773804519270893,-0.5968767255333323
close to the loop,20.7,1.7153017338428636,-0.6442871743180898
close to the loop,20.8,1.6485643751055037,-0.6904382649125046
close to the loop,20.900000000000002,1.577185675147676,-0.7374311856809884
close to the loop,21.0,1.50099049647994,-0.787049094555618
close to the loop,21.1,1.4196333553128482,-0.840942449385691
close to the loop,21.2,1.332604303262936,-0.900771106937038
close to the loop,21.3,1.2392220792097708,-0.9683187528476723
close to the loop,21.400000000000002,1.1386168592532167,-1.0455869759000185
close to the loop,21.5,1.0297046854548493,-1.1348660635223426
close to the loop,21.6,0.9111566634771033,-1.2387639547665297
close to the loop,21.7,0.7813690919378907,-1.36014796057292
close to the loop,21.8,0.6384473530955129,-1.5019071126264372
close to the loop,21.900000000000002,0.48022916763247964,-1.666366077107173
close to the loop,22.0,0.304394967594569,-1.8540724931895964
close to the loop,22.1,0.1087464850146037,-2.061578416551113
close to the loop,22.2,-0.10822830463143011,-2.2779084597418775
close to the loop,22.3,-0.34638063432422833,-2.4800690529200153
close to the loop,22.400000000000002,-0.6025104387890373,-2.6298251404911412
close to the loop,22.5,-0.8689215972127079,-2.6769264152144827
close to the loop,22.6,-1.1328857557148821,-2.5747411834080856
close to the loop,22.7,-1.3782690569299016,-2.306270751317324
close to the loop,22.8,-1.5895908962280227,-1.9027349984436215
close to the loop,22.900000000000002,-1.756639983111248,-1.434069368329981
close to the loop,23.0,-1.8767723676273824,-0.9755163297051365
close to the loop,23.1,-1.953816724398827,-0.5780357269569983
close to the loop,23.2,-1.9950775404792511,-0.26072874785606676
close to the loop,23.3,-2.008523072813815,-0.01991457875885507
close to the loop,23.400000000000002,-2.0011439261806245,0.1584368576315694
close to the loop,23.5,-1.978386627130929,0.2901793740247899
close to the loop,23.6,-1.9441995416835733,0.38906824336851437
close to the loop,23.7,-1.9013106527692731,0.46573017403947625
close to the loop,23.8,-1.8515332211511009,0.527926965728656
close to the loop,23.900000000000002,-1.7960208568752491,0.5812039665455864
close to the loop,24.0,-1.7354561837245022,0.6295337058983251
close to the loop,24.1,-1.670181008969041,0.6758347959052141
close to the loop,24.2,-1.6002814116411865,0.7223575942619594
close to the loop,24.3,-1.5256398623572733,0.7709632277319807
close to the loop,24.400000000000002,-1.4459634596620314,0.8233271089166047
close to the loop,24.5,-1.3607944876768845,0.881092657500418
close to the loop,24.6,-1.2695073061231879,0.9459932852776167
close to the loop,24.7,-1.1712941754466466,1.0199526739542477
close to the loop,24.8,-1.0651420637249778,1.105164043863003
close to the loop,24.900000000000002,-0.9498030328723139,1.204135678765498
close to the loop,25.0,-0.8237630963303236,1.319667485347973
close to the loop,25.1,-0.6852197481766379,1.4546840358153177
close to the loop,25.2,-0.5320888706996818,1.611783132830865
close to the loop,25.3,-0.362080562196508,1.792258786824304
close to the loop,25.400000000000002,-0.1729133441757686,1.9942442388867228
close to the loop,25.5,0.03722592397251613,2.2096070910343046
close to the loop,25.6,0.2688471777816931,2.419640057030851
close to the loop,25.7,0.5198827969475271,2.591022340028646
close to the loop,25.8,0.7841862285082336,2.6762871651510505
close to the loop,25.900000000000002,1.0505697783944996,2.62513180615973
close to the loop,26.0,1.3036374321243565,2.40831391823696
close to the loop,26.1,1.5271695665912657,2.041251248316111
close to the loop,26.2,1.7088804564350164,1.5845579282060935
close to the loop,26.3,1.8436999620469237,1.115769247021963
close to the loop,26.400000000000002,1.9336890566238651,0.6954714032438357
close to the loop,26.5,1.985398029353898,0.3523759015539361
close to the loop,26.6,2.0068233628754863,0.08860137495607757
close to the loop,26.7,2.005368710806264,-0.10777216427601555
close to the loop,26.8,1.9869840338246285,-0.2526366836433316
close to the loop,26.900000000000002,1.9560671241944798,-0.36062217384091216
close to the loop,27.0,1.9156979708862265,-0.4433538203677023
close to the loop,27.1,1.8679486130051774,-0.5094366887303058
close to the loop,27.2,1.8141578861915884,-0.5650436142064702
close to the loop,27.3,1.7551408564721447,-0.6145820209046808
close to the loop,27.400000000000002,1.691336102309968,-0.6612563766393958
close to the loop,27.5,1.6229036332387274,-0.7074939055967147
close to the loop,27.6,1.549786309440538,-0.7552538872114014
close to the loop,27.7,1.47174483958777,-0.8062519454501603
close to the loop,27.8,1.388373410162089,-0.862127201045313
close to the loop,27.900000000000002,1.2991005680419916,-0.9245728239033082
close to the loop,28.0,1.2031783177814588,-0.9954426131245457
close to the loop,28.1,1.0996615542864046,-1.0768375288979788
close to the loop,28.2,0.9873801057354226,-1.1711643857951706
close to the loop,28.3,0.8649073029726619,-1.2811399910457815
close to the loop,28.400000000000002,0.730533158124433,-1.409681040174144
close to the loop,28.5,0.5822587967882261,-1.559563368017634
close to the loop,28.6,0.41784461804830336,-1.7326445389566414
close to the loop,28.7,0.23497094084533052,-1.928328753069259
close to the loop,28.8,0.0316064114172802,-2.140885650777076
close to the loop,28.900000000000002,-0.19328874209810307,-2.3554582406898286
close to the loop,29.0,-0.43862332490829553,-2.543632795284074
close to the loop,29.1,-0.6996935864286061,-2.6618321765938724
close to the loop,29.2,-0.9669283538797372,-2.6585736092246215
close to the loop,29.3,-1.226017236751276,-2.494939270031159
close to the loop,29.400000000000002,-1.4605026399993282,-2.1706602461293034
close to the loop,29.5,-1.6563693989966128,-1.7339861377280288
close to the loop,29.6,-1.8061047401113224,-1.2611389413569243
close to the loop,29.7,-1.9097187182958404,-0.8208431374826477
close to the loop,29.8,-1.9726918815621861,-0.45206715180137563
close to the loop,29.900000000000002,-2.0028443135419085,-0.16406167195193722
close to the loop,30.0,-2.0079102285309505,0.05196271711200996
close to the loop,30.1,-1.994336525206638,0.21142539472534683
close to the loop,30.2,-1.9669957697136309,0.32967059040695884
close to the loop,30.3,-1.929351741376529,0.4193287035560186
close to the loop,30.400000000000002,-1.883762949620034,0.4899105819644565
close to the loop,30.5,-1.8317743812314766,0.5482845095279176
close to the loop,30.6,-1.7743481877514145,0.5993492779981188
close to the loop,30.7,-1.7120294246915546,0.6466376491026768
close to the loop,30.8,-1.6450581064182368,0.6927844361009262
close to the loop,30.900000000000002,-1.5734409347395792,0.7398693173837176
close to the loop,31.0,-1.4969937594923308,0.7896647110446693
close to the loop,31.1,-1.4153627364350712,0.8438184158468728
close to the loop,31.2,-1.3280294929061636,0.9039939996195202
close to the loop,31.3,-1.234303702436364,0.9719840952224037
close to the loop,31.400000000000002,-1.13330536032806,1.0498034671120395
close to the loop,31.5,-1.0239388572832444,1.1397583002431295
close to the loop,31.6,-0.904862037905067,1.2444721177219555
close to the loop,31.7,-0.7744566415579538,1.3668211326687112
close to the loop,31.8,-0.6308134301268832,1.5096838016174001
close to the loop,31.900000000000002,-0.4717584747590201,1.6753306837685225
close to the loop,32.0,-0.2949697809504975,1.8641704631833529
close to the loop,32.1,-0.09826727978224319,2.0724700284011814
close to the loop,32.2,0.11980415317615666,2.2887556903611084
close to the loop,32.3,0.3589773512277258,2.489310831689401
close to the loop,32.4,0.615856451984174,2.6351298177751383
close to the loop,32.5,0.8824897707003119,2.675649907505972
close to the loop,32.6,1.1459146421401858,2.5650789072145854
close to the loop,32.7,1.3899165086369472,2.2885879103584026
close to the loop,32.8,1.5991793116942117,1.879865855313504
close to the loop,32.9,1.7638493153625734,1.410016849711695
close to the loop,33.0,1.88166235477961,0.9536103875242739
close to the loop,33.1,1.9567013398452435,0.5599797093487482
close to the loop,33.2,1.9963639027483218,0.24677389890971585
close to the loop,33.3,2.008597581373608,0.009505653639756969
close to the loop,33.4,2.0003211983079723,-0.1661094150708729
close to the loop,33.5,1.9769010143852377,-0.29588073838010454
close to the loop,33.6,1.942216040051171,-0.3934134413311407
close to the loop,33.7,1.898940783404971,-0.46917677736279534
close to the loop,33.8,1.84884948260284,-0.5308036489326916
close to the loop,33.9,1.7930678743341553,-0.5837450198107371
close to the loop,34.0,1.7322586074444197,-0.6319086901155904
close to the loop,34.1,1.666748799886764,-0.6781711432175855
close to the loop,34.2,1.5966131874436322,-0.7247570486688125
close to the loop,34.300000000000004,1.521724840553515,-0.7735137336187644
close to the loop,34.4,1.4417823767232039,-0.8261116180529283
close to the loop,34.5,1.356319743885224,-0.8841959587951104
close to the loop,34.6,1.2647024952266879,-0.9495075627910479
close to the loop,34.7,1.1661131084492626,-1.0239820730515248
close to the loop,34.800000000000004,1.0595273939940728,-1.1098279748844526
close to the loop,34.9,0.9436846565005093,-1.209569718370793
close to the loop,35.0,0.8170566840592212,-1.3260192262234507
close to the loop,35.1,0.6778261497699949,-1.4620986100720477
close to the loop,35.2,0.5238958580499128,-1.6203688719685738
close to the loop,35.300000000000004,0.35296961458792225,-1.8020176417015714
close to the loop,35.4,0.16277598771276539,-2.0049468675081434
close to the loop,35.5,-0.04845586173634659,-2.2205991325986965
close to the loop,35.6,-0.28113936369707976,-2.4296084220404275
close to the loop,35.7,-0.5330359605162616,-2.597860807760395
close to the loop,35.800000000000004,-0.7977570952219026,-2.6773574030605714
close to the loop,35.9,-1.0638610701255171,-2.6182073747519135
close to the loop,36.0,-1.3158081524992173,-2.3929672046712764
close to the loop,36.1,-1.5374633516055178,-2.019606751763774
close to the loop,36.2,-1.7168526231326673,-1.560456628883964
close to the loop,36.300000000000004,-1.849298607270133,-1.092917696299644
close to the loop,36.4,-1.9371657376407045,-0.676112754561854
close to the loop,36.5,-1.9871458119011745,-0.3371583416411573
close to the loop,36.6,-2.007243456139145,-0.07715415172337563
close to the loop,36.7,-2.0048008619413302,0.11622227195023294
close to the loop,36.800000000000004,-1.9856873546969314,0.2588874381888517
close to the loop,36.9,-1.9542268882026022,0.3653399639683283
close to the loop,37.0,-1.9134409238877452,0.44704381043865704
close to the loop,37.1,-1.8653582299391822,0.5124645524529695
close to the loop,37.2,-1.8112866145222721,0.5676699780152977
close to the loop,37.300000000000004,-1.7520189858592161,0.6169941526521593
close to the loop,37.4,-1.6879778001962706,0.6635929999644454
close to the loop,37.5,-1.619310838930227,0.7098634235878193
close to the loop,37.6,-1.5459510730126491,0.7577475379203334
close to the loop,37.7,-1.4676505326416045,0.808953445788821
close to the loop,37.800000000000004,-1.3839950949783386,0.8651201068999886
close to the loop,37.9,-1.2944047085643964,0.9279464388763341
close to the loop,38.0,-1.198121952884802,0.9992968675601104
close to the loop,38.1,-1.094191035140602,1.0812867558796297
close to the loop,38.2,-0.9814295404420543,1.1763391802977594
close to the loop,38.300000000000004,-0.8583969902803888,1.2871850757277243
close to the loop,38.4,-0.7233686002118161,1.4167448485075547
close to the loop,38.5,-0.574331480570695,1.5677713546897083
close to the loop,38.6,-0.4090368126699992,1.7420427858931538
close to the loop,38.7,-0.2251684009613527,1.9387787550213456
close to the loop,38.800000000000004,-0.020724842358333165,2.151892338247109
close to the loop,38.9,0.20525683441904644,2.365940708471459
close to the loop,39.0,0.4515394190901704,2.5517336482880046
close to the loop,39.1,0.7131965076521307,2.6650145971929318
close to the loop,39.2,0.9803959938575101,2.6543372852159735
close to the loop,39.300000000000004,1.2386336132980809,2.4821483611925137
close to the loop,39.4,1.4714566365839212,2.150640803655061
close to the loop,39.5,1.6650999946099474,1.7102178523954423
close to the loop,39.6,1.8124385579266225,1.2375666791336413
close to the loop,39.7,1.9138278530582278,0.8002417017263801
close to the loop,39.800000000000004,1.974941760616309,0.43554489094069837
close to the loop,39.9,2.0036441282083297,0.151495944183755
close to the loop,40.0,2.007623135702659,-0.0612713190742506
just outside,0.0,2.5,0.0
just outside,0.1,2.4894311747206226,-0.1944253504494875
just outside,0.2,2.463714444372939,-0.3101626058011445
just outside,0.3,2.428873474787357,-0.3811876679330959
just outside,0.4,2.3882991026848734,-0.4272697397042996
just outside,0.5,2.343872432940109,-0.4596079694131271
just outside,0.6,2.2966221306659773,-0.48452067699474866
just outside,0.7000000000000001,2.24709411311974,-0.5056110245847907
just outside,0.8,2.195556299980078,-0.5249837844249824
just outside,0.9,2.142111458421159,-0.5439190559845146
just outside,1.0,2.0867591815254727,-0.5632458376234175
just outside,1.1,2.0294295206039705,-0.5835519004871197
just outside,1.2,1.9700005247236223,-0.6053047846167044
just outside,1.3,1.9083063290576803,-0.6289247603866586
just outside,1.4000000000000001,1.8441393616994362,-0.6548322396974109
just outside,1.5,1.7772485332568067,-0.6834822784466534
just outside,1.6,1.7073342996666372,-0.7153935537356535
just outside,1.7,1.6340409049588007,-0.751176398905677
just outside,1.8,1.5569457350738691,-0.7915629760438004
just outside,1.9000000000000001,1.4755454530554717,-0.8374417827790529
just outside,2.0,1.389238402701739,-0.8898979464433133
just outside,2.1,1.2973026721726473,-0.9502596534126385
just outside,2.2,1.1988692713821634,-1.020148848699635
just outside,2.3000000000000003,1.0928902673023335,-1.1015297034911329
just outside,2.4,0.9781027905979289,-1.1967388750240502
just outside,2.5,0.8529922542567299,-1.30846297093013
just outside,2.6,0.7157631540594394,-1.439593740289905
just outside,2.7,0.5643355654568926,-1.5928302721354093
just outside,2.8000000000000003,0.39640303244844655,-1.7698013472625607
just outside,2.9,0.2096161537516837,-1.9693626999298612
just outside,3.0,0.001994527512427414,-2.184674411552576
just outside,3.1,-0.22730114798122214,-2.398969195297853
just outside,3.2,-0.4767473014650933,-2.5811603269051973
just outside,3.3000000000000003,-0.7409327797005474,-2.6850827048451165
just outside,3.4,-1.00940488991207,-2.6587756891591643
just outside,3.5,-1.2671275991867803,-2.46716705120918
just outside,3.6,-1.4975205594329704,-2.117777062935977
just outside,3.7,-1.6872506439731751,-1.6662249529348272
just outside,3.8000000000000003,-1.8299935577687385,-1.1909979336500107
just outside,3.9,-1.9268869951003393,-0.7577178449649883
just outside,4.0,-1.9840985896947403,-0.4002922534646981
just outside,4.1,-2.0096669012391786,-0.12398612671252918
just outside,4.2,-2.0112438851596806,0.08202793677451989
just outside,4.3,-1.9950698602799732,0.23374301396989836
just outside,4.4,-1.9657958233461978,0.34633578503254686
just outside,4.5,-1.9266960492601406,0.4320214627976785
just outside,4.6000000000000005,-1.879982640024717,0.4998880793616246
just outside,4.7,-1.8270929088583094,0.5564582559896859
just outside,4.8,-1.7689113525280837,0.6063751505607112
just outside,4.9,-1.705926927963063,0.6529931056484485
just outside,5.0,-1.6383382852817117,0.6988277465053833
just outside,5.1000000000000005,-1.5661203927367424,0.7458830167201882
just outside,5.2,-1.4890632768531877,0.7958872180362944
just outside,5.3,-1.4067904554378665,0.8504674500461082
just outside,5.4,-1.3187620532087732,0.911284539393629
just outside,5.5,-1.2242657769019811,0.9801426119851488
just outside,5.6000000000000005,-1.1223979224562617,1.0590790562152945
just outside,5.7,-1.012036518556692,1.1504298499278858
just outside,5.8,-0.8918099864027313,1.2568483124586158
just outside,5.9,-0.760068216419948,1.3812260643052974
just outside,6.0,-0.6148704016158846,1.526414147651992
just outside,6.1000000000000005,-0.4540179980092856,1.6945599009881274
just outside,6.2,-0.27518508582060786,1.885762725035183
just outside,6.3,-0.076233275981003,2.0956619148226197
just outside,6.4,0.14416617847939772,2.3116986457604995
just outside,6.5,0.38548679871997155,2.508605598385444
just outside,6.6000000000000005,0.6439096293504137,2.6457755879919187
just outside,6.7,0.9109408428760037,2.6721091442793847
just outside,6.8,1.1731374243688368,2.5437879505543797
just outside,6.9,1.4141468787159255,2.2506900457491943
just outside,7.0,1.619034164841813,1.831600868519868
just outside,7.1000000000000005,1.7787119207331155,1.3598007348301506
just outside,7.2,1.8917020322296079,0.9082240234051009
just outside,7.3,1.9625969811391617,0.5227557982533629
just outside,7.4,1.998969526599427,0.21808445351029637
just outside,7.5,2.008713295363964,-0.011872348372729671
just outside,7.6000000000000005,1.9985940171247414,-0.18187321330933404
just outside,7.7,1.973811081972097,-0.30761103792188194
just outside,7.8,1.9381007268028638,-0.4023726430828899
just outside,7.9,1.894027865310893,-0.4763015047045053
just outside,8.0,1.8432868944968248,-0.5367662403981742
just outside,8.1,1.7869465172669297,-0.5890251343226274
just outside,8.2,1.7256284523721481,-0.6368541793026042
just outside,8.3,1.6596296400528348,-0.6830442603662243
just outside,8.4,1.5890014275224784,-0.7297680346739099
just outside,8.5,1.5135974185328174,-0.7788451310379888
just outside,8.6,1.4330985893674049,-0.8319363279084632
just outside,8.700000000000001,1.3470214824253925,-0.890691284401184
just outside,8.8,1.2547132148939346,-0.9568666541255384
just outside,8.9,1.15533575774749,-1.0324232893320946
just outside,9.0,1.047841532960635,-1.1196015058209599
just outside,9.1,0.9309431447827013,-1.2209589275507884
just outside,9.200000000000001,0.8030827212944982,-1.3393309136317948
just outside,9.3,0.6624122893913371,-1.4776307279530554
just outside,9.4,0.5068081863558594,-1.6383351145209666
just outside,9.5,0.33396294162479767,-1.8223961045877721
just outside,9.6,0.14162971226339552,-2.0272109849710542
just outside,9.700000000000001,-0.0718678444852766,-2.243306281907475
just outside,9.8,-0.3067327355254829,-2.4499179031027167
just outside,9.9,-0.560359936646612,-2.6112936819563046
just outside,10.0,-0.825851932505889,-2.678431046155135
just outside,10.1,-1.0912488592138894,-2.6025005395811673
just outside,10.200000000000001,-1.340743295432714,-2.3599846780344924
just outside,10.3,-1.5584163020996582,-1.9741254346544224
just outside,10.4,-1.732965233689151,-1.5105441408632532
just outside,10.5,-1.860522114565329,-1.046075523904149
just outside,10.6,-1.9440553871821742,-0.6367078295390002
just outside,10.700000000000001,-1.9905243585615315,-0.30631857913886906
just outside,10.8,-2.00793465458971,-0.05400788503583767
just outside,10.9,-2.003495202253703,0.13329947579021306
just outside,11.0,-1.9829082671016944,0.27153198170592885
just outside,11.1,-1.9503471830533898,0.37490490136942484
just outside,11.200000000000001,-1.908714891599915,0.45454977241266026
just outside,11.3,-1.8599528405393009,0.5186487804819945
just outside,11.4,-1.8053062966270643,0.5730578466170296
just outside,11.5,-1.7455234752898807,0.6219637517340636
just outside,11.6,-1.6809942358700114,0.6684253397799425
just outside,11.700000000000001,-1.6118415327152524,0.7147792066584838
just outside,11.8,-1.5379781419469016,0.7629337084205666
just outside,11.9,-1.4591382522434235,0.8145826978142935
just outside,12.0,-1.3748905471289088,0.8713658298805217
just outside,12.1,-1.2846370904544544,0.9349947582278878
just outside,12.200000000000001,-1.1876007898326175,1.0073565828611994
just outside,12.3,-1.0828035095563415,1.0905969298382079
just outside,12.4,-0.9690372469202782,1.1871725398930975
just outside,12.5,-0.8448327343576456,1.2998426578255617
just outside,12.6,-0.708434532246231,1.4315325457609958
just outside,12.700000000000001,-0.5578011569449851,1.5849410817191134
just outside,12.8,-0.3906660539742363,1.761669497552537
just outside,12.9,-0.2047233031679763,1.9605331407032307
just outside,13.0,0.001960664320244587,2.174673817033047
just outside,13.1,0.23018036885746238,2.38739895309256
just outside,13.200000000000001,0.4783840107010839,2.5678977249346726
just outside,13.3,0.7411739620007025,2.670570463917712
just outside,13.4,1.0081797345722072,2.6442255105759003
just outside,13.5,1.2645189769254925,2.4543595741073454
just outside,13.6,1.4937889730187732,2.1083341313159365
just outside,13.700000000000001,1.682775779383284,1.660810293462404
just outside,13.8,1.8251622387253026,1.1891265498121575
just outside,13.9,1.9219988970508022,0.7582438240214849
just outside,14.0,1.9793328138629613,0.4020374234459712
just outside,14.1,2.0050990178882895,0.12608670126459004
just outside,14.200000000000001,2.0068815954655954,-0.08007441333755104
just outside,14.3,1.9908850068706807,-0.23217060553203991
just outside,14.4,1.9617455834671746,-0.34522013066424156
just outside,14.5,1.922734449852112,-0.4313604228454286
just outside,14.6,1.8760656992160565,-0.4996497138647109
just outside,14.700000000000001,1.8231802206677705,-0.5566057818659337
just outside,14.8,1.7649659129668644,-0.6068785182645735
just outside,14.9,1.7019141875789137,-0.6538337218681034
just outside,15.0,1.634224906343758,-0.7000001093750682
just outside,15.1,1.5618729094374106,-0.7473952484599563
just outside,15.200000000000001,1.4846467138862622,-0.7977614726364215
just outside,15.3,1.4021668922829376,-0.8527406349550674
just outside,15.4,1.313889093937337,-0.9140094864971697
just outside,15.5,1.2190948834449726,-0.9833896003697351
just outside,15.6,1.116872592856934,-1.062937289400704
just outside,15.700000000000001,1.0060903551681437,-1.1550079611124358
just outside,15.8,0.8853648363988366,-1.262271971041024
just outside,15.9,0.7530328428998359,-1.3876289124996308
just outside,16.0,0.6071406666566906,-1.5339151112639515
just outside,16.1,0.44548046439190075,-1.7032150507398918
just outside,16.2,0.26572741293166763,-1.8954742473432225
just outside,16.3,0.06576666333648896,-2.106025722623733
just outside,16.4,-0.15566609042110993,-2.321791483337712
just outside,16.5,-0.39791716241426706,-2.5167820168256974
just outside,16.6,-0.6569658308251587,-2.649683455596925
just outside,16.7,-0.9240679501468739,-2.6692461828241054
just outside,16.8,-1.1855711493339252,-2.532703519572865
just outside,16.9,-1.4250837654677941,-2.2321866650421747
just outside,17.0,-1.6278715904115382,-1.8087550116148114
just outside,17.1,-1.7852114383704971,-1.336503221068274
just outside,17.2,-1.8959803190474542,-0.887462378288102
just outside,17.3,-1.9649892764120482,-0.5058967122566882
just outside,17.400000000000002,-1.9998768635600959,-0.20517732343902315
just outside,17.5,-2.008502762287103,0.021452762571014677
just outside,17.6,-1.9975582750451517,0.18892881526247568
just outside,17.7,-1.9721651118567114,0.31286904968128987
just outside,17.8,-1.9359942931573522,0.40640605626255916
just outside,17.900000000000002,-1.891561187036162,0.4795322036148765
just outside,18.0,-1.8405243048249733,0.5394958608632796
just outside,18.1,-1.7839267791604,0.5914686823912157
just outside,18.2,-1.7223719655508654,0.6391679752186389
just outside,18.3,-1.656143205158604,0.6853469319853887
just outside,18.400000000000002,-1.585281214125968,0.7321557106831572
just outside,18.5,-1.5096306363522318,0.7814024435472376
just outside,18.6,-1.4288642090684294,0.8347446208936861
just outside,18.7,-1.3424902311829403,0.893835047012596
just outside,18.8,-1.2498469897268505,0.9604388021213105
just outside,18.900000000000002,-1.1500865582455277,1.036529486482353
just outside,19.0,-1.0421500229048517,1.1243631368208649
just outside,19.1,-0.9247370338196669,1.2265133937452797
just outside,19.2,-0.7962753651986701,1.3458262782429704
just outside,19.3,-0.6549023346745276,1.4852088927922575
just outside,19.400000000000002,-0.49848187845603026,1.647093172428139
just outside,19.5,-0.32470204372911743,1.8323095630120874
just outside,19.6,-0.13132985565191324,2.037998657663491
just outside,19.7,0.0832618411812149,2.2542267931722506
just outside,19.8,0.3191690940047867,2.459538704132463
just outside,19.900000000000002,0.5736037707475199,2.617395511435955
just outside,20.0,0.839419056799317,2.678362086403738
just outside,20.1,1.104409372911977,2.5942261502330446
just outside,20.2,1.3526533320475693,2.343460851490041
just outside,20.3,1.5683562824950945,1.9518392168476915
just outside,20.400000000000002,1.740551772719086,1.486438254332159
just outside,20.5,1.8657599990989773,1.0236825028972512
just outside,20.6,1.9472289820158784,0.6180015710125024
just outside,20.7,1.9920349912324133,0.29174236880360915
just outside,20.8,2.0081766908224723,0.043092492913236434
just outside,20.900000000000002,2.002795893932502,-0.1413489623306927
just outside,21.0,1.981514184577513,-0.2774983027399911
just outside,21.1,1.9484332402786104,-0.3794288400625409
just outside,21.2,1.9064000208405845,-0.45811232021589193
just outside,21.3,1.857314871046697,-0.521596650670947
just outside,21.400000000000002,1.802393651189807,-0.5756380905553692
just outside,21.5,1.7423635467956402,-0.6243544618466453
just outside,21.6,1.6775990396898903,-0.6707593479917737
just outside,21.7,1.6082113201301682,-0.7171613970442646
just outside,21.8,1.5341035364572755,-0.7654535203248877
just outside,21.900000000000002,1.455001311546887,-0.817323336247176
just outside,22.0,1.3704650184314948,-0.8744113499597783
just outside,22.1,1.2798880298992072,-0.9384357932234122
just outside,22.2,1.1824836603421784,-1.0112950685409934
just outside,22.3,1.0772628606721737,-1.0951496578604187
just outside,22.400000000000002,0.9630051335873179,-1.1924725730082095
just outside,22.5,0.8382271907781933,-1.3060362614363907
just outside,22.6,0.7011587610424289,-1.4387668819887065
just outside,22.7,0.5497447530149814,-1.5933339384180933
just outside,22.8,0.3817107269872868,-1.7712466664880038
just outside,22.900000000000002,0.19475729025399657,-1.9711137522020301
just outside,23.0,-0.013013374041584258,-2.185687515124587
just outside,23.1,-0.24230958827718974,-2.397653074027611
just outside,23.2,-0.4914213556780051,-2.575410805983018
just outside,23.3,-0.7547183070496684,-2.672745442880744
just outside,23.400000000000002,-1.021570950963671,-2.638678578710389
just outside,23.5,-1.2769260055034193,-2.4402899492157393
just outside,23.6,-1.5044244774767872,-2.0874679005030528
just outside,23.7,-1.6911345217142733,-1.6368289777370464
just outside,23.8,-1.83113151602913,-1.165877439427637
just outside,23.900000000000002,-1.9257919762469988,-0.7382435860245525
just outside,24.0,-1.981330526041921,-0.3861608834288285
just outside,24.1,-2.0057076034776764,-0.11408089363291844
just outside,24.2,-2.0064529859146205,0.08895040457843939
just outside,24.3,-1.9896912363506232,0.23872577467114842
just outside,24.400000000000002,-1.9599828446301715,0.350146196238935
just outside,24.5,-1.9205378125102033,0.4351877238886692
just outside,24.6,-1.873524678677188,0.5027640890113385
just outside,24.7,-1.8203515710367888,0.5592824522006964
just outside,24.8,-1.7618830138115427,0.6093146842604058
just outside,24.900000000000002,-1.6985934877583908,0.6561745265180371
just outside,25.0,-1.6306701188571902,0.702357830178407
just outside,25.1,-1.5580775674767993,0.7498631568401939
just outside,25.2,-1.480595540419059,0.8004239495349708
just outside,25.3,-1.3978362899505166,0.8556808315725156
just outside,25.400000000000002,-1.3092469526030732,0.917315426777452
just outside,25.5,-1.2140998331822415,0.9871592157395954
just outside,25.6,-1.111472803744241,1.067282403242402
just outside,25.7,-1.0002220151605903,1.1600565546256618
just outside,25.8,-0.878950557750959,1.268166908119162
just outside,25.900000000000002,-0.7459805217319407,1.394519276541138
just outside,26.0,-0.5993438624025075,1.5419328793921814
just outside,26.1,-0.436822338544009,1.7124246440384387
just outside,26.2,-0.25609181498682165,1.9057765864193483
just outside,26.3,-0.055061920485367725,2.116997588350198
just outside,26.400000000000002,0.1674639667180426,2.332462184867979
just outside,26.5,0.410698486353857,2.52542415561738
just outside,26.6,0.6704096138247887,2.6538405956124143
just outside,26.7,0.9375930363174112,2.6663332589813935
just outside,26.8,1.198382411512841,2.521269246041537
just outside,26.900000000000002,1.4363521395558063,2.213135705662973
just outside,27.0,1.6369820707774236,1.7853116762538137
just outside,27.1,1.791926668971245,1.3126689606419744
just outside,27.2,1.9004256856360942,0.8662669170050276
just outside,27.3,1.9675103470552866,0.4887026168539927
just outside,27.400000000000002,2.0008836018084786,0.19201419813401388
just outside,27.5,2.0083691531202827,-0.031229628811847963
just outside,27.6,1.9965821412924705,-0.19613642991547717
just outside,27.7,1.9705652927197288,-0.31824578595541425
just outside,27.8,1.9339234470807003,-0.41053320895802153
just outside,27.900000000000002,1.889121702727303,-0.48283794803746044
just outside,28.0,1.8377821331606228,-0.5422866588298503
just outside,28.1,1.7809218752803224,-0.5939632763031776
just outside,28.2,1.719125590280032,-0.6415256111959177
just outside,28.3,1.6526627588734026,-0.6876885718266449
just outside,28.400000000000002,1.5815632548991745,-0.7345793998298985
just outside,28.5,1.5056625856015502,-0.783994454422914
just outside,28.6,1.4246250941231873,-0.8375877747460192
just outside,28.7,1.3379506924746805,-0.897015236844847
just outside,28.8,1.2449686980095716,-0.9640503385423329
just outside,28.900000000000002,1.1448211464085805,-1.0406794478701387
just outside,29.0,1.0364376466106104,-1.1291743083988044
just outside,29.1,0.9185047608968899,-1.2321244101815148
just outside,29.2,0.789435809113453,-1.3523858884696753
just outside,29.3,0.6473533891774677,-1.4928583410981302
just outside,29.400000000000002,0.490109227663766,-1.6559260547069685
just outside,29.5,0.31538748114771487,-1.8422925357008801
just outside,29.6,0.12097034066464929,-2.0488327877041583
just outside,29.7,-0.09471779598817222,-2.2651407712534617
just outside,29.8,-0.33166242863730205,-2.469059145624426
just outside,29.900000000000002,-0.5868881953026546,-2.623265401692231
just outside,30.0,-0.8529966364501947,-2.677926960575091
just outside,30.1,-1.1175394604442213,-2.5855177146642614
just outside,30.2,-1.3644913192177064,-2.3265614999288737
just outside,30.3,-1.5781946136630398,-1.9293495741259945
just outside,30.400000000000002,-1.7480264610612997,-1.4623277423044359
just outside,30.5,-1.8708932885868779,-1.0014253687489507
just outside,30.6,-1.9503150530363256,-0.5994878788025684
just outside,30.7,-1.993477482905562,-0.27735388500993186
just outside,30.8,-2.0083678099934197,-0.03233141535165851
just outside,30.900000000000002,-2.0020591313552587,0.1492832620547744
just outside,31.0,-1.9800923931905712,0.2833836921362816
just outside,31.1,-1.946498291372356,0.38389835504201314
just outside,31.2,-1.9040685660173464,0.4616397796676517
just outside,31.3,-1.8546630983596906,0.5245232074627453
just outside,31.400000000000002,-1.799468815364259,0.5782068547610282
just outside,31.5,-1.7391921984523098,0.6267408924040357
just outside,31.6,-1.6741925641476672,0.6730946143518135
just outside,31.7,-1.6045694679050322,0.7195494218237484
just outside,31.8,-1.5302164996333285,0.7679832915773321
just outside,31.900000000000002,-1.4508507414669707,0.8200779926472689
just outside,32.0,-1.3660242467541694,0.8774751865437996
just outside,32.1,-1.2751216601357729,0.9418999375124676
just outside,32.2,-1.1773466425665862,1.015262157410241
just outside,32.3,-1.07169915400283,1.0997373163492095
just outside,32.4,-0.9569461184876086,1.1978146752401215
just outside,32.5,-0.8315901594695746,1.3122795354720467
just outside,32.6,-0.6938461708123249,1.4460579451683133
just outside,32.7,-0.5416456067298592,1.6017877854564182
just outside,32.8,-0.3727066185546445,1.7808819116592154
just outside,32.9,-0.18473740694389895,1.981734782200636
just outside,33.0,0.024122090702771215,2.1966981782360984
just outside,33.1,0.2544908131646748,2.407823238858771
just outside,33.2,0.5044965579933889,2.582719161660733
just outside,33.3,0.7682731484553091,2.6745793936520923
just outside,33.4,1.0349333163088013,2.6326997296300774
just outside,33.5,1.2892610430572664,2.4258123560380627
just outside,33.6,1.5149538996881424,2.0663452391238013
just outside,33.7,1.6993718764418047,1.612798593511459
just outside,33.8,1.836983492683596,1.142746522762792
just outside,33.9,1.9294843816457419,0.7184431771322028
just outside,34.0,1.9832484455608186,0.3704927236671056
just outside,34.1,2.0062559039171948,0.10225308036167675
just outside,34.2,2.005979821982163,-0.09769008509659144
just outside,34.300000000000004,1.9884645559230913,-0.24518324257682858
just outside,34.4,1.9581953594370527,-0.3550052849724078
just outside,34.5,1.9183219284652349,-0.4389707854526513
just outside,34.6,1.8709679746943984,-0.505850515439808
just outside,34.7,1.8175094202553383,-0.5619427797184937
just outside,34.800000000000004,1.7587878059325006,-0.6117429160781277
just outside,34.9,1.695260942350546,-0.6585137334156761
just outside,35.0,1.6271033838286328,-0.7047190332324639
just outside,35.1,1.5542697055361916,-0.7523389607626187
just outside,35.2,1.4765308478303034,-0.8030985062457328
just outside,35.300000000000004,1.3934907478884528,-0.8586374038947727
just outside,35.4,1.3045880039555535,-0.9206424286493297
just outside,35.5,1.2090856101607768,-0.9909551979535897
just outside,35.6,1.1060509076554907,-1.071659974194308
just outside,35.7,0.9943279831105165,-1.1651445232262791
just outside,35.800000000000004,0.872506276192829,-1.2741087488991087
just outside,35.9,0.7388931312964739,-1.401463934556017
just outside,36.0,0.5915062581854461,-1.5500104200962255
just outside,36.1,0.42811736921259,-1.7216939835024145
just outside,36.2,0.24640386237912262,-1.9161266827331491
just outside,36.300000000000004,0.04430151276788463,-2.127983228093738
just outside,36.4,-0.17931581083997186,-2.343078561891133
just outside,36.5,-0.4235232196729957,-2.533902833958142
just outside,36.6,-0.6838737248320829,-2.657698023407878
just outside,36.7,-0.9511023198668426,-2.6630072818754775
just outside,36.800000000000004,-1.2111346236211917,-2.509404372305809
just outside,36.9,-1.4475231393880692,-2.1937697748524636
just outside,37.0,-1.6459734165675985,-1.7617543688961843
just outside,37.1,-1.7985212600878335,-1.2889089702214092
just outside,37.2,-1.9047640687265832,-0.8452552711412785
just outside,37.300000000000004,-1.9699447913751567,-0.47172050964025397
just outside,37.4,-2.0018240939178247,-0.17904131344616564
just outside,37.5,-2.008186362071056,0.040856599227365835
just outside,37.6,-1.99556974745712,0.20323466689855005
just outside,37.7,-1.9689384100454965,0.3235465738241528
just outside,37.800000000000004,-1.9318318080885688,0.41460959033804545
just outside,37.9,-1.8866655433168904,0.4861110865915184
just outside,38.0,-1.8350258639160404,0.545057783545771
just outside,38.1,-1.7779043516811786,0.5964474949451024
just outside,38.2,-1.715867271955505,0.6438797744413973
just outside,38.300000000000004,-1.6491704367801072,0.6900321521373215
just outside,38.4,-1.577832992200678,0.7370096066532589
just outside,38.5,-1.5016813672678078,0.7865972037040384
just outside,38.6,-1.4203715275956053,0.8404458983253627
just outside,38.7,-1.333394981969596,0.9002149341804312
just outside,38.800000000000004,-1.2400720347661265,0.9676864718340396
just outside,38.9,-1.1395346185879702,1.0448598368590984
just outside,39.0,-1.0307007852803967,1.1340225715896932
just outside,39.1,-0.9122439292184753,1.237779902251095
just outside,39.2,-0.7825628659635003,1.3589975385963562
just outside,39.300000000000004,-0.639765515232767,1.5005661951816867
just outside,39.4,-0.4816916428683902,1.6648195983231373
just outside,39.5,-0.3060221720966356,1.8523288780561429
just outside,39.6,-0.11055582877391777,2.0596945482834252
just outside,39.7,0.10622901119221409,2.276026306918984
just outside,39.800000000000004,0.34420371572455344,2.4784548659887875
just outside,39.9,0.6002017329802176,2.6288793522291685
just outside,40.0,0.8665710389875575,2.677107715525207
"far outside, above",0.0,-2.2,2.5
"far outside, above",0.1,-1.9797034459523257,1.9658087210538553
"far outside, above",0.2,-1.7984643176064228,1.6884537196122646
"far outside, above",0.3,-1.637588812882947,1.5458241527979646
"far outside, above",0.4,-1.4866249256372632,1.4842823356362758
"far outside, above",0.5,-1.3388985655653214,1.4781648694463232
"far outside, above",0.6,-1.1895676050159045,1.5149989243283022
"far outside, above",0.7000000000000001,-1.0346547994162725,1.5892801563718488
"far outside, above",0.8,-0.8705173305374232,1.6994578761876324
"far outside, above",0.9,-0.6935494614499355,1.8460600450164333
"far outside, above",1.0,-0.5000628771938475,2.0298612119151964
"far outside, above",1.1,-0.28638559159174237,2.2491908844218544
"far outside, above",1.2,-0.04931154506476163,2.495465814793239
"far outside, above",1.3,0.21288833233099838,2.7464404909758158
"far outside, above",1.4000000000000001,0.49871490017534176,2.9587346679755853
"far outside, above",1.5,0.8011524085959489,3.0662103936276455
"far outside, above",1.6,1.1060015403796917,2.996081066912764
"far outside, above",1.7,1.3930129080250853,2.7078291039380202
"far outside, above",1.8,1.6412136788874472,2.2313788942491084
"far outside, above",1.9000000000000001,1.8361771513225211,1.6619925743475568
"far outside, above",2.0,1.9741703307238176,1.1079146291537318
"far outside, above",2.1,2.060693626453562,0.6400980616046901
"far outside, above",2.2,2.1058389229245216,0.28067920483777475
"far outside, above",2.3000000000000003,2.1201221153805845,0.01967694523811056
"far outside, above",2.4,2.1123189750813878,-0.16495625747667197
"far outside, above",2.5,2.088934338142814,-0.2953230822173316
"far outside, above",2.6,2.0544681754327216,-0.3891070236420829
"far outside, above",2.7,2.0119021244583473,-0.45908203172343315
"far outside, above",2.8000000000000003,1.963149295144208,-0.5140372146345257
"far outside, above",2.9,1.9093952823210454,-0.5599118093061807
"far outside, above",3.0,1.851333954186698,-0.6007357040724502
"far outside, above",3.1,1.789322272854382,-0.63931088042317
"far outside, above",3.2,1.7234782273541227,-0.6776780624120156
"far outside, above",3.3000000000000003,1.6537402235270304,-0.7174308118574324
"far outside, above",3.4,1.5799004528647775,-0.7599293287484892
"far outside, above",3.5,1.5016202683823514,-0.8064516701811391
"far outside, above",3.6,1.4184324660516234,-0.8583078054538762
"far outside, above",3.7,1.3297333116168393,-0.9169327172511871
"far outside, above",3.8000000000000003,1.2347659021171224,-0.9839675477956491
"far outside, above",3.9,1.132595895319203,-1.0613307611276626
"far outside, above",4.0,1.022080879182501,-1.1512719112581835
"far outside, above",4.1,0.9018361014199049,-1.2563850041941012
"far outside, above",4.2,0.7702028422518011,-1.3795304763653193
"far outside, above",4.3,0.6252330595220392,-1.5235653683388932
"far outside, above",4.4,0.46471773936846134,-1.690700099500051
"far outside, above",4.5,0.28631000281067187,-1.881187403182484
"far outside, above",4.6000000000000005,0.08782887326698426,-2.0909530070026054
"far outside, above",4.7,-0.1321336791004149,-2.307886612404145
"far outside, above",4.8,-0.37318192048203236,-2.507281091207275
"far outside, above",4.9,-0.6316803167061721,-2.6489611776322484
"far outside, above",5.0,-0.8993358412316922,-2.681649074386001
"far outside, above",5.1000000000000005,-1.1628370541397757,-2.5602775767794426
"far outside, above",5.2,-1.4057892339890865,-2.2726231941205546
"far outside, above",5.3,-1.613009483315991,-1.8557064145176851
"far outside, above",5.4,-1.7750565255602873,-1.3825660488468732
"far outside, above",5.5,-1.8901533770079535,-0.9273493592765103
"far outside, above",5.6000000000000005,-1.9627439228310735,-0.5375397691573772
"far outside, above",5.7,-2.000392196998908,-0.22893955713694722
"far outside, above",5.8,-2.01106069712629,0.004077373726188362
"far outside, above",5.9,-2.001605531743643,0.1762484677665567
"far outside, above",6.0,-1.9773077578163099,0.30342742871975215
"far outside, above",6.1000000000000005,-1.9419668436052753,0.3990925595525656
"far outside, above",6.2,-1.8981930655119763,0.47354819131102077
"far outside, above",6.3,-1.8477122897251588,0.5342799265494712
"far outside, above",6.4,-1.7916149942109085,0.5866244375649289
"far outside, above",6.5,-1.7305383670365095,0.6344070201403005
"far outside, above",6.6000000000000005,-1.6647909790662068,0.680447260140091
"far outside, above",6.7,-1.5944337003228313,0.7269321130863692
"far outside, above",6.8,-1.519328769900478,0.7756851905902988
"far outside, above",6.9,-1.4391658076365377,0.8283634368792538
"far outside, above",7.0,-1.3534707107357253,0.886606296923677
"far outside, above",7.1000000000000005,-1.261601254794122,0.9521546859812573
"far outside, above",7.2,-1.162731887724042,1.0269489828089344
"far outside, above",7.3,-1.0558297377948727,1.1132057376065467
"far outside, above",7.4,-0.9396245312860784,1.2134588269958293
"far outside, above",7.5,-0.8125776113004893,1.3305272264038321
"far outside, above",7.6000000000000005,-0.6728609045314302,1.4673303516996845
"far outside, above",7.7,-0.5183677722572924,1.626402737758151
"far outside, above",7.8,-0.34679738814856753,1.8088570144806697
"far outside, above",7.9,-0.15588517130389573,2.012432875986827
"far outside, above",8.0,0.056110276836846884,2.228275641672529
"far outside, above",8.1,0.28953511251607583,2.436560512983845
"far outside, above",8.2,0.5420318632859575,2.602625901007609
"far outside, above",8.3,0.8070444623222881,2.678116105685651
"far outside, above",8.4,1.0729571318024582,2.61344749479181
"far outside, above",8.5,1.3241345147125412,2.382437597177474
"far outside, above",8.6,1.544504236888688,2.0048074674064984
"far outside, above",8.700000000000001,1.7223088658213719,1.5440321340113576
"far outside, above",8.8,1.853139527997272,1.0773847871532842
"far outside, above",8.9,1.939565525608019,0.6629749434739275
"far outside, above",9.0,1.9883727247490413,0.32683754686317895
"far outside, above",9.1,2.0075699096702992,0.06938962128733026
"far outside, above",9.200000000000001,2.0044570334239373,-0.12195733301959838
"far outside, above",9.3,1.9848486846271356,-0.2631332226204687
"far outside, above",9.4,1.9530188775625374,-0.36854678721863987
"far outside, above",9.5,1.9119495346324207,-0.4495529036593697
"far outside, above",9.6,1.8636401904433144,-0.5145230336340312
"far outside, above",9.700000000000001,1.8093776768137508,-0.56945413333625
"far outside, above",9.8,1.7499399070707422,-0.6186307838560614
"far outside, above",9.9,1.685738415627722,-0.6651761302712385
"far outside, above",10.0,1.6169126931751197,-0.7114665714985532
"far outside, above",10.1,1.5433890032561328,-0.759432585231371
"far outside, above",10.200000000000001,1.4649134911356514,-0.8107771445821169
"far outside, above",10.3,1.3810664034793136,-0.8671390484678374
"far outside, above",10.4,1.2912618684704287,-0.9302210410605806
"far outside, above",10.5,1.1947360928701245,-1.0018946588194304
"far outside, above",10.6,1.0905260662736125,-1.0842848969078784
"far outside, above",10.700000000000001,0.9774411179905348,-1.1798256568315098
"far outside, above",10.8,0.8540314772963445,-1.2912571304497718
"far outside, above",10.9,0.7185624400545833,-1.4215017050028114
"far outside, above",11.0,0.5690117966589057,-1.5732957622127979
"far outside, above",11.1,0.4031247765943099,-1.7483622325781731
"far outside, above",11.200000000000001,0.2185880238941216,-1.9457934509166102
"far outside, above",11.3,0.013421155817862088,-2.1592582525917847
"far outside, above",11.4,-0.21328580836260916,-2.3729154522281286
"far outside, above",11.5,-0.46019585845963673,-2.557052887339063
"far outside, above",11.6,-0.7222318391673297,-2.6669700473768025
"far outside, above",11.700000000000001,-0.9893873357055739,-2.6512757353481056
"far outside, above",11.8,-1.2470323444291893,-2.4733686600378
"far outside, above",11.9,-1.4787242952496755,-2.137102065518769
"far outside, above",12.0,-1.6708712751942367,-1.6942857280677086
"far outside, above",12.1,-1.816608498708599,-1.2218635744090964
"far outside, above",12.200000000000001,-1.9165191113103461,-0.7865768478926249
"far outside, above",12.3,-1.9764015882500843,-0.4246164690992733
"far outside, above",12.4,-2.0041456392577643,-0.14319758445993755
"far outside, above",12.5,-2.0074071047424855,0.06741520355662171
"far outside, above",12.6,-1.9925016575743104,0.2228260392322233
"far outside, above",12.700000000000001,-1.964172786186822,0.3382086671982477
"far outside, above",12.8,-1.9257785629746602,0.4259260382492131
"far outside, above",12.9,-1.879598096376031,0.4952412198374093
"far outside, above",13.0,-1.8271190919999625,0.5528298343074175
"far outside, above",13.1,-1.7692628445887602,0.6034535377965232
"far outside, above",13.200000000000001,-1.7065449173984455,0.6505529323030889
"far outside, above",13.3,-1.639183286550461,0.6967041400358215
"far outside, above",13.4,-1.5671672092467308,0.7439523422165789
"far outside, above",13.5,-1.4902976156715741,0.7940530615955732
"far outside, above",13.6,-1.4082067405124985,0.8486504472848352
"far outside, above",13.700000000000001,-1.3203621129159149,0.9094148951238135
"far outside, above",13.8,-1.226058180675712,0.97815449099748
"far outside, above",13.9,-1.124397805818657,1.0569063774811762
"far outside, above",14.0,-1.0142657631707035,1.1480034212656478
"far outside, above",14.1,-0.8942976018905482,1.2540948048608953
"far outside, above",14.200000000000001,-0.7628506796640458,1.3780702217615115
"far outside, above",14.3,-0.6179915018534053,1.5227871027070317
"far outside, above",14.4,-0.45752734298544534,1.690418719212011
"far outside, above",14.5,-0.27913377510786885,1.8811290260689904
"far outside, above",14.6,-0.08066437860845296,2.090688450082341
"far outside, above",14.700000000000001,0.13923533946169833,2.3067653101307535
"far outside, above",14.8,0.3800924853110625,2.504417075379593
"far outside, above",14.9,0.6381759688623138,2.6433713533672516
"far outside, above",15.0,0.9051046293765278,2.6726391241146246
"far outside, above",15.1,1.1675350105045275,2.547988296266726
"far outside, above",15.200000000000001,1.409142828796614,2.2583201720308392
"far outside, above",15.3,1.6149141060343373,1.8413735299423237
"far outside, above",15.4,1.7756039393624645,1.3699907943107392
"far outside, above",15.5,1.8895734418597032,0.9174472468902373
"far outside, above",15.6,1.9613111351617196,0.5303319967032419
"far outside, above",15.700000000000001,1.99835386917097,0.22393424727609823
"far outside, above",15.8,2.0086057940518085,-0.007505075290723499
"far outside, above",15.9,1.998863300289618,-0.17864769653183535
"far outside, above",16.0,1.9743593365275622,-0.30520890298530085
"far outside, above",16.1,1.9388589348937146,-0.4005389173244458
"far outside, above",16.2,1.8949491730194035,-0.47484650168056375
"far outside, above",16.3,1.84434063695462,-0.5355534578969563
"far outside, above",16.4,1.7881136202552839,-0.5879570009329563
"far outside, above",16.5,1.7268981719272307,-0.635859875186996
"far outside, above",16.6,1.6609973746670053,-0.6820704388442266
"far outside, above",16.7,1.590467327177232,-0.7287720609032501
"far outside, above",16.8,1.5151655714099588,-0.7777901802081211
"far outside, above",16.9,1.4347766312337842,-0.8307877456324125
"far outside, above",17.0,1.3488205261676804,-0.8894137624491691
"far outside, above",17.1,1.2566480341766064,-0.9554219392175239
"far outside, above",17.2,1.1574251783029037,-1.0307683213076446
"far outside, above",17.3,1.0501089843800198,-1.11768711661085
"far outside, above",17.400000000000002,0.9334172954453243,-1.218729606870317
"far outside, above",17.5,0.8057980389997587,-1.3367267976564674
"far outside, above",17.6,0.6654092033199285,-1.4745940912885802
"far outside, above",17.7,0.5101322140923311,-1.6348254455612987
"far outside, above",17.8,0.33766162011269046,-1.8184202304506032
"far outside, above",17.900000000000002,0.14574542388908662,-2.0228763712588793
"far outside, above",18.0,-0.06731176491960512,-2.238901920336069
"far outside, above",18.1,-0.3017548794524993,-2.446007579058722
"far outside, above",18.2,-0.5550512894022306,-2.6087584432569315
"far outside, above",18.3,-0.8204030081789744,-2.678336126226807
"far outside, above",18.400000000000002,-1.0859498305509199,-2.6056834030388027
"far outside, above",18.5,-1.335933117199737,-2.3665007826936435
"far outside, above",18.6,-1.554387827062101,-1.9830099345213446
"far outside, above",18.7,-1.729878511406635,-1.520221724719384
"far outside, above",18.8,-1.8583807208852046,-1.0551098482593524
"far outside, above",18.900000000000002,-1.9427482819720003,-0.6442803322135706
"far outside, above",19.0,-1.9898911946965583,-0.31223187551310216
"far outside, above",19.1,-2.007816454575443,-0.05844109338815007
"far outside, above",19.2,-2.003759399827625,0.13002929679026545
"far outside, above",19.3,-1.9834546776483895,0.2691092358967175
"far outside, above",19.400000000000002,-1.9511045888203713,0.373069982665029
"far outside, above",19.5,-1.9096347845141746,0.4531073401818744
"far outside, above",19.6,-1.8610034154014945,0.5174578740375329
"far outside, above",19.7,-1.8064677053785723,0.572018011959238
"far outside, above",19.8,-1.746784418404845,0.621002630258231
"far outside, above",19.900000000000002,-1.6823496570803744,0.667489054871912
"far outside, above",20.0,-1.6132911414825715,0.7138253314042632
"far outside, above",20.1,-1.5395255359697357,0.7619261873097811
"far outside, above",20.2,-1.4607904761038117,0.813488110361355
"far outside, above",20.3,-1.3766579778800057,0.8701505224051038
"far outside, above",20.400000000000002,-1.2865335804037987,0.9336225290955491
"far outside, above",20.5,-1.1896440200614495,1.0057867729683811
"far outside, above",20.6,-1.0850155127962624,1.088782976071165
"far outside, above",20.7,-0.9714450382061938,1.1850613640810317
"far outside, above",20.8,-0.8474689261039215,1.2973758047640924
"far outside, above",20.900000000000002,-0.7113376760044994,1.4286509300370547
"far outside, above",21.0,-0.5610152957635248,1.5815967692433939
"far outside, above",21.1,-0.3942385189462649,1.757850195229164
"far outside, above",21.2,-0.2086991035091442,1.956307234080889
"far outside, above",21.3,-0.002449713983016967,2.1702626016505926
"far outside, above",21.400000000000002,0.22533780768671213,2.383269638222253
"far outside, above",21.5,0.47317389234068724,2.5648325596600525
"far outside, above",21.6,0.7357532312882091,2.669604667467192
"far outside, above",21.7,1.0028093373421547,2.646325663498974
"far outside, above",21.8,1.2595305357081126,2.4598780336600257
"far outside, above",21.900000000000002,1.4895001927900404,2.1166158525275884
"far outside, above",22.0,1.6793942095777208,1.6703977515432433
"far outside, above",22.1,1.8227385111487158,1.1984686707742447
"far outside, above",22.2,1.9204512312503212,0.7663088550248
"far outside, above",22.3,1.978509983588021,0.40845414659071166
"far outside, above",22.400000000000002,2.0048380000614823,0.13094508291926715
"far outside, above",22.5,2.0070404075855643,-0.07648108932437513
"far outside, above",22.6,1.9913535577878794,-0.22951761198190948
"far outside, above",22.7,1.962444317608266,-0.343228270119755
"far outside, above",22.8,1.9236085181418046,-0.4298150602470043
"far outside, above",22.900000000000002,1.8770787014921877,-0.4983945040789271
"far outside, above",23.0,1.824309034465887,-0.555529173640793
"far outside, above",23.1,1.7661968880730585,-0.6059006265245082
"far outside, above",23.2,1.7032405284347245,-0.65289582877108
"far outside, above",23.3,1.6356449647155946,-0.6990568910066988
"far outside, above",23.400000000000002,1.5633891409716145,-0.7464091602843042
"far outside, above",23.5,1.486265115151149,-0.7966986551757479
"far outside, above",23.6,1.4038967936012015,-0.8515678182154496
"far outside, above",23.7,1.3157432276998835,-0.9126915284260816
"far outside, above",23.8,1.2210896760233172,-0.9818874569130477
"far outside, above",23.900000000000002,1.1190286394833284,-1.0612064014110703
"far outside, above",24.0,1.0084330261483807,-1.1529973135050968
"far outside, above",24.1,0.8879249169169566,-1.2599245326557242
"far outside, above",24.2,0.7558470017646963,-1.3848849600111093
"far outside, above",24.3,0.6102513370871916,-1.530721289352128
"far outside, above",24.400000000000002,0.4489343377883313,-1.6995440739875163
"far outside, above",24.5,0.2695711349447302,-1.8913625278785497
"far outside, above",24.6,0.07003753466312133,-2.1016366934917383
"far outside, above",24.7,-0.15095709858900733,-2.3175044002785095
"far outside, above",24.8,-0.3928115331117617,-2.5132770708985603
"far outside, above",24.900000000000002,-0.6515886165516278,-2.6479363269588556
"far outside, above",25.0,-0.9186481777491893,-2.670297661489686
"far outside, above",25.1,-1.1804251061526359,-2.537160827826653
"far outside, above",25.2,-1.420544660254038,-2.2397249045903656
"far outside, above",25.3,-1.624190233830789,-1.8181079908892543
"far outside, above",25.400000000000002,-1.7824885665631767,-1.3460661498262012
"far outside, above",25.5,-1.8941700642940713,-0.8960003940713711
"far outside, above",25.6,-1.9639552360989907,-0.5128411531409125
"far outside, above",25.7,-1.9994549413111546,-0.2105019340519972
"far outside, above",25.8,-2.0085422964057944,0.017495328631177372
"far outside, above",25.900000000000002,-1.9979388481865585,0.1860115940773609
"far outside, above",26.0,-1.9727980423660236,0.31069442943405107
"far outside, above",26.1,-1.936817622647138,0.4047389520538742
"far outside, above",26.2,-1.8925333046323751,0.4781991772874838
"far outside, above",26.3,-1.8416183641082675,0.5383727096783553
"far outside, above",26.400000000000002,-1.7851264684797665,0.590466780590955
"far outside, above",26.5,-1.7236685440674189,0.6382228725605803
"far outside, above",26.6,-1.657533536939978,0.6844097657503364
"far outside, above",26.7,-1.5867665376449458,0.7311869800979465
"far outside, above",26.8,-1.51121586558302,0.780367498140371
"far outside, above",26.900000000000002,-1.430557624263727,0.8336102960906299
"far outside, above",27.0,-1.3443034666901588,0.892567031855618
"far outside, above",27.1,-1.2517952597263349,0.9589994843167771
"far outside, above",27.2,-1.1521890782724702,1.0348761951823546
"far outside, above",27.3,-1.0444305819879267,1.1224469390728422
"far outside, above",27.400000000000002,-0.9272246391209633,1.2242789815853636
"far outside, above",27.5,-0.7990047971815056,1.3432141490214098
"far outside, above",27.6,-0.6579142780517637,1.4821621751082108
"far outside, above",27.7,-0.5018219735095245,1.643573280484439
"far outside, above",27.8,-0.3284176668059305,1.8283272511055368
"far outside, above",27.900000000000002,-0.13546268407279818,2.0336685750948074
"far outside, above",28.0,0.07869010690676657,2.249849427104756
"far outside, above",28.1,0.3141800257305717,2.4556928251024384
"far outside, above",28.2,0.5682927961971528,2.614974879466266
"far outside, above",28.3,0.8339817881835275,2.6784298241189086
"far outside, above",28.400000000000002,1.0991395564549713,2.5975900630454127
"far outside, above",28.5,1.3478892329138439,2.35012393236287
"far outside, above",28.6,1.564384873254889,1.9607915341239799
"far outside, above",28.7,1.7375244361517517,1.4960966781472258
"far outside, above",28.8,1.863672793532296,1.0326383177570069
"far outside, above",28.900000000000002,1.9459668336003164,0.6254736896603392
"far outside, above",29.0,1.9914368417020814,0.2975603964868911
"far outside, above",29.1,2.008084794923459,0.04744776797415717
"far outside, above",29.2,2.0030795817513667,-0.13813731168399898
"far outside, above",29.3,1.982075103490841,-0.2751172699947661
"far outside, above",29.400000000000002,1.9492016652324593,-0.37762262498629395
"far outside, above",29.5,1.9073285647829599,-0.4566890677903017
"far outside, above",29.6,1.858372538884251,-0.520418109107138
"far outside, above",29.7,1.8035611735681105,-0.5746057440343553
"far outside, above",29.8,1.7436300415639214,-0.6233972680612372
"far outside, above",29.900000000000002,1.6789597606634108,-0.6698242843915285
"far outside, above",30.0,1.609666219041557,-0.7162065571822277
"far outside, above",30.1,1.5356564139373963,-0.7644431275252344
"far outside, above",30.2,1.456659396644858,-0.8162240686345738
"far outside, above",30.3,1.3722388701037946,-0.8731895117358128
"far outside, above",30.400000000000002,1.2817916924766932,-0.937055026235892
"far outside, above",30.5,1.1845350273705515,-1.0097144654532941
"far outside, above",30.6,1.079484205510633,-1.0933223475494902
"far outside, above",30.7,0.9654237433045944,-1.1903451716674895
"far outside, above",30.8,0.8408759753144311,-1.303550139513054
"far outside, above",30.900000000000002,0.7040765703480798,-1.43586316944651
"far outside, above",31.0,0.5529758685158964,-1.589965792876039
"far outside, above",31.1,0.3853025319584024,-1.7674046023299936
"far outside, above",31.2,0.19875442865593024,-1.9668719355581543
"far outside, above",31.3,-0.008580811406022657,-2.1812773935179544
"far outside, above",31.400000000000002,-0.23744640586963797,-2.3935566969437394
"far outside, above",31.5,-0.4861961855273742,-2.572426420229097
"far outside, above",31.6,-0.7492933534497971,-2.6719149867476446
"far outside, above",31.7,-1.016212002199945,-2.6409513749376385
"far outside, above",31.8,-1.271966333226437,-2.4459730335360708
"far outside, above",31.900000000000002,-1.500178308779372,-2.095854695361935
"far outside, above",32.0,-1.68780193399346,-1.6464383037620596
"far outside, above",32.1,-1.8287553027594448,-1.1751733021320716
"far outside, above",32.2,-1.9242852108616522,-0.7462284655172601
"far outside, above",32.3,-1.9805401810771184,-0.39249332050202995
"far outside, above",32.4,-2.0054711612943428,-0.11886694750123714
"far outside, above",32.5,-2.006629971833454,0.08541263487191884
"far outside, above",32.6,-1.9901732101834733,0.23611268719167072
"far outside, above",32.7,-1.9606916642172898,0.34818174622558323
"far outside, above",32.8,-1.9214197132096715,0.4336605080278204
"far outside, above",32.9,-1.8745440496065722,0.5015203836138885
"far outside, above",33.0,-1.8214858528203777,0.5582126165895251
"far outside, above",33.1,-1.7631189596550094,0.6083401402222914
"far outside, above",33.2,-1.6999245988937024,0.6552374053985689
"far outside, above",33.3,-1.6320949764365584,0.7014133251421422
"far outside, above",33.4,-1.5595988174543811,0.7488740004816035
"far outside, above",33.5,-1.482219351260347,0.7993563817007411
"far outside, above",33.6,-1.399572161105267,0.8545015435327308
"far outside, above",33.7,-1.311107795267117,0.9159891251448877
"far outside, above",33.8,-1.2161022724740775,0.9856466122913384
"far outside, above",33.9,-1.1136376617152512,1.0655386269729001
"far outside, above",34.0,-1.0025749216669093,1.1580302589269522
"far outside, above",34.1,-0.8815225877791685,1.265800812002575
"far outside, above",34.2,-0.7488086467740478,1.391753696408411
"far outside, above",34.300000000000004,-0.6024707842989536,1.5387151904431615
"far outside, above",34.4,-0.44029488156936114,1.7087296974319812
"far outside, above",34.5,-0.25995642830330074,1.9016454687419606
"far outside, above",34.6,-0.059355054299466435,2.112602374565527
"far outside, above",34.7,0.16273329815390855,2.3281956274041695
"far outside, above",34.800000000000004,0.4055752561308212,2.5219828763718124
"far outside, above",34.9,0.6650238495927268,2.6522115567635836
"far outside, above",35.0,0.9321790208125184,2.6675490295523026
"far outside, above",35.1,1.193259415706267,2.5258996512821854
"far outside, above",35.2,1.4318515890850136,2.2208025022315745
"far outside, above",35.300000000000004,1.633348265923369,1.7947132743911158
"far outside, above",35.4,1.7892522183290118,1.3222043397233432
"far outside, above",35.5,1.8986585393066326,0.8747322494179608
"far outside, above",35.6,1.966511303095636,0.4955621237803788
"far outside, above",35.7,2.000488483212409,0.19726211822370723
"far outside, above",35.800000000000004,2.008428599345224,-0.02733283205070554
"far outside, above",35.9,1.9969773935576924,-0.19326355048110172
"far outside, above",36.0,1.9712091713257316,-0.31610200124828075
"far outside, above",36.1,1.93475517719981,-0.4088867454286849
"far outside, above",36.2,1.8901005456804534,-0.48151819970769344
"far outside, above",36.300000000000004,1.8388818668882776,-0.5411715435670214
"far outside, above",36.4,1.7821266337415163,-0.5929656443346698
"far outside, above",36.5,1.7204269569416433,-0.640581986816268
"far outside, above",36.6,1.6540578440064406,-0.6867506997561871
"far outside, above",36.7,1.5830534963820828,-0.7336081220657769
"far outside, above",36.800000000000004,1.507253072711799,-0.7829552692264655
"far outside, above",36.9,1.4263242752560177,-0.8364475180057461
"far outside, above",37.0,1.339770376231619,-0.8957394787626939
"far outside, above",37.1,1.2469242898104804,-0.9626012491327349
"far outside, above",37.2,1.1469320788673565,-1.0390140616304704
"far outside, above",37.300000000000004,1.0387279576795077,-1.127243358979173
"far outside, above",37.4,0.9210037388775604,-1.229872297480102
"far outside, above",37.5,0.792178536351674,-1.3497530254889083
"far outside, above",37.6,0.6503808375783445,-1.4897883081803067
"far outside, above",37.7,0.4934672291297864,-1.6523818557571712
"far outside, above",37.800000000000004,0.3191233481229993,-1.838288648406486
"far outside, above",37.9,0.12512515097802418,-2.044491096637035
"far outside, above",38.0,-0.09012389545345288,-2.26077373487777
"far outside, above",38.1,-0.32665398450034133,-2.4652615563631506
"far outside, above",38.2,-0.5815652026773848,-2.6209452742585304
"far outside, above",38.300000000000004,-0.8475600967087935,-2.6781470087460386
"far outside, above",38.4,-1.1122871442580275,-2.589057528714922
"far outside, above",38.5,-1.3597613767295362,-2.3333726226281626
"far outside, above",38.6,-1.5742687833825673,-1.9383773199230465
"far outside, above",38.7,-1.7450480764789318,-1.471980150206238
"far outside, above",38.800000000000004,-1.8688513295337605,-1.0103188855141825
"far outside, above",38.9,-1.9490905736131738,-0.6068760458832296
"far outside, above",39.0,-1.9929086245635093,-0.2830912665754948
"far outside, above",39.1,-2.008297826560175,-0.03662070593738289
"far outside, above",39.2,-2.0023589761681624,0.14612087655279724
"far outside, above",39.300000000000004,-1.9806652949719243,0.28103739971463176
"far outside, above",39.4,-1.9472758135222372,0.3821156645343109
"far outside, above",39.5,-1.9050042864362424,0.4602318689315713
"far outside, above",39.6,-1.85572671689067,0.5233541709132343
"far outside, above",39.7,-1.8006415578667851,0.5771798419057014
"far outside, above",39.800000000000004,-1.7404635400985558,0.6257859782412664
"far outside, above",39.9,-1.6755580257537446,0.6721594871230339
"far outside, above",40.0,-1.6060292125944615,0.7185925924932138
"far outside, below",0.0,1.5,-2.8
"far outside, below",0.1,1.2265550828854894,-2.699782009065573
"far outside, below",0.2,0.9548882629654379,-2.755702353918489
"far outside, below",0.3,0.6714410452065154,-2.931289176733617
"far outside, below",0.4,0.36535727269133533,-3.20479524730519
"far outside, below",0.5,0.028198193941486992,-3.5456678118993104
"far outside, below",0.6,-0.3439168943619135,-3.8887177130532895
"far outside, below",0.7000000000000001,-0.7455958037188195,-4.111506280699318
"far outside, below",0.8,-1.1566806595027925,-4.049744837232991
"far outside, below",0.9,-1.542166865051904,-3.59318469582732
"far outside, below",1.0,-1.8641424606406938,-2.807438923183999
"far outside, below",1.1,-2.1001571320519643,-1.9161148721457946
"far outside, below",1.2,-2.2511589277672512,-1.1338456661374394
"far outside, below",1.3,-2.3337464424040406,-0.5526314701356123
"far outside, below",1.4000000000000001,-2.368070776567904,-0.16183390758355704
"far outside, below",1.5,-2.3708088103270213,0.08795149834001288
"far outside, below",1.6,-2.3535475857511017,0.24524503913150314
"far outside, below",1.7,-2.3236452133634002,0.34555103325275977
"far outside, below",1.8,-2.285560457950491,0.4118710113497923
"far outside, below",1.9000000000000001,-2.2419275455375307,0.458311517560166
"far outside, below",2.0,-2.1942747665963585,0.4933441466138264
"far outside, below",2.1,-2.1434673583828316,0.5220534803170227
"far outside, below",2.2,-2.0899703453287666,0.5475375328690842
"far outside, below",2.3000000000000003,-2.0340017406087,0.5717437314736895
"far outside, below",2.4,-1.9756208406813862,0.595960846028349
"far outside, below",2.5,-1.9147783144779653,0.6211094726406632
"far outside, below",2.6,-1.8513435636048439,0.6479169198365755
"far outside, below",2.7,-1.7851181760461916,0.677026725771898
"far outside, below",2.8000000000000003,-1.7158404183203697,0.7090720354488382
"far outside, below",2.9,-1.643183446034053,0.744730036988651
"far outside, below",3.0,-1.5667485659367029,0.7847678357161203
"far outside, below",3.1,-1.4860540579134989,0.8300862256569479
"far outside, below",3.2,-1.4005195497040461,0.8817653639875508
"far outside, below",3.3000000000000003,-1.3094456371540686,0.9411143364194507
"far outside, below",3.4,-1.2119883637798934,1.0097240140043966
"far outside, below",3.5,-1.1071284367315213,1.0895180529959103
"far outside, below",3.6,-0.9936359636001567,1.1827880542644693
"far outside, below",3.7,-0.870033658726914,1.2921817264447026
"far outside, below",3.8000000000000003,-0.7345660335999776,1.420580642426407
"far outside, below",3.9,-0.5851910299260554,1.5707470577379261
"far outside, below",4.0,-0.4196268722235759,1.7445278999026081
"far outside, below",4.1,-0.23551392958976405,1.9412860864755477
"far outside, below",4.2,-0.030788900153800793,2.1551600155468202
"far outside, below",4.3,0.19559871731335615,2.370983203517478
"far outside, below",4.4,0.44252482553918704,2.559769260640663
"far outside, below",4.5,0.7051826361942425,2.677134870665125
"far outside, below",4.6000000000000005,0.9738173909177248,2.6708763977741645
"far outside, below",4.7,1.2338926727883246,2.502058889716825
"far outside, below",4.8,1.4687790894024995,2.171527501006409
"far outside, below",4.9,1.6644429764916453,1.7293243710519257
"far outside, below",5.0,1.8135191062926876,1.2530139694085272
"far outside, below",5.1000000000000005,1.9162443246845093,0.8115361546049412
"far outside, below",5.2,1.978300091639607,0.443230426493656
"far outside, below",5.3,2.0076300234174687,0.15652713777101607
"far outside, below",5.4,2.01201861784241,-0.05797248949176797
"far outside, below",5.5,1.9979166046537364,-0.21601389910600174
"far outside, below",5.6000000000000005,1.970178811318945,-0.3330637441161125
"far outside, below",5.7,1.9322451678282082,-0.42176578712497625
"far outside, below",5.8,1.8864516538839033,-0.4915988857244698
"far outside, below",5.9,1.8343247091149106,-0.5493872766150115
"far outside, below",6.0,1.7768123006445191,-0.5999878860949318
"far outside, below",6.1000000000000005,1.7144491645608069,-0.646898329544315
"far outside, below",6.2,1.647468152549547,-0.6927253041517833
"far outside, below",6.3,1.5758713116243164,-0.7395261964391685
"far outside, below",6.4,1.4994718391104152,-0.7890554164148837
"far outside, below",6.5,1.4179148851911567,-0.842945614465185
"far outside, below",6.6000000000000005,1.3306824932287158,-0.9028469051780106
"far outside, below",6.7,1.2370860504158236,-0.9705393077531622
"far outside, below",6.8,1.136248506768196,-1.048025339780801
"far outside, below",6.9,1.027078413094081,-1.1375994075318256
"far outside, below",7.0,0.9082388886168061,-1.2418748254214445
"far outside, below",7.1000000000000005,0.7781177781781049,-1.3637221075427193
"far outside, below",7.2,0.6348120517859958,-1.5060247886353892
"far outside, below",7.3,0.4761524760620031,-1.6710812163242608
"far outside, below",7.4,0.2998170274963111,-1.8593710181046137
"far outside, below",7.5,0.10361513631744307,-2.0673052095790636
"far outside, below",7.6000000000000005,-0.11393826854488193,-2.2836592178806425
"far outside, below",7.7,-0.3526365055980179,-2.48507306977682
"far outside, below",7.8,-0.6091819799934816,-2.6329122650220422
"far outside, below",7.9,-0.8757491753274578,-2.6767451013057912
"far outside, below",8.0,-1.1394881971555535,-2.5703320416272737
"far outside, below",8.1,-1.3842184286064287,-2.2977503246059574
"far outside, below",8.2,-1.594535915912936,-1.891479661782914
"far outside, below",8.3,-1.7604063404030563,-1.422086079879211
"far outside, below",8.4,-1.8793781575249973,-0.9645107383105926
"far outside, below",8.5,-1.9554118343379345,-0.568907897864377
"far outside, below",8.6,-1.9958627848759247,-0.2536411207100254
"far outside, below",8.700000000000001,-2.0086917768826873,-0.01461033015346289
"far outside, below",8.8,-2.000854948500825,0.1623539151957958
"far outside, below",8.9,-1.977759164607204,0.2930902051877382
"far outside, below",9.0,-1.943318094712768,0.39128187011673904
"far outside, below",9.1,-1.9002327729343345,0.46747785362092353
"far outside, below",9.200000000000001,-1.850296699465459,0.5293754435259531
"far outside, below",9.3,-1.7946493283002884,0.5824723321516557
"far outside, below",9.4,-1.7339631295756406,0.630708114501564
"far outside, below",9.5,-1.6685724566891464,0.6769797791864212
"far outside, below",9.6,-1.598557661687393,0.7235243231552259
"far outside, below",9.700000000000001,-1.5237965094066162,0.7721954942333771
"far outside, below",9.8,-1.443991898967136,0.8246657485879048
"far outside, below",9.9,-1.3586820334449001,0.8825789620962279
"far outside, below",10.0,-1.2672370034605875,0.9476717618069435
"far outside, below",10.1,-1.1688443618659312,1.021873300220421
"far outside, below",10.200000000000001,-1.0624857336238087,1.1073839064882185
"far outside, below",10.3,-0.9469070886761141,1.2067194667648833
"far outside, below",10.4,-0.820587655037695,1.322685598489909
"far outside, below",10.5,-0.6817178526428582,1.4582058268363556
"far outside, below",10.6,-0.5282072966473641,1.6158607870116517
"far outside, below",10.700000000000001,-0.3577629959709649,1.79689457097261
"far outside, below",10.8,-0.16810806294976818,1.9993315773451537
"far outside, below",10.9,0.04255085392790634,2.21483892497418
"far outside, below",11.0,0.27467829509047653,2.424397697692507
"far outside, below",11.1,0.5261259534767465,2.5943100257506235
"far outside, below",11.200000000000001,0.790632624788106,2.6768521994369565
"far outside, below",11.3,1.056889607875184,2.6219084488108786
"far outside, below",11.4,1.3094313428499056,2.4010824090944936
"far outside, below",11.5,1.5320766580779837,2.03100439075056
"far outside, below",11.6,1.7126867294267523,1.5731148198484501
"far outside, below",11.700000000000001,1.846378108630716,1.1048975429112218
"far outside, below",11.8,1.93535693708976,0.6862485404625697
"far outside, below",11.9,1.9862418361391,0.3451193317553855
"far outside, below",12.0,2.007033880994666,0.08313991760417955
"far outside, below",12.1,2.005107831556216,-0.11180440253067626
"far outside, below",12.200000000000001,1.9863753826211312,-0.2556190505865282
"far outside, below",12.3,1.955199175189246,-0.362872210669183
"far outside, below",12.4,1.9146312934827097,-0.4451124988900579
"far outside, below",12.5,1.8667231299307634,-0.5108785302211476
"far outside, below",12.6,1.8127987107389092,-0.5662930200330578
"far outside, below",12.700000000000001,1.7536625264948025,-0.615728356239517
"far outside, below",12.8,1.6897454640411687,-0.6623658005891675
"far outside, below",12.9,1.621201703790425,-0.708618064778916
"far outside, below",13.0,1.547969397356692,-0.756436191952474
"far outside, below",13.1,1.469805127267256,-0.807532168800572
"far outside, below",13.200000000000001,1.386299135072188,-0.863544986038419
"far outside, below",13.3,1.2968758904249569,-0.9261704969577343
"far outside, below",13.4,1.200782932376742,-0.9972675067668093
"far outside, below",13.5,1.0970700943969465,-1.0789437830520594
"far outside, below",13.6,0.9845614070880033,-1.1736138478745246
"far outside, below",13.700000000000001,0.8618236597521484,-1.2840012406340426
"far outside, below",13.8,0.7271398483110987,-1.413024522235445
"far outside, below",13.9,0.5785044358905155,-1.563448874288238
"far outside, below",14.0,0.41367339875847986,-1.7370947057740964
"far outside, below",14.1,0.23032859128953337,-1.9332795358885229
"far outside, below",14.200000000000001,0.026452638088830457,-2.146105204234309
"far outside, below",14.3,-0.19895817960188303,-2.360438371347471
"far outside, below",14.4,-0.44474390737706676,-2.5474976829050857
"far outside, below",14.5,-0.7060956256653244,-2.663381491350256
"far outside, below",14.6,-0.973318383667792,-2.6566174693622773
"far outside, below",14.700000000000001,-1.2320089763431268,-2.4889259033082105
"far outside, below",14.8,-1.465710556111324,-2.1612020686791116
"far outside, below",14.9,-1.6605252070583225,-1.7227243205475073
"far outside, below",15.0,-1.809123709401964,-1.2499475600918755
"far outside, below",15.1,-1.911680706826037,-0.8110485185023375
"far outside, below",15.200000000000001,-1.973769495828378,-0.444204731595043
"far outside, below",15.3,-2.0032316968742028,-0.15807893802855705
"far outside, below",15.4,-2.0077800578363485,0.05639555348299349
"far outside, below",15.5,-1.9938243341452377,0.21469528623373507
"far outside, below",15.6,-1.9662002542603196,0.33211772863883093
"far outside, below",15.700000000000001,-1.9283413199373742,0.42121742733878165
"far outside, below",15.8,-1.8825832576726393,0.4914343987361812
"far outside, below",15.9,-1.8304546064291556,0.5495816583637435
"far outside, below",16.0,-1.7729057863520898,0.6005185792040564
"far outside, below",16.1,-1.7104733905837044,0.6477513918828589
"far outside, below",16.2,-1.6433911186368444,0.6938979835832699
"far outside, below",16.3,-1.5716606839170013,0.7410280518731582
"far outside, below",16.4,-1.4950936805970982,0.7909090837051941
"far outside, below",16.5,-1.4133323038767398,0.8451877416320365
"far outside, below",16.6,-1.3258541790497158,0.9055294546014916
"far outside, below",16.7,-1.2319646643479434,0.9737311824685185
"far outside, below",16.8,-1.1307789033303672,1.0518140019395776
"far outside, below",16.9,-1.021195732790685,1.1420916643408172
"far outside, below",17.0,-0.9018666807150247,1.247195033141107
"far outside, below",17.1,-0.7711665662922648,1.3700043328638365
"far outside, below",17.2,-0.6271792372796486,1.513392481499565
"far outside, below",17.3,-0.46772533769355185,1.6796032878975649
"far outside, below",17.400000000000002,-0.2904819717759571,1.8689775257101202
"far outside, below",17.5,-0.09327821217219592,2.0776436029987564
"far outside, below",17.6,0.12531319071893454,2.293887308619161
"far outside, below",17.7,0.36496763257819714,2.493645943558609
"far outside, below",17.8,0.6221950331279981,2.6375511626551815
"far outside, below",17.900000000000002,0.8889219768301931,2.6749066891171775
"far outside, below",18.0,1.1520762053736562,2.5603434850141733
"far outside, below",18.1,1.395408763963596,2.280079490683571
"far outside, below",18.2,1.6036859893507227,1.8689644307205968
"far outside, below",18.3,1.7672257324873506,1.398623668313999
"far outside, below",18.400000000000002,1.8839427033595058,0.9432801945110639
"far outside, below",18.5,1.958037491079363,0.5514905602489455
"far outside, below",18.6,1.9969493441666832,0.2402248290704642
"far outside, below",18.7,2.0086145643766473,0.0046248206659675615
"far outside, below",18.8,1.9999174933199508,-0.16970700045160475
"far outside, below",18.900000000000002,1.9761864099116773,-0.29855578951697614
"far outside, below",19.0,1.941267700110093,-0.3954547323956164
"far outside, below",19.1,1.897810790143567,-0.47079873650608256
"far outside, below",19.2,1.8475716391621053,-0.5321601873541342
"far outside, below",19.3,1.7916629312530932,-0.5849458686806924
"far outside, below",19.400000000000002,1.7307379561209841,-0.6330333435627955
"far outside, below",19.5,1.6651169394248095,-0.6792794554976318
"far outside, below",19.6,1.5948692825423951,-0.7258969363744597
"far outside, below",19.7,1.5198636220485056,-0.7747267475359568
"far outside, below",19.8,1.4397945619516876,-0.8274370765371658
"far outside, below",19.900000000000002,1.3541920933228655,-0.8856741593765413
"far outside, below",20.0,1.2624175796081998,-0.9511823994384578
"far outside, below",20.1,1.1636488377402634,-1.0259031835655856
"far outside, below",20.2,1.056856359544161,-1.1120522781422753
"far outside, below",20.3,0.9407733709200867,-1.2121617807664786
"far outside, below",20.400000000000002,0.813864892551603,-1.3290491655246766
"far outside, below",20.5,0.6743065737305192,-1.465634974977928
"far outside, below",20.6,0.5199950833687756,-1.6244618821639198
"far outside, below",20.7,0.3486314341813294,-1.8066653875816439
"far outside, below",20.8,0.1579493737520398,-2.010034913125802
"far outside, below",20.900000000000002,-0.05380111585707633,-2.2258074752824313
"far outside, below",21.0,-0.28698652310056905,-2.43430077650159
"far outside, below",21.1,-0.5392858181026677,-2.601024916612834
"far outside, below",21.2,-0.8041947478377629,-2.677739089381948
"far outside, below",21.3,-1.0701519212745052,-2.61477064524295
"far outside, below",21.400000000000002,-1.3215526731962897,-2.3855519488947836
"far outside, below",21.5,-1.542306672726636,-2.0092630040329955
"far outside, below",21.6,-1.720590685421045,-1.5490201031853008
"far outside, below",21.7,-1.8519133354132575,-1.0821282307336764
"far outside, below",21.8,-1.9387803577849174,-0.6670038038330031
"far outside, below",21.900000000000002,-1.9879478441331206,-0.3300134046545062
"far outside, below",22.0,-2.0074224965450065,-0.071785530990657
"far outside, below",22.1,-2.0045166598810127,0.12018417148048086
"far outside, below",22.2,-1.9850613821692502,0.2618194496548012
"far outside, below",22.3,-1.9533458344801788,0.36755528240197366
"far outside, below",22.400000000000002,-1.9123640072183323,0.44877927505465165
"far outside, below",22.5,-1.8641243936788163,0.5138914218061215
"far outside, below",22.6,-1.8099202724646455,0.5689103004415234
"far outside, below",22.7,-1.7505341726772934,0.6181356878317379
"far outside, below",22.8,-1.6863809900400304,0.6647008612203634
"far outside, below",22.900000000000002,-1.6176027600624165,0.7109886164438908
"far outside, below",23.0,-1.5441277938399738,0.758933124233953
"far outside, below",23.1,-1.4657040189047894,0.8102390675051866
"far outside, below",23.2,-1.3819133718310457,0.8665454448957842
"far outside, below",23.3,-1.292171713069719,0.9295539945794722
"far outside, below",23.400000000000002,-1.1957171333203063,1.0011342596041641
"far outside, below",23.5,-1.0915887455428757,1.0834084866309437
"far outside, below",23.6,-0.9785982997619039,1.178807469427392
"far outside, below",23.7,-0.8552987435235833,1.290068746473448
"far outside, below",23.8,-0.7199582690523569,1.4201141811767861
"far outside, below",23.900000000000002,-0.5705573818298237,1.5716850361038668
"far outside, below",24.0,-0.40484303459308457,1.746520476598668
"far outside, below",24.1,-0.2205010159321407,1.9437501355944886
"far outside, below",24.2,-0.015544764802033371,2.157114304720388
"far outside, below",24.3,0.2109512223494278,2.370888129875623
"far outside, below",24.400000000000002,0.4576791085674055,2.5555114150443043
"far outside, below",24.5,0.7196057033330765,2.666411931644695
"far outside, below",24.6,0.9867752496104363,2.6521801294189795
"far outside, below",24.7,1.2445939983364387,2.4759349519538114
"far outside, below",24.8,1.4766159061461048,2.1410460552000132
"far outside, below",24.900000000000002,1.669198293948788,1.698917052757769
"far outside, below",25.0,1.8154006398053324,1.226421391240862
"far outside, below",25.1,1.9157402032211426,0.7905388899965327
"far outside, below",25.2,1.975979601838866,0.4277830050479754
"far outside, below",25.3,2.004001275674132,0.14560123667854585
"far outside, below",25.400000000000002,2.007470567782726,-0.06563575305238187
"far outside, below",25.5,1.992718491499628,-0.22151281484375293
"far outside, below",25.6,1.9645034818039746,-0.3372243233626462
"far outside, below",25.7,1.9261958003118331,-0.4251644156842445
"far outside, below",25.8,1.8800836930975717,-0.4946247915589582
"far outside, below",25.900000000000002,1.827661452823141,-0.5523032473351848
"far outside, below",26.0,1.7698550731165754,-0.6029771871028254
"far outside, below",26.1,1.707183512104014,-0.6500977784600929
"far outside, below",26.2,1.6398672869229984,-0.6962478592968498
"far outside, below",26.3,1.5678976708980215,-0.7434765441429432
"far outside, below",26.400000000000002,1.491077323421176,-0.7935412631402944
"far outside, below",26.5,1.4090400972776413,-0.8480865458496784
"far outside, below",26.6,1.3212551642500545,-0.9087819586445516
"far outside, below",26.7,1.227018749104563,-0.9774337614664046
"far outside, below",26.8,1.1254357151847572,-1.056076473763199
"far outside, below",26.900000000000002,1.0153931287360194,-1.147039854018605
"far outside, below",27.0,0.8955291410600682,-1.2529701278520353
"far outside, below",27.1,0.7642039489423746,-1.3767555147747348
"far outside, below",27.2,0.619486867146137,-1.521256113295138
"far outside, below",27.3,0.45918731186293266,-1.6886569626588457
"far outside, below",27.400000000000002,0.28098103121055656,-1.8791513019269843
"far outside, below",27.5,0.08271747947657175,-2.088568596289022
"far outside, below",27.6,-0.136969902260085,-2.3046785787051793
"far outside, below",27.7,-0.37763265633617804,-2.5026823758566725
"far outside, below",27.8,-0.6355791905405139,-2.6424534259740677
"far outside, below",27.900000000000002,-0.9024784229319698,-2.6730459254168113
"far outside, below",28.0,-1.1650304534126499,-2.5500362079593
"far outside, below",28.1,-1.4069221223483626,-2.261885405114992
"far outside, below",28.2,-1.6131026020632695,-1.8458666873773097
"far outside, below",28.3,-1.7742555114551866,-1.374634191553537
"far outside, below",28.400000000000002,-1.8886698870027128,-0.9216242575436094
"far outside, below",28.5,-1.9607883152697003,-0.5337464494295727
"far outside, below",28.6,-1.9981324896294057,-0.2265600374800194
"far outside, below",28.7,-2.008612147482865,0.005550957158213181
"far outside, below",28.8,-1.9990380644734957,0.17720734185653936
"far outside, below",28.900000000000002,-1.974658635973213,0.3041365735645051
"far outside, below",29.0,-1.9392520259322896,0.3997187482742073
"far outside, below",29.1,-1.8954153573802957,0.47419274595617966
"far outside, below",29.2,-1.844866520608365,0.5350046436765764
"far outside, below",29.3,-1.7886910226452404,0.5874692850147204
"far outside, below",29.400000000000002,-1.7275226548170313,0.6354014356290467
"far outside, below",29.5,-1.6616672630095732,0.6816172331088479
"far outside, below",29.6,-1.5911830935031521,0.7283047471389494
"far outside, below",29.7,-1.5159294830306136,0.7772918882129581
"far outside, below",29.8,-1.4355925897536184,0.830242418982883
"far outside, below",29.900000000000002,-1.3496940531286217,0.88880486582648
"far outside, below",30.0,-1.2575863733932942,0.9547314024284156
"far outside, below",30.1,-1.1584374942197873,1.029975675330398
"far outside, below",30.2,-1.0512066350560467,1.1167688880385136
"far outside, below",30.3,-0.9346141440179645,1.2176592151649168
"far outside, below",30.400000000000002,-0.8071107289754086,1.3354755100266864
"far outside, below",30.5,-0.6668572430182477,1.473134127728223
"far outside, below",30.6,-0.5117375661315657,1.6331371894292526
"far outside, below",30.7,-0.33944724009831007,1.816506648531366
"far outside, below",30.8,-0.14773183287462835,2.0207885612286884
"far outside, below",30.900000000000002,0.0651131322480846,2.2367779741549114
"far outside, below",31.0,0.2993526538284995,2.4441176360673014
"far outside, below",31.1,0.5524888403934645,2.607525861875314
"far outside, below",31.2,0.817771624065728,2.6782748812567747
"far outside, below",31.3,1.0833890499005616,2.607201063017233
"far outside, below",31.400000000000002,1.3336065364712133,2.369630643455361
"far outside, below",31.5,1.5524374526343097,1.9872921836972959
"far outside, below",31.6,1.7283826245706075,1.524897211007518
"far outside, below",31.7,1.857341946820478,1.0594818650907603
"far outside, below",31.8,1.9421134855745799,0.6479490422896828
"far outside, below",31.900000000000002,1.9895830234238772,0.31509864414068256
"far outside, below",32.0,2.007757979944978,0.06059094951267465
"far outside, below",32.1,2.0038863706892496,-0.1284434402889138
"far outside, below",32.2,1.9837184937998882,-0.2679346040397436
"far outside, below",32.3,1.9514706845161727,-0.37218070697242284
"far outside, below",32.4,1.9100796089381045,-0.4524086436091061
"far outside, below",32.5,1.8615115229513373,-0.5168813476443738
"far outside, below",32.6,1.8070294532322129,-0.5715149087634456
"far outside, below",32.7,1.7473943114742199,-0.620537849055019
"far outside, below",32.8,1.6830052280995618,-0.6670364754415975
"far outside, below",32.9,1.6139922328276748,-0.7133644011071325
"far outside, below",33.0,1.5402738727216074,-0.7614394564446061
"far outside, below",33.1,1.461589450741288,-0.8129594196040586
"far outside, below",33.2,1.3775125935303252,-0.8695636122536671
"far outside, below",33.3,1.2874505187540914,-0.9329599181422817
"far outside, below",33.4,1.1906318114000491,-1.0050288321975884
"far outside, below",33.5,1.0860847882422737,-1.0879072254984883
"far outside, below",33.6,0.9726088346237975,-1.184042169198193
"far outside, below",33.7,0.8487429846870294,-1.2961849098426574
"far outside, below",33.8,0.7127406111615887,-1.427259719468522
"far outside, below",33.9,0.5625683870461529,-1.579981900840852
"far outside, below",34.0,0.395964662465872,-1.7560053331107133
"far outside, below",34.1,0.21062012974235822,-1.9542646648952524
"far outside, below",34.2,0.0045809016873964645,-2.1681279870380616
"far outside, below",34.300000000000004,-0.2229972800802659,-2.3812669652064096
"far outside, below",34.4,-0.4706547330479467,-2.5633380717078724
"far outside, below",34.5,-0.7331306399912098,-2.6691182896234333
"far outside, below",34.6,-1.000208890703662,-2.647317480714564
"far outside, below",34.7,-1.2571124568351273,-2.4625249506037
"far outside, below",34.800000000000004,-1.4874187010786042,-2.120608310014203
"far outside, below",34.9,-1.6777508019415603,-1.6750339805506627
"far outside, below",35.0,-1.8215588176906319,-1.2029960481637259
"far outside, below",35.1,-1.9196964269355503,-0.7702232067997541
"far outside, below",35.2,-1.978107155383477,-0.41157151482413257
"far outside, below",35.300000000000004,-2.004708189744946,-0.13330664174283902
"far outside, below",35.4,-2.0071146908175854,0.07473413515316274
"far outside, below",35.5,-1.9915784206448348,0.22822796849481902
"far outside, below",35.6,-1.9627810567029509,0.34226037428794576
"far outside, below",35.7,-1.924030433627727,0.4290645770862968
"far outside, below",35.800000000000004,-1.8775680642045955,0.49778539365785496
"far outside, below",35.9,-1.8248545735195891,0.5550071756481966
"far outside, below",36.0,-1.7667919396787304,0.6054268922402201
"far outside, below",36.1,-1.7038817614854167,0.6524418192250881
"far outside, below",36.2,-1.6363315488785402,0.6986005970139463
"far outside, below",36.300000000000004,-1.5641222376385109,0.7459323719801721
"far outside, below",36.4,-1.4870476020266126,0.7961849715853468
"far outside, below",36.5,-1.4047331622030836,0.8510011433994669
"far outside, below",36.6,-1.3166396146405985,0.9120548765385679
"far outside, below",36.7,-1.222054002816147,0.981161966980034
"far outside, below",36.800000000000004,-1.1200708411992606,1.0603705531250591
"far outside, below",36.9,-1.0095653441192105,1.152026465169478
"far outside, below",37.0,-0.8891622086954264,1.2587911198539152
"far outside, below",37.1,-0.7572069703887789,1.3835600750584753
"far outside, below",37.2,-0.6117544799517527,1.5291790095923106
"far outside, below",37.300000000000004,-0.4506032319726149,1.6977708957807063
"far outside, below",37.4,-0.27142838156706534,1.8893754163994605
"far outside, below",37.5,-0.0721013043828589,2.0995135239727305
"far outside, below",37.6,0.14868122091286082,2.315426801359433
"far outside, below",37.7,0.3903431297415273,2.511571872145016
"far outside, below",37.800000000000004,0.6489874988705416,2.6470740511619177
"far outside, below",37.9,0.9160244281376844,2.6707830773244656
"far outside, below",38.0,1.1779313515460368,2.539293061136902
"far outside, below",38.1,1.418342394853115,2.243354381258206
"far outside, below",38.2,1.622401761518542,1.8226271580658362
"far outside, below",38.300000000000004,1.7811638104363068,1.3506979743670646
"far outside, below",38.4,1.8932877288293066,0.900142846324325
"far outside, below",38.5,1.963449724368952,0.5162142547044805
"far outside, below",38.6,1.999246856945989,0.21308996633927335
"far outside, below",38.7,2.0085585404804354,-0.015571259966688398
"far outside, below",38.800000000000004,1.9981209041942973,-0.18459330671222834
"far outside, below",38.9,1.973102773978236,-0.30963749443807104
"far outside, below",39.0,1.9372148722829936,-0.4039291189662891
"far outside, below",39.1,1.8930028072497638,-0.477552097227159
"far outside, below",39.2,1.8421470361544494,-0.5378279643168452
"far outside, below",39.300000000000004,1.7857063508936446,-0.5899812630002806
"far outside, below",39.4,1.7242953594932957,-0.6377652487659357
"far outside, below",39.5,1.6582057320181836,-0.6839562989745541
"far outside, below",39.6,1.5874846829401847,-0.7307185028953576
"far outside, below",39.7,1.511982314041723,-0.779867218615033
"far outside, below",39.800000000000004,1.431376359103365,-0.8330621629536696
"far outside, below",39.9,1.3451800935815088,-0.8919544562604929
"far outside, below",40.0,1.2527371144713375,-0.9583042939701092
high velocity,0.0,0.0,2.6
high velocity,0.1,0.2728211199882482,2.852622474644833
high velocity,0.2,0.5687810690680714,3.052102601848914
high velocity,0.3,0.8790235642348897,3.1249504533532484
high velocity,0.4,1.1870726172709127,2.9984073103590774
high velocity,0.5,1.4710675359379444,2.645635360158399
high velocity,0.6,1.7103278703687965,2.1188388933951647
high velocity,0.7000000000000001,1.8927129522958455,1.5281461962504956
high velocity,0.8,2.017435447423244,0.9800133226430796
high velocity,0.9,2.0921550399586333,0.5333664822587927
high velocity,1.0,2.1278733087061332,0.1987775294158675
high velocity,1.1,2.135104922798976,-0.04019359386791144
high velocity,1.2,2.122214077599566,-0.20767858831696095
high velocity,1.3,2.0952154787514683,-0.3255909778477432
high velocity,1.4000000000000001,2.0581851304542167,-0.41065765615244826
high velocity,1.5,2.0137823837840942,-0.4746451057616849
high velocity,1.6,1.963690163503635,-0.5255244694583945
high velocity,1.7,1.9089344767639238,-0.5686377940110154
high velocity,1.8,1.8500997528693512,-0.6076010541765979
high velocity,1.9000000000000001,1.7874677843602627,-0.6449370650719953
high velocity,2.0,1.7211043213089356,-0.6825012054077664
high velocity,2.1,1.6509106668080706,-0.7217655154467489
high velocity,2.2,1.5766517615543243,-0.764011896116427
high velocity,2.3000000000000003,1.4979679685407081,-0.8104696683103486
high velocity,2.4,1.414374874015178,-0.86242075942542
high velocity,2.5,1.3252535508581278,-0.9212871018577911
high velocity,2.6,1.2298326201164587,-0.98870803695665
high velocity,2.7,1.1271629981279896,-1.0666087065188863
high velocity,2.8000000000000003,1.0160865540698372,-1.1572509930774562
high velocity,2.9,0.8952014691683822,-1.2632425895284605
high velocity,3.0,0.7628308309063484,-1.3874509520188392
high velocity,3.1,0.6170086377000682,-1.5327179495979761
high velocity,3.2,0.45551166905233925,-1.7011878335278365
high velocity,3.3000000000000003,0.2759899517204401,-1.8929470743221521
high velocity,3.4,0.07628397307327861,-2.1035829932694496
high velocity,3.5,-0.14494710234549896,-2.3203988734054533
high velocity,3.6,-0.3871684775636897,-2.5178492392229215
high velocity,3.7,-0.6465171197340561,-2.6548959749166277
high velocity,3.8000000000000003,-0.9144088060289208,-2.6799819638183964
high velocity,3.9,-1.1772757021068425,-2.549121957397528
high velocity,4.0,-1.418652575562179,-2.2526325737750237
high velocity,4.1,-1.6235641389506494,-1.8302448646279876
high velocity,4.2,-1.7829793991776164,-1.3561140278300283
high velocity,4.3,-1.895537741054505,-0.9034793703229399
high velocity,4.4,-1.9659501449003103,-0.5179854650517771
high velocity,4.5,-2.00187071490004,-0.21387802300992417
high velocity,4.6000000000000005,-2.0112322130352775,0.015298174874607048
high velocity,4.7,-2.000809772358306,0.18452226252866494
high velocity,4.8,-1.975796781556061,0.30958320357559055
high velocity,4.9,-1.9399179041156709,0.40379122725057753
high velocity,5.0,-1.8957260606970543,0.47727979761911987
high velocity,5.1000000000000005,-1.8449053473881851,0.5373962053606735
high velocity,5.2,-1.7885164045203312,0.5893763266781817
high velocity,5.3,-1.7271750089779287,0.6369764543934157
high velocity,5.4,-1.6611739538508603,0.682971276019684
high velocity,5.5,-1.5905618980358536,0.7295203581206674
high velocity,5.6000000000000005,-1.5151909417311182,0.778432591863304
high velocity,5.7,-1.4347415462450528,0.8313596002415627
high velocity,5.8,-1.3487306036750484,0.8899428056121267
high velocity,5.9,-1.2565063805650991,0.9559310355986261
high velocity,6.0,-1.1572327729469354,1.031277425893324
high velocity,6.1000000000000005,-1.0498648951038656,1.1182147037874355
high velocity,6.2,-0.9331187750349978,1.2192936187221024
high velocity,6.3,-0.80544055426039,1.3373450111932166
high velocity,6.4,-0.6649864693678362,1.4752835633719243
high velocity,6.5,-0.5096363580112478,1.6356003226636884
high velocity,6.6000000000000005,-0.33708369409905686,1.8192866988658773
high velocity,6.7,-0.1450766355223315,2.023823072220423
high velocity,6.8,0.06807757781548224,2.2398845781621137
high velocity,6.9,0.30261700574087774,2.446929887113051
high velocity,7.0,0.5559962043865452,2.6094601239747965
high velocity,7.1000000000000005,0.8213985419268606,2.678611786590745
high velocity,7.2,1.086943815282541,2.605355135140977
high velocity,7.3,1.3368614829443557,2.365525480694643
high velocity,7.4,1.5551918305588892,1.9815376826813569
high velocity,7.5,1.7305219705799264,1.5185336960655902
high velocity,7.6000000000000005,1.8588564046272071,1.053481161018585
high velocity,7.7,1.9430717081297426,0.6428819562100001
high velocity,7.8,1.9900890113217293,0.31111960263328114
high velocity,7.9,2.007916734039799,0.05759568766940912
high velocity,8.0,2.0037864212131753,-0.13065835954340108
high velocity,8.1,1.9834273176421517,-0.2695763992836034
high velocity,8.2,1.9510366233057073,-0.37342180189859486
high velocity,8.3,1.9095358655407695,-0.4533797156783723
high velocity,8.4,1.860880099396661,-0.5176771441174576
high velocity,8.5,1.8063243030252933,-0.5722031288400948
high velocity,8.6,1.7466236251516682,-0.6211672664730301
high velocity,8.700000000000001,1.6821729926852378,-0.6676432961039195
high velocity,8.8,1.613099242259066,-0.7139769396109705
high velocity,8.9,1.5393183387535145,-0.7620815200092206
high velocity,9.0,1.460567323346552,-0.8136527940895173
high velocity,9.1,1.3764176642287531,-0.870329961041644
high velocity,9.200000000000001,1.2862743542480193,-0.9338223034801139
high velocity,9.3,1.1893635491732493,-1.006012962133683
high velocity,9.4,1.0847108216464725,-1.0890423991646927
high velocity,9.5,0.971112426745583,-1.1853616962176834
high velocity,9.6,0.8471038879679775,-1.2977254431905076
high velocity,9.700000000000001,0.7109348525210714,-1.4290583538909523
high velocity,9.8,0.560568537971496,-1.5820689163581942
high velocity,9.9,0.39374119263489527,-1.7583890632081278
high velocity,10.0,0.20814486814410935,-1.956903604375392
high velocity,10.1,0.0018341162267843268,-2.1708859386345765
high velocity,10.200000000000001,-0.22601455927193004,-2.3838550166118626
high velocity,10.3,-0.4739029199790504,-2.5652707937017034
high velocity,10.4,-0.7365127423614451,-2.669750617724356
high velocity,10.5,-1.0035629132500203,-2.6460428530059183
high velocity,10.6,-1.2602316995567109,-2.4591150997727524
high velocity,10.700000000000001,-1.4901042050587436,-2.115462527283905
high velocity,10.8,-1.679871610381477,-1.669057372510037
high velocity,10.9,-1.8230818174643695,-1.1971592086496796
high velocity,11.0,-1.920671625568613,-0.7651763152323514
high velocity,11.1,-1.978628523674041,-0.40755188230659084
high velocity,11.200000000000001,-2.004877506442063,-0.13026132414759822
high velocity,11.3,-2.007020811579159,0.07698706762181566
high velocity,11.4,-1.9912903433027096,0.2298912257225139
high velocity,11.5,-1.9623486908471652,0.3435086862659449
high velocity,11.6,-1.9234882163089921,0.4300324398887034
high velocity,11.700000000000001,-1.8769388679324073,0.49857083967214655
high velocity,11.8,-1.8241529442616118,0.5556801650112984
high velocity,11.9,-1.7660264830857468,0.6060375173108394
high velocity,12.0,-1.7030567859409376,0.653026878975487
high velocity,12.1,-1.6354481382840282,0.6991884686598168
high velocity,12.200000000000001,-1.5631789080787035,0.7465465303210046
high velocity,12.3,-1.486040657288545,0.7968465545861858
high velocity,12.4,-1.4036568264218692,0.8517308905154036
high velocity,12.5,-1.3154859925234532,0.9128746686881641
high velocity,12.6,-1.2208129000184529,0.9820960959861216
high velocity,12.700000000000001,-1.1187294702328936,1.0614467318615468
high velocity,12.8,-1.008107947780186,1.153276422372734
high velocity,12.9,-0.8875696613195162,1.2602503434333494
high velocity,13.0,-0.7554564831538803,1.3852657763284946
high velocity,13.1,-0.6098196675073438,1.5311645462177574
high velocity,13.200000000000001,-0.44845503397063147,1.7000536179606192
high velocity,13.3,-0.26903771163330975,1.8919334166481208
high velocity,13.4,-0.06944478879412981,2.1022464325867327
high velocity,13.5,0.15161073904768094,2.3181006272375244
high velocity,13.6,0.3935203899007688,2.513765685307019
high velocity,13.700000000000001,0.6523354372539474,2.648182054414315
high velocity,13.8,0.9194012721936586,2.670155714118744
high velocity,13.9,1.1811406068233796,2.536545943843571
high velocity,14.0,1.4211762330525697,2.2386809177866493
high velocity,14.1,1.6247028754490935,1.8168099246422027
high velocity,14.200000000000001,1.7828680811729696,1.3447370206129383
high velocity,14.3,1.8944226690713692,0.8948125070060364
high velocity,14.4,1.9640998086325165,0.5118743221279446
high velocity,14.5,1.9995142742325562,0.20976032166400205
high velocity,14.6,2.0085373510330555,-0.01804661980200194
high velocity,14.700000000000001,1.997886393806545,-0.18641797458118006
high velocity,14.8,1.9727104360608179,-0.3109973098336048
high velocity,14.9,1.9367035014000953,-0.40497107129228727
high velocity,15.0,1.892398471094346,-0.4783846993806617
high velocity,15.1,1.841466563706737,-0.538528941629653
high velocity,15.200000000000001,1.7849599786940413,-0.5906060711970622
high velocity,15.3,1.7234885876007529,-0.6383541997093849
high velocity,15.4,1.6573405558994045,-0.6845399327299221
high velocity,15.5,1.5865603652682125,-0.7313214829656924
high velocity,15.6,1.510995823904351,-0.7805111542201825
high velocity,15.700000000000001,1.430322567503373,-0.8337677124830442
high velocity,15.8,1.3440517832891739,-0.8927429718214281
high velocity,15.9,1.2515248412712279,-0.9591991671309
high velocity,16.0,1.1518972611740657,-1.0351055407562948
high velocity,16.1,1.044114068170232,-1.1227127360449287
high velocity,16.2,0.9268794065054804,-1.2245889049010408
high velocity,16.3,0.7986260223185576,-1.343576461031903
high velocity,16.4,0.657496317107666,-1.4825847852417886
high velocity,16.5,0.5013584921335656,-1.6440615851887306
high velocity,16.6,0.3279020835272698,-1.8288798442047265
high velocity,16.7,0.13488919635598504,-2.0342697034010295
high velocity,16.8,-0.07932454953822464,-2.2504576390333058
high velocity,16.9,-0.3148724973604505,-2.456228116498222
high velocity,17.0,-0.5690301512017434,-2.615313460534829
high velocity,17.1,-0.8347369867801817,-2.6784240407776765
high velocity,17.2,-1.0998718979864845,-2.597127061641898
high velocity,17.3,-1.3485517357768324,-2.349202072221692
high velocity,17.400000000000002,-1.5649375568852846,-1.9595499977253659
high velocity,17.5,-1.7379460824447213,-1.4947551101715972
high velocity,17.6,-1.863963778635832,-1.0313929644178463
high velocity,17.7,-1.946143045171991,-0.6244338688291811
high velocity,17.8,-1.9915206284935234,-0.29675038188338676
high velocity,17.900000000000002,-2.008098089569954,-0.04684126459658691
high velocity,18.0,-2.0030405719427384,0.13858457424608042
high velocity,18.1,-1.9819974876098674,0.27544881663015747
high velocity,18.2,-1.9490951585983618,0.37787406328950435
high velocity,18.3,-1.9071997723894096,0.4568871178381157
high velocity,18.400000000000002,-1.8582257825064499,0.5205820295936048
high velocity,18.5,-1.8033991415447677,0.5747492582900605
high velocity,18.6,-1.7434542539815021,0.6235302703508284
high velocity,18.7,-1.6787708831831814,0.6699541563600853
high velocity,18.8,-1.6094642634718297,0.7163391294458683
high velocity,18.900000000000002,-1.535440856761577,0.7645833741689647
high velocity,19.0,-1.4564292378696582,0.8163766189138467
high velocity,19.1,-1.3719926472858064,0.8733590437723324
high velocity,19.2,-1.281527459407953,0.9372465853970514
high velocity,19.3,-1.1842503037740673,1.0099337268966058
high velocity,19.400000000000002,-1.079175903517398,1.093575813426496
high velocity,19.5,-0.9650880794785667,1.1906402488399954
high velocity,19.6,-0.8405083858927629,1.3038949667015767
high velocity,19.7,-0.7036716665874871,1.436265928315485
high velocity,19.8,-0.5525275058369681,1.5904330159151996
high velocity,19.900000000000002,-0.3848041304388401,1.767937675227296
high velocity,20.0,-0.19819977870044497,1.9674606976367561
high velocity,20.1,0.009195917164407477,2.1818899447377325
high velocity,20.2,0.23812135856983885,2.394126443118484
high velocity,20.3,0.4869215496402978,2.5728428750175554
high velocity,20.400000000000002,0.7500467267797671,2.6720335882078876
high velocity,20.5,1.0169565846086963,2.6406398437475755
high velocity,20.6,1.2726558739617304,2.4451876297926125
high velocity,20.7,1.5007690791786281,2.0946923285912744
high velocity,20.8,1.6882659655089152,1.645104149247273
high velocity,20.900000000000002,1.8290864652186511,1.1738810711557035
high velocity,21.0,1.9244954562458907,0.7451175247477666
high velocity,21.1,1.9806507218332035,0.39161180031939435
high velocity,21.2,2.005504582373551,0.11820049483201472
high velocity,21.3,2.0066058200065138,-0.08590531239808885
high velocity,21.400000000000002,1.9901065860624543,-0.2364765634061629
high velocity,21.5,1.9605934545418764,-0.3484552366878644
high velocity,21.6,1.9212974110650722,-0.4338730515079598
high velocity,21.7,1.8744026196861037,-0.5016933930135556
high velocity,21.8,1.821328441730328,-0.5583613651617998
high velocity,21.900000000000002,1.762947416797435,-0.6084755726093115
high velocity,22.0,1.699739833916637,-0.6553675790352128
high velocity,22.1,1.631897191847379,-0.701544475434081
high velocity,22.2,1.5593876502811252,-0.7490113099939003
high velocity,22.3,1.481993948860638,-0.7995045416571386
high velocity,22.400000000000002,1.3993312081388332,-0.8546651791790534
high velocity,22.5,1.3108495027746352,-0.9161731346989003
high velocity,22.6,1.215824336151855,-0.9858564466083286
high velocity,22.7,1.1133371950226025,-1.0657805107041067
high velocity,22.8,1.002248371090505,-1.158311315692107
high velocity,22.900000000000002,0.8811656442494273,-1.2661289916870588
high velocity,23.0,0.7484161825459148,-1.3921372896894821
high velocity,23.1,0.6020368748833415,-1.5391615244348023
high velocity,23.2,0.4398130265829209,-1.7092423172695759
high velocity,23.3,0.2594201714365395,-1.902218781593996
high velocity,23.400000000000002,0.0587593121252139,-2.1132126903247017
high velocity,23.5,-0.16338982522922477,-2.328788722202087
high velocity,23.6,-0.4062864062413168,-2.522462389544527
high velocity,23.7,-0.6657716828765902,-2.6524406723143166
high velocity,23.8,-0.9329311230148811,-2.667384121914439
high velocity,23.900000000000002,-1.1939715125050339,-2.525260666671443
high velocity,24.0,-1.4324776029865334,-2.2197406976970107
high velocity,24.1,-1.6338541081210087,-1.7934085993969446
high velocity,24.2,-1.7896248319777697,-1.3208792719566476
high velocity,24.3,-1.8989050073211209,-0.873554739876321
high velocity,24.400000000000002,-1.966650894077076,-0.49460736995282706
high velocity,24.5,-2.0005439989779847,-0.19653140324153762
high velocity,24.6,-2.0084208162377597,0.02787550274751124
high velocity,24.7,-1.9969228457703114,0.1936636196178907
high velocity,24.8,-1.9711200031016307,0.31640048446609254
high velocity,24.900000000000002,-1.9346398577439468,0.40911591307277717
high velocity,25.0,-1.8899647539377218,0.48170181477513346
high velocity,25.1,-1.8387292596875429,0.5413266124996265
high velocity,25.2,-1.781959425314132,0.5931043064356474
high velocity,25.3,-1.7202463239758803,0.6407130813584991
high velocity,25.400000000000002,-1.6538641937198806,0.6868809433152694
high velocity,25.5,-1.5828466338226297,0.7337429614014104
high velocity,25.6,-1.5070322952161643,0.7830994997724949
high velocity,25.7,-1.426088413447965,0.8366057458818673
high velocity,25.8,-1.339517794186977,0.8959164830366713
high velocity,25.900000000000002,-1.2466528524532048,0.9628022787698943
high velocity,26.0,-1.1466390924052117,1.0392450770429225
high velocity,26.1,-1.0384100894469772,1.1275111948090502
high velocity,26.2,-0.920656927754385,1.2301846691184517
high velocity,26.3,-0.7917979169648849,1.350118207172248
high velocity,26.400000000000002,-0.6499607261695609,1.4902141473128792
high velocity,26.5,-0.49300126458176396,1.6528735296732613
high velocity,26.6,-0.3186049574491967,1.8388442369779938
high velocity,26.7,-0.12454861410298489,2.0450938468324935
high velocity,26.8,0.09076141460189957,2.2613805385380963
high velocity,26.900000000000002,0.3273491487404748,2.465790187336223
high velocity,27.0,0.5823042337807333,2.62126995524541
high velocity,27.1,0.8483152065006103,2.6781201166858426
high velocity,27.2,1.1130170700163706,2.588570093790466
high velocity,27.3,1.3604191470164821,2.332430136935622
high velocity,27.400000000000002,1.5748151396052235,1.9371252114100737
high velocity,27.5,1.745462917757149,1.4706393381637413
high velocity,27.6,1.86913601835545,1.0090821474195102
high velocity,27.7,1.9492615396196762,0.6058478854337943
high velocity,27.8,1.9929883305779068,0.2822924734894995
high velocity,27.900000000000002,2.008308067685885,0.03602339320496181
high velocity,28.0,2.002317714746543,-0.14656127290890017
high velocity,28.1,1.980586009363333,-0.2813641023602476
high velocity,28.2,1.9471680395943887,-0.382363821443713
high velocity,28.3,1.9048744947199183,-0.4604277780152242
high velocity,28.400000000000002,1.8555791323033086,-0.5235167639572522
high velocity,28.5,1.8004787997259868,-0.5773226100641954
high velocity,28.6,1.740287078698526,-0.6259186599307681
high velocity,28.7,1.6753684895653542,-0.6722893647840352
high velocity,28.8,1.6058265840004229,-0.7187254384197893
high velocity,28.900000000000002,1.5315582392224811,-0.7671099472515738
high velocity,29.0,1.4522834789643162,-0.8191266321043267
high velocity,29.1,1.3675572259592237,-0.8764167199946673
high velocity,29.2,1.2767671383242694,-0.9407028897239345
high velocity,29.3,1.1791202122168798,-1.013891060766411
high velocity,29.400000000000002,1.0736202059759494,-1.0981515201207113
high velocity,29.5,0.9590383901999515,-1.1959679287674416
high velocity,29.6,0.8338822534600885,-1.3101211966250266
high velocity,29.7,0.6963718047656621,-1.4435375265725738
high velocity,29.8,0.5444431193784804,-1.5988659626383541
high velocity,29.900000000000002,0.37581684799284426,-1.777553096662037
high velocity,30.0,0.18819845009046185,-1.9780681205211863
high velocity,30.1,-0.02028538469019015,-2.1929021815904446
high velocity,30.2,-0.25028477892278467,-2.404326328937421
high velocity,30.3,-0.4999839135044372,-2.58022277794942
high velocity,30.400000000000002,-0.7635982584664063,-2.673985995035577
high velocity,30.5,-1.0303292708478584,-2.634810243949183
high velocity,30.6,-1.285016097060182,-2.4308501615111098
high velocity,30.7,-1.511335349465148,-2.0736568627562764
high velocity,30.8,-1.6965453138583226,-1.6210893766578078
high velocity,30.900000000000002,-1.8349789131621048,-1.1507084950932238
high velocity,31.0,-1.928222535024919,-0.7252478094412845
high velocity,31.1,-1.9825960934409967,-0.37587173337846597
high velocity,31.2,-2.0060736123361713,-0.10631141261374256
high velocity,31.3,-2.0061479746826913,0.09469184916044503
high velocity,31.400000000000002,-1.9888912231271758,0.24296758942133176
high velocity,31.5,-1.9588144835147243,0.35333731964500903
high velocity,31.6,-1.919088153380119,0.437671295843257
high velocity,31.7,-1.8718513194022381,0.5047894069525706
high velocity,31.8,-1.8184909463114005,0.5610272934845949
high velocity,31.900000000000002,-1.759856456036153,0.6109065154621881
high velocity,32.0,-1.6964113781017376,0.6577073176449271
high velocity,32.1,-1.6283345833367069,0.7039044611695375
high velocity,32.2,-1.5555841138628956,0.7514843753056896
high velocity,32.3,-1.4779339279707937,0.8021749157796291
high velocity,32.4,-1.3949908294677615,0.857616085090709
high velocity,32.5,-1.306196363646716,0.9194928507082527
high velocity,32.6,-1.2108167408664032,0.9896433090138391
high velocity,32.7,-1.1079229414985854,1.070146856727665
high velocity,32.8,-0.9963632213542957,1.1633856693218376
high velocity,32.9,-0.874731735379106,1.2720546194696398
high velocity,33.0,-0.741340915590046,1.3990631911507863
high velocity,33.1,-0.5942133728948159,1.5472184387983312
high velocity,33.2,-0.4311242429073334,1.7184910866973144
high velocity,33.3,-0.24975029745466884,1.9125525361747227
high velocity,33.4,-0.04801810442829812,2.1241938673415426
high velocity,33.5,0.17522309407762443,2.339424344088435
high velocity,33.6,0.41909626805211714,2.5309981680536016
high velocity,33.7,0.6792289596199397,2.6564022288316433
high velocity,33.8,0.9464460957234606,2.6642010130573666
high velocity,33.9,1.2067443359822356,2.513543984076389
high velocity,34.0,1.4436823622804364,2.2004823768040405
high velocity,34.1,1.6428866010687868,1.7698893801184195
high velocity,34.2,1.7962609809599888,1.297092784960739
high velocity,34.300000000000004,1.9032801764170115,0.8524793360967267
high velocity,34.4,1.9691150885030666,0.47755217921320486
high velocity,34.5,2.00150722597143,0.18349312006718987
high velocity,34.6,2.00825489891614,-0.03755391895665338
high velocity,34.7,1.995922893028945,-0.20079935865740864
high velocity,34.800000000000004,1.9695024093942692,-0.3217272946635934
high velocity,34.9,1.9325553598052263,-0.41320967982700313
high velocity,35.0,1.8875143260019978,-0.4849861098068844
high velocity,35.1,1.835977840480814,-0.5441044592104395
high velocity,35.2,1.7789462474305744,-0.5955920577638711
high velocity,35.300000000000004,1.7169921219493305,-0.6430684079304085
high velocity,35.4,1.6503759677998129,-0.6892238267841165
high velocity,35.5,1.579120617352076,-0.7361708963246535
high velocity,35.6,1.503055623458799,-0.7856985226564036
high velocity,35.7,1.4218398386375108,-0.8394586830596361
high velocity,35.800000000000004,1.334967671130156,-0.8991094267676819
high velocity,35.9,1.2417625380491883,-0.9664298998035291
high velocity,36.0,1.1413598630693695,-1.0434149386266607
high velocity,36.1,1.032681692091798,-1.132346628047584
high velocity,36.2,0.914405968930288,-1.2358247820173558
high velocity,36.300000000000004,0.7849365158408023,-1.3567118717564246
high velocity,36.4,0.6423863086079674,-1.4979018341918082
high velocity,36.5,0.4845992082177974,-1.6617461645998004
high velocity,36.6,0.30925717681988424,-1.8488622616255517
high velocity,36.7,0.11415308143782929,-2.0559463029683203
high velocity,36.800000000000004,-0.1022535919057118,-2.2722763128744865
high velocity,36.9,-0.3398739729958698,-2.475229582595914
high velocity,37.0,-0.595607879818222,-2.6269729547266136
high velocity,37.1,-0.8618909247724661,-2.6774339173475608
high velocity,37.2,-1.1261177537699252,-2.5795738820407945
high velocity,37.300000000000004,-1.3722006021206312,-2.31529097094973
high velocity,37.4,-1.584578568854102,-1.9145158352439282
high velocity,37.5,-1.7528575408719793,-1.446541834841299
high velocity,37.6,-1.874195549753242,-0.9869286055037364
high velocity,37.7,-1.952286343831273,-0.5874718380270055
high velocity,37.800000000000004,-1.9943832477875063,-0.2680354558829888
high velocity,37.9,-2.0084636210660527,-0.025369545682630345
high velocity,38.0,-2.001554730455129,0.15441566284988337
high velocity,38.1,-1.9791447626588956,0.28719321133758485
high velocity,38.2,-1.945218308068443,0.38679526335894293
high velocity,38.300000000000004,-1.9025313643385882,0.4639304352360265
high velocity,38.4,-1.852917664275581,0.5264279820057434
high velocity,38.5,-1.7975454457488278,0.5798828013054305
high velocity,38.6,-1.7371078095947436,0.6283014758033437
high velocity,38.7,-1.6719542568712278,0.6746248267269991
high velocity,38.800000000000004,-1.602176794161015,0.7211167968890829
high velocity,38.9,-1.5276627892818668,0.7696458643140509
high velocity,39.0,-1.4481237442207324,0.8218901813084843
high velocity,39.1,-1.3631062578415707,0.87949233811888
high velocity,39.2,-1.2719892371351271,0.9441820168853265
high velocity,39.300000000000004,-1.1739699863625883,1.0178767841736223
high velocity,39.4,-1.0680412229783607,1.1027620013876689
high velocity,39.5,-0.9529615849827956,1.2013375595442324
high velocity,39.6,-0.8272244304056354,1.3163969820860983
high velocity,39.7,-0.6890349348214139,1.4508656765088743
high velocity,39.800000000000004,-0.5363158266206308,1.607359546065063
high velocity,39.9,-0.36678067255367214,1.7872258565774084
high velocity,40.0,-0.1781432454191742,1.9887145187412845
