horizon,seed,phase,step,epsilon,loss_weighted,loss_total,loss_start,loss_residual,min_weight,awake_fraction
3.0,0,adam,0,0.01,1.7279332336549105,1.727941405807651,1.7112104307919258,0.016730975015725118,0.999044447673734,1.0
3.0,0,adam,500,1.0,0.01412495769522126,0.014539387840456995,0.002401198159988658,0.012138189680468337,0.9354461807795779,1.0
3.0,0,adam,1000,1.0,0.009165192520646763,0.00932337768962327,0.0017864518773958436,0.007536925812227427,0.9599940106239504,1.0
3.0,0,adam,1500,10.0,0.00042692270861219533,0.00043139575704350763,2.098369929725133e-05,0.0004104120577462563,0.9778510368459903,1.0
3.0,0,adam,2000,100.0,0.00012570116605686583,0.00012963859426788607,4.486678221431511e-06,0.00012515191604645456,0.9337546763459256,1.0
3.0,0,adam,2500,100.0,0.00011532206778976629,0.00011848376157720051,8.008580480725347e-06,0.00011047518109647517,0.9402932105818506,1.0
3.0,0,adam,3000,100.0,0.00011103414420676068,0.00011385566357277962,1.0544727156434239e-05,0.00010331093641634538,0.9436075390417872,1.0
3.0,0,adam,3500,100.0,0.00010683602302058234,0.00010939651199326843,1.1687086464411843e-05,9.770942552885659e-05,0.9463199931360271,1.0
3.0,0,lbfgs,0,,,2.9105262135715894e-07,3.6380340828477e-12,2.9104898332307607e-07,,
3.0,0,lbfgs,1,,,2.8966162294686824e-07,3.380955123059259e-12,2.896582419917452e-07,,
3.0,0,lbfgs,2,,,2.8829887609164214e-07,3.356699782615534e-12,2.882955193918595e-07,,
3.0,1,adam,0,0.01,1.83128096664961,1.8312868496932062,1.8170464706889593,0.014240379004246935,0.9991588432678272,1.0
3.0,1,adam,500,1.0,0.015244865879835118,0.015719370021105232,0.002618757064538628,0.013100612956566603,0.9304644406661935,1.0
3.0,1,adam,1000,10.0,0.0010782870631531856,0.001102604165701765,0.0001345487531234243,0.0009680554125783405,0.9478819569829858,1.0
3.0,1,adam,1500,100.0,0.00010492373904280621,0.00010715317077998634,1.2796223813045158e-05,9.435694696694118e-05,0.9503127382163338,1.0
3.0,1,adam,2000,100.0,8.20889323865754e-05,8.339767444298971e-05,1.4062759765023173e-05,6.933491467796654e-05,0.9617306567376616,1.0
3.0,1,adam,2500,100.0,8.162227165967192e-05,8.288326082138336e-05,1.563105563938777e-05,6.725220518199558e-05,0.9622857819364314,1.0
3.0,1,adam,3000,100.0,8.140615565293553e-05,8.26348431817101e-05,1.651321312339509e-05,6.612163005831501e-05,0.9627093395995068,1.0
3.0,1,lbfgs,0,,,1.7311326975890168e-07,1.4488705821955662e-12,1.7311182088831948e-07,,
3.0,1,lbfgs,1,,,1.7244116739685092e-07,1.3926757774020647e-12,1.724397747210735e-07,,
3.0,1,lbfgs,2,,,1.717969318912596e-07,1.4228594137897302e-12,1.7179550903184582e-07,,
3.0,2,adam,0,0.01,2.340603411168587,2.3406060257670096,2.3311122978235037,0.00949372794350598,0.9994430063303712,1.0
3.0,2,adam,500,10.0,0.011721430800519135,0.016681414539152,0.001642193215266371,0.015039221323885627,0.45395194447706927,0.7666666666666667
3.0,2,adam,1000,10.0,0.0013993744246786931,0.0014402496161749138,0.00020300280583631603,0.0012372468103385979,0.9360517186340459,1.0
3.0,2,adam,1500,100.0,0.00017384504072012218,0.00017973748687992455,1.708052048884736e-05,0.0001626569663910772,0.9240290453450652,1.0
3.0,2,adam,2000,100.0,0.0001338829574001756,0.0001375010567970771,1.5068446746398745e-05,0.00012243261005067836,0.9389927095158057,1.0
3.0,2,adam,2500,100.0,0.00011706726642126105,0.0001197858803585873,1.5490449215219932e-05,0.00010429543114336738,0.947050337436423,1.0
3.0,2,adam,3000,100.0,0.00010825820271790585,0.00011056987538835225,1.5750905777078653e-05,9.48189696112736e-05,0.951150138202177,1.0
3.0,2,adam,3500,100.0,0.00010331246642629638,0.00010541879514084507,1.588646391870514e-05,8.953233122213992e-05,0.953316258919922,1.0
3.0,2,adam,4000,100.0,9.96901335028288e-05,0.00010164794410044196,1.5953401630107614e-05,8.569454247033434e-05,0.9549435461024969,1.0
3.0,2,adam,4500,100.0,9.634642741144408e-05,9.816490205385913e-05,1.5964163433828094e-05,8.220073862003103e-05,0.9565428123342213,1.0
3.0,2,adam,5000,100.0,9.30570532370905e-05,9.4740132786341e-05,1.591415668844221e-05,7.882597609789879e-05,0.958168050034367,1.0
3.0,2,adam,5500,100.0,8.98385154298534e-05,9.139430211034203e-05,1.578855673980189e-05,7.560574537054014e-05,0.9597639746696495,1.0
3.0,2,lbfgs,0,,,1.8094165783494214e-07,6.34976545707406e-12,1.8093530806948505e-07,,
3.0,2,lbfgs,1,,,1.8029866460913526e-07,6.7382865871180696e-12,1.8029192632254814e-07,,
3.0,2,lbfgs,2,,,1.7966941241185344e-07,6.991076183464008e-12,1.7966242133566997e-07,,
7.0,0,adam,0,0.01,1.7321382508886358,1.732168667982352,1.7112104307919258,0.020958237190426207,0.9970950343563554,1.0
7.0,0,adam,500,0.1,0.11473629271233879,0.12485921853132231,6.351243128526412e-05,0.12479570610003705,0.8403944510361211,1.0
7.0,0,adam,1000,0.1,0.014219401465535774,0.014347934833484547,0.0006016322795107333,0.013746302553973813,0.9814537557396344,1.0
7.0,0,adam,1500,0.1,0.013044357954184287,0.013154993981172324,0.0004295476338346193,0.012725446347337705,0.9827422236331245,1.0
7.0,0,adam,2000,0.1,0.012599553517512711,0.012701853725013153,0.00046170777373794687,0.012240145951275205,0.9833751780864526,1.0
7.0,0,adam,2500,0.1,0.01210240719769653,0.01219811629470585,0.00036410531802344394,0.011834010976682406,0.9838919070287216,1.0
7.0,0,adam,3000,0.1,0.011514677461494632,0.011600303559913157,0.00040858055052171455,0.011191723009391443,0.984761905790974,1.0
7.0,0,adam,3500,0.1,0.010845299238736403,0.010921743226212427,0.00035240818484088074,0.010569335041371546,0.9855954662747254,1.0
7.0,0,adam,4000,0.1,0.009799040679512582,0.009860736525290691,0.0003692941354830605,0.009491442389807632,0.9870380036054034,1.0
7.0,0,adam,4500,0.1,0.008346698969752346,0.008391661754790745,0.00029549607380885016,0.008096165680981895,0.9889202938056537,1.0
7.0,0,adam,5000,1.0,0.007550562271256778,0.007919028199618955,0.00047112665817336383,0.007447901541445591,0.9025105005643623,1.0
7.0,0,adam,5500,1.0,0.002306740897197185,0.002338716440618083,0.00016903001969550418,0.002169686420922579,0.9718937825238361,1.0
7.0,0,adam,6000,10.0,0.0008323318108231046,0.0008749126211782206,6.963019757487371e-05,0.0008052824236033469,0.9042854608253015,1.0
7.0,0,adam,6500,10.0,0.000542012961613021,0.0005601835761256158,3.900944708523036e-05,0.0005211741290403854,0.9355479149059884,1.0
7.0,0,adam,7000,10.0,0.0003674805693923279,0.0003758749184712627,2.4406337588270672e-05,0.000351468580882992,0.9547234014799604,1.0
7.0,0,adam,7500,10.0,0.0005846990546716829,0.0005902221794796336,0.0002994309761661782,0.00029079120331345536,0.9621815601977304,1.0
7.0,0,adam,8000,100.0,0.00023998062455861087,0.000257459611580703,9.176864081773315e-05,0.00016569097076296981,0.7994979550821616,1.0
7.0,0,adam,8500,100.0,0.00019920055110260674,0.0002257765281417385,1.7443188406861525e-05,0.00020833333973487698,0.7519659231034203,1.0
7.0,0,adam,9000,100.0,0.0002592736628728624,0.0002720331261590903,0.00012925796092698734,0.00014277516523210297,0.8247561674152148,1.0
7.0,0,adam,9500,100.0,0.00029701777178209787,0.00031260991952696666,0.00015327643904179976,0.0001593334804851669,0.8056890841512394,1.0
7.0,0,adam,10000,100.0,0.00020009429489989378,0.0002181333523019784,4.820331373932484e-05,0.00016993003856265355,0.7913622522251158,1.0
7.0,0,adam,10500,100.0,0.00020776529016163794,0.00023762081270009244,1.9728326248503387e-05,0.00021789248645158905,0.7371339509859802,1.0
7.0,0,adam,11000,100.0,0.00012944726240073648,0.0001381376674115495,2.289579822294027e-05,0.00011524186918860923,0.8515515251293151,1.0
7.0,0,adam,11500,100.0,0.00010803228942192632,0.00011337235337294707,2.3427680616722972e-05,8.99446727562241e-05,0.8823184290167951,1.0
7.0,0,adam,12000,100.0,0.0001431164076271997,0.00015538080545125102,1.5627784765802375e-05,0.00013975302068544864,0.8244181699115222,1.0
7.0,0,adam,12500,100.0,0.00015497970124067314,0.0001643540166712961,4.278046307029178e-05,0.00012157355360100432,0.8458225571536677,1.0
7.0,0,adam,13000,100.0,0.00015245534715852346,0.00016652245430800986,1.7969540105449514e-05,0.00014855291420256034,0.8140153547882061,1.0
7.0,0,adam,13500,100.0,0.0001080822038987701,0.00011519020882511593,1.0270017847952855e-05,0.00010492019097716307,0.8639021410745569,1.0
7.0,0,adam,14000,100.0,0.0001626104079320307,0.00017581011865782525,3.230173963602867e-05,0.0001435083790217966,0.8185533756748111,1.0
7.0,0,adam,14500,100.0,0.00011601832078157146,0.0001246334384558569,9.006128546493332e-06,0.00011562730990936356,0.8510084232992319,1.0
7.0,0,adam,15000,100.0,0.00012175444368339246,0.00012837608877353386,2.7593250304941977e-05,0.00010078283846859188,0.8688997866417949,1.0
7.0,0,adam,15500,100.0,0.0002103232759968345,0.00023347462403499415,4.1442148699166066e-05,0.0001920324753358281,0.7650866583804411,1.0
7.0,0,adam,16000,100.0,7.970433961212366e-05,8.379738561075867e-05,4.926085048827913e-06,7.887130056193076e-05,0.8960088300510247,1.0
7.0,0,adam,16500,100.0,0.00012914761973632967,0.00013399470111073795,4.753901753606885e-05,8.645568357466909e-05,0.8872409869516321,1.0
7.0,0,adam,17000,100.0,0.00010503961066952201,0.0001103345559653217,2.0074346123782462e-05,9.026020984153924e-05,0.882057715971621,1.0
7.0,0,adam,17500,100.0,0.00010740472106329098,0.00011411018503583173,1.2300156084187117e-05,0.0001018100289516446,0.8679423011286697,1.0
7.0,0,adam,18000,100.0,0.00011036899973215729,0.00011418875148997367,3.78329735488766e-05,7.635577794109708e-05,0.899469063812129,1.0
7.0,0,adam,18500,100.0,0.00013064161277022041,0.00013821175748181754,3.0208016525990028e-05,0.00010800374095582751,0.8604991952301249,1.0
7.0,0,adam,19000,100.0,0.00012147635100045566,0.00012374922329156616,6.425306545358893e-05,5.949615783797721e-05,0.9223696853577288,1.0
7.0,0,adam,19500,100.0,0.00013407931576943323,0.00013736508245015366,6.61840059913338e-05,7.118107645881987e-05,0.9068133957548564,1.0
7.0,0,adam,20000,100.0,0.0001788396239948582,0.00018907643984284454,6.184073306348229e-05,0.00012723570677936223,0.8390519084972742,1.0
7.0,0,adam,20500,100.0,0.0001506615503182548,0.00015687821334766874,5.907302347870782e-05,9.780518986896092e-05,0.8726142579971122,1.0
7.0,0,adam,21000,100.0,9.95263551439167e-05,0.00010491870653290013,1.3495083344327281e-05,9.142362318857284e-05,0.8801692556155869,1.0
7.0,0,adam,21500,100.0,0.00010517151377907935,0.00010965513490425734,2.681848692754255e-05,8.28366479767148e-05,0.8920309997381081,1.0
7.0,0,adam,22000,100.0,9.414119639019223e-05,9.990867715389847e-05,5.91930161368903e-06,9.398937554020944e-05,0.8770463576933641,1.0
7.0,0,adam,22500,100.0,9.155024713255626e-05,9.634557376955803e-05,1.144137482803865e-05,8.490419894151938e-05,0.8873568327391785,1.0
7.0,0,adam,23000,100.0,0.0001309154242001372,0.0001407427650571066,1.727393535898735e-05,0.00012346882969811927,0.8420955619532434,1.0
7.0,0,adam,23500,100.0,0.0001168282383158836,0.0001250789185007071,1.1603081937215563e-05,0.00011347583656349153,0.8536680153936231,1.0
7.0,0,adam,24000,100.0,0.00019700447408734214,0.00019961185606450613,0.00013627415438743296,6.333770167707317e-05,0.9166719962739504,1.0
7.0,0,adam,24500,100.0,0.00011968715737076989,0.0001244300872604935,3.8530087214062495e-05,8.590000004643103e-05,0.8890060838808707,1.0
7.0,0,adam,25000,100.0,0.00010251633515882667,0.00010825515975753261,1.3574713232815342e-05,9.468044652471727e-05,0.8767618288725035,1.0
7.0,0,adam,25500,100.0,0.000140079345520025,0.00014506070257180019,5.795692345251305e-05,8.710377911928714e-05,0.885302383455824,1.0
7.0,0,adam,26000,100.0,0.00010308705739274003,0.00011053989909724356,3.277045623065926e-06,0.00010726285347417763,0.8610571609379215,1.0
7.0,0,adam,26500,100.0,3.546436028347302e-05,3.620686576307308e-05,2.5779203579304614e-06,3.362894540514262e-05,0.9544486929308675,1.0
7.0,0,adam,27000,100.0,6.407934376850114e-05,6.681005506243445e-05,2.631064846403282e-06,6.417899021603117e-05,0.9135281146617688,1.0
7.0,0,adam,27500,100.0,8.992866227966649e-05,9.538838146828387e-05,3.9309478764138946e-06,9.145743359186997e-05,0.8802942509451864,1.0
7.0,0,adam,28000,100.0,8.604530415198822e-05,9.060732464388433e-05,7.168347233181307e-06,8.343897741070303e-05,0.890182891768716,1.0
7.0,0,adam,28500,100.0,0.0001053049993154992,0.00010764707777697176,4.761764658139939e-05,6.0029431195572375e-05,0.9209097662242952,1.0
7.0,0,lbfgs,0,,,4.7360716393001687e-07,4.207329951459738e-11,4.7356509063050226e-07,,
7.0,0,lbfgs,1,,,2.670549211358131e-07,3.4267975323509377e-12,2.670514943382808e-07,,
7.0,0,lbfgs,2,,,2.6630902381870336e-07,1.25422369308229e-12,2.6630776959501027e-07,,
7.0,0,lbfgs,3,,,2.655703464749125e-07,2.556449228179876e-12,2.655677900256843e-07,,
7.0,1,adam,0,0.01,1.8283625318590375,1.8283713709241487,1.8170464706889593,0.011324900235189403,0.9984281873044666,1.0
7.0,1,adam,500,0.1,0.08387592162981297,0.08844056059042318,0.004801152366040282,0.0836394082243829,0.8912211612860717,1.0
7.0,1,adam,1000,0.1,0.08226307107024883,0.08662377855305034,0.004822037415283608,0.08180174113776673,0.8934850491019668,1.0
7.0,1,adam,1500,0.1,0.08064606582769952,0.08481327659329639,0.004791216564303825,0.08002206002899256,0.8956301926912087,1.0
7.0,1,adam,2000,0.1,0.07810585860073446,0.08199015589670135,0.0046935013481319695,0.07729665454856938,0.8990197424841925,1.0
7.0,1,adam,2500,0.1,0.02365298360815504,0.024010525310317533,0.0008548606608462769,0.023155664649471257,0.9691586543889583,1.0
7.0,1,adam,3000,0.1,0.011994872027738388,0.012086978680698674,0.0004022086826323769,0.011684769998066297,0.9843668448935968,1.0
7.0,1,adam,3500,0.1,0.01007126887175436,0.010135861668754409,0.00036935190132907737,0.009766509767425331,0.9867778788454133,1.0
7.0,1,adam,4000,0.1,0.008229513674798494,0.008272415595673138,0.00031445222974334236,0.007957963365929795,0.9891575303031103,1.0
7.0,1,adam,4500,1.0,0.006155551860498799,0.006395883060436463,0.000369664251362641,0.006026218809073822,0.9204137368843389,1.0
7.0,1,adam,5000,10.0,0.0003091721290755018,0.000315098576921319,1.3036592811732874e-05,0.00030206198410958615,0.9668374899424618,1.0
7.0,1,adam,5500,100.0,0.0001265243163964055,0.0001311564206289577,4.739757546667946e-05,8.375884516227822e-05,0.8900707540432742,1.0
7.0,1,adam,6000,100.0,0.00018267959171643262,0.0002080848034362282,6.0174635033455435e-06,0.00020206733993288265,0.755389264939267,1.0
7.0,1,adam,6500,100.0,0.00019248263885508944,0.0002218384999485504,3.0404451859708358e-06,0.00021879805476257956,0.735727134147849,1.0
7.0,1,adam,7000,100.0,7.983787939830003e-05,8.314565175269472e-05,1.250333084305562e-05,7.064232090963909e-05,0.9064529778706422,1.0
7.0,1,adam,7500,100.0,0.00018880181101250222,0.00021088521445946775,2.393875413390399e-05,0.00018694646032556375,0.7707632868177963,1.0
7.0,1,adam,8000,100.0,0.0010911860796092372,0.003383409689715019,0.0003409971577284362,0.003042412531986583,0.014813041861963696,0.8142857142857143
7.0,1,adam,8500,100.0,0.00014873145724327887,0.0001540210384250133,6.310391368206085e-05,9.091712474295246e-05,0.8818092005154005,1.0
7.0,1,lbfgs,0,,,8.195991311247004e-07,5.181668882888789e-10,8.190809642364115e-07,,
7.0,1,lbfgs,1,,,6.585334030035396e-07,1.325549107588097e-13,6.585332704486289e-07,,
7.0,1,lbfgs,2,,,6.55538603073784e-07,9.160506444962138e-14,6.555385114687195e-07,,
7.0,1,lbfgs,3,,,6.52706512579105e-07,2.02487289020502e-14,6.527064923303762e-07,,
7.0,2,adam,0,0.01,2.3394128523573268,2.339417597605489,2.3311122978235037,0.008305299781985308,0.9988474816111578,1.0
7.0,2,adam,500,10.0,0.009169139858769841,1.3567470222081879,0.00022042815096887035,1.356526594057219,8.314514176097832e-79,0.12857142857142856
7.0,2,adam,1000,10.0,0.007832408875833603,30.263442348338163,0.0003465341810253267,30.263095814157136,0.0,0.15714285714285714
7.0,2,adam,1500,10.0,0.007890178808472845,23.790562922807943,0.00039330592844834624,23.790169616879496,0.0,0.17142857142857143
7.0,2,adam,2000,10.0,0.007798623023966872,13.79230512922234,0.00013031639841263568,13.792174812823928,0.0,0.12142857142857143
7.0,2,adam,2500,10.0,0.008160564386453283,10.301976771942874,0.0005080197113792519,10.301468752231495,0.0,0.18571428571428572
7.0,2,adam,3000,10.0,0.008073679485043164,0.1748011750657121,0.0007064804543906268,0.1740946946113215,1.759008347465794e-10,0.6142857142857143
7.0,2,adam,3500,10.0,0.007583780280930466,0.04109041709601086,8.670610772168574e-05,0.04100371098828918,0.010251946954161897,0.5642857142857143
7.0,2,adam,4000,10.0,0.007627484819345998,0.02804748273859433,0.00020624566844424456,0.027841237070150085,0.04781213101888822,0.5714285714285714
7.0,2,adam,4500,10.0,0.006896753817799384,0.019362315252789117,0.00011977956366942115,0.019242535689119697,0.0891665378181346,0.6142857142857143
7.0,2,adam,5000,10.0,0.006637272677462823,0.016654077541780558,0.00010412228126156417,0.016549955260518993,0.12076128550984924,0.5928571428571429
7.0,2,adam,5500,10.0,0.006591816249763822,0.015764986220758108,0.00017392454922328723,0.01559106167153482,0.13332790117877746,0.6285714285714286
7.0,2,adam,6000,10.0,0.0063083486900270365,0.01407266002127434,0.00010486829236612743,0.013967791728908214,0.16145915521935,0.6142857142857143
7.0,2,adam,6500,10.0,0.006220610309237699,0.01336217502789006,0.00013429477030750097,0.01322788025758256,0.17513623569019876,0.6285714285714286
7.0,2,adam,7000,10.0,0.0057132385679345785,0.010874686417564087,9.937099332100824e-05,0.010775315424243079,0.2357477429921079,0.6214285714285714
7.0,2,adam,7500,10.0,0.004962995101967498,0.00740072723052164,0.0005059872067528124,0.006894740023768828,0.38894326179562655,0.6785714285714286
7.0,2,adam,8000,10.0,0.002527414861877216,0.0030160677531424042,0.00017516126706531562,0.0028409064860770885,0.6856309114820885,1.0
7.0,2,adam,8500,10.0,0.0008378279106806991,0.0008691959309863984,0.00017313899494967122,0.0006960569360367272,0.9210620897853848,1.0
7.0,2,adam,9000,10.0,0.00029224061475440475,0.0002975231628775724,9.928644604745433e-06,0.00028759451827282696,0.9686853756686279,1.0
7.0,2,adam,9500,100.0,0.00030722589291852173,0.00031931651681945755,0.00018147914267703258,0.00013783737414242497,0.8448135621849074,1.0
7.0,2,adam,10000,100.0,0.0002646349635612122,0.00028925481838774935,9.285659005287979e-05,0.0001963982283348696,0.7608852022277371,1.0
7.0,2,adam,10500,100.0,0.00023637524052942774,0.0002454228833537295,0.0001278410113890851,0.00011758187196464437,0.8513478968461751,1.0
7.0,2,adam,11000,100.0,0.00016983484462497803,0.00017471930965343128,8.889093401173529e-05,8.582837564169599e-05,0.8876564017366929,1.0
7.0,2,adam,11500,100.0,0.00023907311028548102,0.00025994221985621373,7.824996757993566e-05,0.00018169225227627808,0.777445615111213,1.0
7.0,2,adam,12000,100.0,4.084069070809893e-05,4.097547857443326e-05,2.6594951589916938e-05,1.4380526984516325e-05,0.9816896007383294,1.0
7.0,2,adam,12500,100.0,0.00029789951701695596,0.0003002532351554913,0.00024070784518485388,5.9545389970637454e-05,0.9214569875888987,1.0
7.0,2,adam,13000,100.0,5.6372931554027095e-05,5.7018888546589776e-05,2.630863537613149e-05,3.071025317045829e-05,0.9579733191122997,1.0
7.0,2,adam,13500,100.0,0.00010506696549714144,0.00011288625468207346,3.2893644760409253e-06,0.00010959689020603253,0.8585018548762012,1.0
7.0,2,adam,14000,100.0,0.0001186066851499039,0.00012019721561200885,7.089113082449877e-05,4.9306084787510074e-05,0.9340799735149513,1.0
7.0,2,lbfgs,0,,,2.726152626230435e-06,5.659155730282684e-11,2.7260960346731323e-06,,
7.0,2,lbfgs,1,,,8.42569543193211e-07,2.316416215721262e-11,8.425463790310538e-07,,
7.0,2,lbfgs,2,,,3.0358436301094453e-07,3.868926177483836e-12,3.0358049408476705e-07,,
7.0,2,lbfgs,3,,,2.7785715080710886e-07,2.802169130029906e-13,2.7785687059019583e-07,,
7.0,2,lbfgs,4,,,2.775075955554623e-07,2.5290858754281096e-13,2.7750734264687477e-07,,
7.0,2,lbfgs,5,,,2.773306071868989e-07,2.347992077180845e-13,2.773303723876912e-07,,
14.0,0,adam,0,0.01,1.7338769274182342,1.7339488139258232,1.7112104307919258,0.022738383133897366,0.9936788766500523,1.0
14.0,0,adam,500,0.1,0.06721677340254051,0.07413792698854312,0.0002675515103536297,0.07387037547818949,0.8143110339975682,1.0
14.0,0,adam,1000,0.1,0.057972625267251304,0.06318372535923089,8.438176387931571e-05,0.06309934359535158,0.8379904359320798,1.0
14.0,0,adam,1500,0.1,0.05636623798471879,0.06130760479523273,9.458327263926874e-08,0.06130751021196009,0.8420119445352856,1.0
14.0,0,adam,2000,0.1,0.05610452531293469,0.06100001638796274,2.789696133878041e-09,0.06100001359826661,0.8427520376490898,1.0
14.0,0,adam,2500,0.1,0.056093543251210014,0.06098345095937894,1.7996774333149692e-05,0.060965454185045787,0.842863857724835,1.0
14.0,0,adam,3000,0.1,0.05608529895389818,0.060975196329344665,9.106847817081307e-06,0.06096608948152758,0.8428819116065857,1.0
14.0,0,adam,3500,0.1,0.05605771473386513,0.06094436257882374,1.4352846915832113e-06,0.06094292729413216,0.8429403753899698,1.0
14.0,0,adam,4000,0.1,0.05686912004635055,0.061804604262290536,0.0005303034401247337,0.061274300822165804,0.8422230468905657,1.0
14.0,0,adam,4500,0.1,0.05612038837545848,0.061017227737828424,1.0392521609706475e-05,0.06100683521621872,0.8428102877801851,1.0
14.0,0,adam,5000,0.1,0.05620597336599705,0.06111565985064184,3.110105170565177e-05,0.061084558798936185,0.842625659867455,1.0
14.0,0,adam,5500,0.1,0.05638397962489328,0.06131342498492565,0.00010552838008108715,0.06120789660484457,0.8423358997150507,1.0
14.0,0,adam,6000,0.1,0.05638415485182848,0.06133158001469407,4.105044276786218e-06,0.06132747497041728,0.8420849661156586,1.0
14.0,0,adam,6500,0.1,0.056589847903642285,0.061575253044527024,5.125031589112416e-06,0.06157012801293791,0.841529253890101,1.0
14.0,0,adam,7000,0.1,0.05764173844637732,0.06280203620738135,4.460956202421166e-05,0.06275742664535715,0.8389043016578078,1.0
14.0,0,adam,7500,0.1,0.05615492505191344,0.06103361340426886,6.972062231489627e-06,0.06102664134203737,0.8427083258087164,1.0
14.0,0,adam,8000,0.1,0.05817910804495644,0.06341882000844487,0.000131281591718995,0.06328753841672588,0.8374124503509186,1.0
14.0,0,adam,8500,0.1,0.055994019413136635,0.06085939220984516,6.140120173408989e-06,0.06085325208967175,0.8429765655142962,1.0
14.0,0,adam,9000,0.1,0.05676983744662437,0.0617754643364571,2.976064508687356e-05,0.061745703691370224,0.8409325111807336,1.0
14.0,0,adam,9500,0.1,0.05657699265802745,0.06156553212512668,2.2381910695813154e-06,0.0615632939340571,0.8412398958740885,1.0
14.0,0,adam,10000,0.1,0.055900637727725806,0.06074284382657435,1.8870556613449004e-05,0.0607239732699609,0.8439410373537262,1.0
14.0,0,adam,10500,0.1,0.011436600278685176,0.011619709308244634,5.137446752360513e-05,0.011568334840721029,0.9687948425665887,1.0
14.0,0,adam,11000,0.1,0.00742108450388803,0.007496693316117977,8.95338678590156e-05,0.007407159448258961,0.9799770311718685,1.0
14.0,0,adam,11500,0.1,0.007541679943986712,0.007617779222241323,0.00019363234480012308,0.0074241468774412,0.9799259918614481,1.0
14.0,0,adam,12000,0.1,0.006632112378778366,0.006693145896163081,4.7737089329171786e-05,0.00664540880683391,0.9820318062135798,1.0
14.0,0,adam,12500,0.1,0.01051752530466739,0.01067130119181398,0.00011772822636506787,0.010553572965448912,0.9713329277747789,1.0
14.0,0,adam,13000,0.1,0.006854873780241855,0.006919838094731628,6.534778121687205e-05,0.006854490313514756,0.9814404217936991,1.0
14.0,0,adam,13500,0.1,0.0072495612025036595,0.007320672034046906,0.00014798099608829342,0.007172691037958613,0.9805746120298772,1.0
14.0,0,adam,14000,0.1,0.006327583104790507,0.0063832747736765295,3.922752594641867e-05,0.006344047247730111,0.9827914779765833,1.0
14.0,0,adam,14500,0.1,0.006258761458020024,0.006312792534066455,6.407876097858626e-05,0.006248713773087869,0.9830530705265609,1.0
14.0,0,adam,15000,0.1,0.006230003312004023,0.006283164982030636,8.479529391583155e-05,0.006198369688114805,0.9831878697271356,1.0
14.0,0,adam,15500,0.1,0.006329080626352926,0.006381788827618015,0.0002086192930704189,0.006173169534547596,0.9832414661105993,1.0
14.0,0,adam,16000,0.1,0.008079790975014135,0.00815910275067074,0.0005784170726078197,0.007580685678062921,0.9794818919821917,1.0
14.0,0,adam,16500,0.1,0.006221913060328675,0.006274531295620237,0.0001079653532224117,0.006166565942397825,0.983253864204472,1.0
14.0,0,adam,17000,0.1,0.006070729756897324,0.006120624531131031,0.00011525825789592074,0.006005366273235111,0.983719633376025,1.0
14.0,0,adam,17500,0.1,0.006991748607842252,0.007052332177807718,0.0004290484751668719,0.006623283702640846,0.982075308895586,1.0
14.0,0,adam,18000,0.1,0.005889431138368002,0.005937324644527357,5.5335078555984225e-05,0.005881989565971373,0.9840076310146598,1.0
14.0,0,adam,18500,0.1,0.0057999092042572715,0.005845936153655312,7.84281800316643e-05,0.005767507973623648,0.9843368971658474,1.0
14.0,0,adam,19000,0.1,0.0057141889788767915,0.005759500272164929,3.823058210568188e-05,0.005721269690059248,0.9844630160223932,1.0
14.0,0,adam,19500,0.1,0.005697347224724711,0.005741254257491847,0.00010884629403038325,0.005632407963461463,0.9846706300285271,1.0
14.0,0,adam,20000,0.1,0.005591823755703037,0.005635089863251749,4.3718074625874033e-05,0.005591371788625875,0.9848510751643821,1.0
14.0,0,adam,20500,0.1,0.008456406483779946,0.00854986403213327,0.0003217741207541479,0.008228089911379122,0.9777197621166142,1.0
14.0,0,adam,21000,0.1,0.005476066431671128,0.005515238208945514,0.00019540677499378715,0.005319831433951727,0.9855515734766304,1.0
14.0,0,adam,21500,0.1,0.005846057581115677,0.005891104142948084,0.000184862629396717,0.005706241513551367,0.9845454712199991,1.0
14.0,0,adam,22000,0.1,0.005006706888664228,0.00504132283861131,4.185467374421351e-05,0.0049994681648670965,0.9864237258914583,1.0
14.0,0,adam,22500,0.1,0.004823818446901722,0.004855979930337948,3.7544353118856135e-05,0.004818435577219092,0.9869121342841345,1.0
14.0,0,adam,23000,0.1,0.004646196952496075,0.004675987816916338,3.8597942091321346e-05,0.004637389874825017,0.9874052306495769,1.0
14.0,0,adam,23500,0.1,0.004305849306299272,0.004331469211484324,3.190591246202575e-05,0.004299563299022298,0.9883120215764639,1.0
14.0,0,adam,24000,0.1,0.0038727003422748345,0.003893220531277712,4.708272552859957e-05,0.0038461378057491127,0.9894969247147848,1.0
14.0,0,adam,24500,1.0,0.005241123362810365,0.005635705669222935,0.0001816403434982259,0.0054540653257247095,0.8593893536261106,1.0
14.0,0,adam,25000,1.0,0.0010457697226056322,0.0010610537569269195,1.0040057955065132e-05,0.0010510136989718543,0.972357915597644,1.0
14.0,0,adam,25500,1.0,0.0008503561055867795,0.0008600260121566025,2.5250223222167872e-05,0.0008347757889344347,0.9777075587308052,1.0
14.0,0,adam,26000,10.0,0.0005394224169661021,0.0005592189635112349,0.000173583211607332,0.00038563575190390286,0.9043524108614187,1.0
14.0,0,adam,26500,10.0,0.0007412273117891789,0.000823582409874276,2.403149341927286e-05,0.0007995509164550031,0.8052005518210922,1.0
14.0,0,adam,27000,10.0,0.0005098439467890092,0.000542342622648928,4.8634231916226304e-05,0.0004937083907327017,0.8737532432549966,1.0
14.0,0,adam,27500,10.0,0.0005387447564911261,0.0005794425697701354,2.6393282256238462e-05,0.0005530492875138969,0.8584642280358424,1.0
14.0,0,adam,28000,10.0,0.0005163104472693528,0.0005488423928227586,5.1870592637915186e-05,0.0004969718001848434,0.8736864996215907,1.0
14.0,0,adam,28500,10.0,0.0003438627413539547,0.00035871636184960944,2.650705297431433e-05,0.0003322093088752951,0.9138602903173383,1.0
14.0,0,adam,29000,10.0,0.0004251180175752787,0.0004487970783742551,2.828574340362444e-05,0.00042051133497063065,0.8911792598186347,1.0
14.0,0,adam,29500,10.0,0.00040264123287326404,0.0004240479380215653,2.5353408955386542e-05,0.0003986945290661788,0.895497163424022,1.0
14.0,0,adam,30000,10.0,0.0007028987545052764,0.0007279266530485391,0.0002910318054621732,0.00043689484758636585,0.8879799403858697,1.0
14.0,0,adam,30500,10.0,0.00039447349525600586,0.0004143337411590147,2.728526901144872e-05,0.00038704847214756597,0.899633272918517,1.0
14.0,0,adam,31000,10.0,0.00041064836715428257,0.00043527019643195184,3.836611919444327e-06,0.0004314335845125075,0.8885618511990298,1.0
14.0,0,adam,31500,10.0,0.0003760065633361928,0.0003966121579435228,6.107666629633377e-06,0.00039050449131388943,0.8971737789630326,1.0
14.0,0,adam,32000,10.0,0.0003649817332530446,0.00038421158319136713,7.195846272207848e-06,0.0003770157369191593,0.9005071608028409,1.0
14.0,0,adam,32500,10.0,0.0003413715584899769,0.00035672572195098495,1.680565365445293e-05,0.000339920068296532,0.9112893946189076,1.0
14.0,0,adam,33000,10.0,0.00039609190761190203,0.000415760903240445,3.401668100435756e-05,0.00038174422223608744,0.8990755783157183,1.0
14.0,0,adam,33500,10.0,0.0003218478701706909,0.0003347054979047882,2.57207100291961e-05,0.0003089847878755921,0.9186737241209104,1.0
14.0,0,adam,34000,10.0,0.00047547324296308045,0.0005094119579809916,4.088167500634262e-06,0.0005053237904803573,0.8690218485183414,1.0
14.0,0,adam,34500,10.0,0.0002603635013921912,0.00027005477243939477,2.663460173939189e-06,0.0002673913122654556,0.9287728961626863,1.0
14.0,0,adam,35000,10.0,0.00014486554503205474,0.00014773257801290742,2.2413386209179075e-06,0.0001454912393919895,0.9614138590266881,1.0
14.0,0,adam,35500,10.0,0.00031713446644562697,0.0003290643706897049,3.1757365851566043e-05,0.00029730700483813886,0.9211304891919847,1.0
14.0,0,adam,36000,10.0,0.0004005869724165042,0.00042218209568730997,2.160723820933577e-05,0.0004005748574779742,0.8944947827008735,1.0
14.0,0,adam,36500,10.0,0.000271185845954957,0.0002812629470764584,7.357707382291508e-06,0.00027390523969416687,0.9275061966109539,1.0
14.0,0,adam,37000,10.0,0.0003659065082468295,0.00038339749880710034,2.3792712122739614e-05,0.00035960478668436074,0.9046604340272875,1.0
14.0,0,adam,37500,10.0,0.000283222256474535,0.0002916017900301582,4.211405697507431e-05,0.0002494877330550839,0.9336686941567196,1.0
14.0,0,adam,38000,10.0,0.00027582808913955467,0.0002868400357977851,2.4368731969425254e-06,0.0002844031626008426,0.923880835978681,1.0
14.0,0,adam,38500,100.0,0.0009276847322036456,0.02095427265818045,0.0005293808247355646,0.020424891833444887,2.0896005994249747e-25,0.14642857142857144
14.0,0,adam,39000,100.0,0.000662182253761949,0.0025111030467524506,0.0002792479680610598,0.0022318550786913907,0.0019492983019017923,0.17857142857142858
14.0,0,adam,39500,100.0,0.0004974609759264598,0.0037096253021462623,0.00013278493715676638,0.003576840364989496,4.779634957015351e-05,0.2
14.0,0,adam,40000,100.0,0.0004094027794404184,0.0012069061711919475,6.511056576409502e-05,0.0011417956054278525,0.04072696498433873,0.6642857142857143
14.0,0,adam,40500,100.0,0.0004898968052568951,0.016513735123128804,0.00012576032420990362,0.0163879747989189,1.2463999228126852e-20,0.29285714285714287
14.0,0,adam,41000,100.0,0.0003938870326167548,0.001554784873319441,3.850510703973227e-05,0.0015162797662797089,0.014252542239556769,0.3964285714285714
14.0,0,adam,41500,100.0,0.00037199679791109373,0.002174726368861123,1.0201987885573339e-05,0.00216452438097555,0.0023750054500928388,0.4714285714285714
14.0,0,adam,42000,100.0,0.00042305869815849377,0.0026560214892032883,6.213309890191744e-05,0.002593888390301371,0.0007107772572734811,0.4928571428571429
14.0,0,adam,42500,100.0,0.00034961553798309065,0.001213491620845669,2.3022163184211243e-06,0.001211189404527248,0.033800034932706696,0.32142857142857145
14.0,0,adam,43000,100.0,0.0003904034883848777,0.026942416731972067,9.859446644755474e-06,0.02693255728532731,2.320108318832449e-33,0.425
14.0,0,adam,43500,100.0,0.0004375108902582689,0.0008490362909954538,0.00012619296213615573,0.0007228433288592981,0.1349424880280964,0.6607142857142857
14.0,0,adam,44000,100.0,0.0007066259989316596,0.004777652518425542,0.0003400210244222584,0.004437631494003284,4.257876738029149e-06,0.18571428571428572
14.0,0,adam,44500,100.0,0.00036783281908456223,0.014384612310411772,6.082843424229788e-06,0.014378529466987543,4.7407408093423446e-18,0.6142857142857143
14.0,0,adam,45000,100.0,0.00048698523555554447,0.026494348410840383,9.580720982017096e-05,0.026398541201020212,1.515856891271098e-32,0.7392857142857143
14.0,0,adam,45500,100.0,0.0004251935601236607,0.0010529483136800363,8.718892479624431e-05,0.000965759388883792,0.06767184935647584,0.29642857142857143
14.0,0,adam,46000,100.0,0.00038952073665825303,0.005113809827248093,1.9704818827070692e-05,0.005094105008421022,7.651249668026348e-07,0.425
14.0,0,adam,46500,100.0,0.00030316111666901297,0.0005814948410133449,1.824253162589793e-05,0.000563252309387447,0.21285098951526674,0.65
14.0,0,adam,47000,100.0,0.0010013762080100293,0.0017259357485242296,0.0006546037520284478,0.0010713319964957817,0.050428270816672206,0.22857142857142856
14.0,0,adam,47500,100.0,0.000350672548605815,0.0008596488491594404,2.2446282851423413e-05,0.000837202566308017,0.09832724305575323,0.6857142857142857
14.0,0,adam,48000,100.0,0.00039424762969927744,0.0012617238300755952,4.3520731354065684e-05,0.0012182030987215296,0.03393368552175531,0.4928571428571429
14.0,0,adam,48500,100.0,0.00041213802932557646,0.0034578323170949997,4.669855951483828e-05,0.0034111337575801616,7.500537307431496e-05,0.25
14.0,0,adam,49000,100.0,0.00042884354873420975,0.006333856284365197,5.8034914287018355e-05,0.006275821370078178,2.892819050623597e-08,0.6607142857142857
14.0,0,adam,49500,100.0,0.0003470670032067227,0.0006750708077288483,5.042074286419256e-05,0.0006246500648646557,0.17446607665532304,0.6285714285714286
14.0,0,adam,50000,100.0,0.0003488836669321235,0.0010839730098836005,2.05388608961134e-06,0.0010819191237939891,0.05016582659760665,0.8857142857142857
14.0,0,adam,50500,100.0,0.00048086639245189063,0.001196608631256875,0.0001355966024685421,0.001061012028788333,0.0533924501572898,0.5357142857142857
14.0,0,adam,51000,100.0,0.0004734442023552548,0.001084193009863564,0.00014009630007650508,0.0009440967097870589,0.0716035261237314,0.675
14.0,0,adam,51500,100.0,0.00031096005183693583,0.0006830252414637321,7.017288599959442e-06,0.0006760079528637726,0.1484604625104492,0.6
14.0,0,adam,52000,100.0,0.0003829640851450508,0.005230804904727274,2.059910911847465e-05,0.0052102057956088,5.176034048004914e-07,0.2857142857142857
14.0,0,adam,52500,100.0,0.00036726994525468375,0.0021887236581985374,7.765396794229826e-06,0.0021809582614043077,0.0022417749761816912,0.275
14.0,0,adam,53000,100.0,0.0003894472067436966,0.01723162308985951,2.2615856043585064e-05,0.017209007233815927,2.148157917192817e-21,0.3392857142857143
14.0,0,adam,53500,100.0,0.0003662969966860272,0.000983673300792421,3.0714937978414595e-05,0.0009529583628140064,0.07070031723462264,0.5178571428571429
14.0,0,adam,54000,100.0,0.0003152863712407758,0.0006422780415729579,1.8619521891612584e-05,0.0006236585196813453,0.17865282762662138,0.43214285714285716
14.0,0,adam,54500,100.0,0.0002993727443722399,0.0004923416429964725,4.405924292581015e-05,0.00044828240007066235,0.28253860760236177,0.7821428571428571
14.0,0,adam,55000,100.0,0.00039501197069061265,0.0075725764210685,1.477682679513297e-05,0.007557799594273367,7.746603064099837e-10,0.6928571428571428
14.0,0,adam,55500,100.0,0.00035647669526681926,0.0007518018624928426,4.668049056145131e-05,0.0007051213719313914,0.14282026224269753,0.4392857142857143
14.0,0,adam,56000,100.0,0.00035479378485378955,0.0005543632118109498,9.288870815104443e-05,0.00046147450365990547,0.28388518908448,0.6607142857142857
14.0,0,adam,56500,100.0,0.000425740277805842,0.007048122025658381,5.7741198405261826e-05,0.006990380827253119,3.137025005629602e-09,0.41785714285714287
14.0,0,adam,57000,100.0,0.0003968222717356312,0.0016411384150801685,3.726528224187954e-05,0.001603873132838289,0.011572092994019043,0.41785714285714287
14.0,0,adam,57500,100.0,0.0003878067163009733,0.0011810000281671708,3.827436592972001e-05,0.001142725662237451,0.04106116369856264,0.6678571428571428
14.0,0,adam,58000,100.0,0.0003446803621806656,0.0009126557758068463,1.2829242799258282e-05,0.0008998265330075881,0.0814495545785329,0.41785714285714287
14.0,0,adam,58500,100.0,0.0003554880064736899,0.0010626762345246868,1.1014740795085771e-05,0.001051661493729601,0.05363932879903298,0.7071428571428572
14.0,0,adam,59000,100.0,0.00032965699148500364,0.0007652907705299333,8.887310612193838e-06,0.0007564034599177395,0.12024545195382615,0.8642857142857143
14.0,0,adam,59500,100.0,8.28303797014777e-05,9.359481903657193e-05,1.762428275127548e-06,9.183239076144439e-05,0.7791364461651388,1.0
14.0,0,adam,59999,100.0,0.00012342252588603062,0.00014070945658743183,2.308594893123806e-05,0.00011762350765619376,0.7236195173851412,1.0
14.0,0,lbfgs,0,,,6.826473908266276e-06,2.0233721469215846e-09,6.824450536119354e-06,,
14.0,0,lbfgs,1,,,3.7565174358238287e-06,1.624978096851505e-11,3.75650118604286e-06,,
14.0,0,lbfgs,2,,,2.1233429421995213e-06,2.9161201506106355e-11,2.1233137809980154e-06,,
14.0,0,lbfgs,3,,,1.3224555447277768e-06,5.44732003190026e-12,1.322450097407745e-06,,
14.0,0,lbfgs,4,,,9.720263861727223e-07,2.833593713313416e-11,9.719980502355892e-07,,
14.0,0,lbfgs,5,,,7.428521764048641e-07,1.6490060022046798e-11,7.428356863448421e-07,,
14.0,1,adam,0,0.01,1.8273658018698526,1.827380622260252,1.8170464706889593,0.010334151571292643,0.9971262475584295,1.0
14.0,1,adam,500,0.1,0.09954891183569586,0.11564860568698636,0.0018435621663158595,0.1138050435206705,0.728810551051076,1.0
14.0,1,adam,1000,0.1,0.07832475834257178,0.0877233147792301,0.0016598908633984359,0.08606342391583166,0.7874792999285087,1.0
14.0,1,adam,1500,0.1,0.07800074683983586,0.08728987742037901,0.0016495112071776136,0.0856403662132014,0.7885857599887642,1.0
14.0,1,adam,2000,0.1,0.07773555669792553,0.08694305058696931,0.0016599940997260526,0.08528305648724326,0.7893941126182892,1.0
14.0,1,adam,2500,0.1,0.07808563510340912,0.08737156160302599,0.001706282820280753,0.08566527878274524,0.7885460408800209,1.0
14.0,1,adam,3000,0.1,0.07851841924004277,0.08784274949822338,0.002006138358300346,0.08583661113992302,0.7881377371066072,1.0
14.0,1,adam,3500,0.1,0.07742622818855024,0.08652237296677202,0.0017468558906430936,0.08477551707612893,0.7904776028340786,1.0
14.0,1,adam,4000,0.1,0.07714014693261735,0.08617718787915005,0.001675522469858685,0.08450166540929137,0.7910779342439899,1.0
14.0,1,adam,4500,0.1,0.07705261477294685,0.08605958525530946,0.001699815049453475,0.08435977020585599,0.7913648022368921,1.0
14.0,1,adam,5000,0.1,0.07674685507299396,0.08562643762954267,0.0018557856349744409,0.08377065199456822,0.7926553164069697,1.0
14.0,1,adam,5500,0.1,0.07619691484914984,0.08496262779120786,0.001722560419076385,0.08324006737213148,0.7938811697736923,1.0
14.0,1,adam,6000,0.1,0.0757178974154284,0.08438135930745902,0.0016239176930312297,0.08275744161442779,0.7949946791402288,1.0
14.0,1,adam,6500,0.1,0.07503170225874654,0.08351716499437625,0.001633111924602527,0.08188405306977373,0.7969552919787902,1.0
14.0,1,adam,7000,0.1,0.07362028154634694,0.08176453322486284,0.0016261400812107062,0.08013839314365213,0.8009848129473368,1.0
14.0,1,adam,7500,0.1,0.06641783114250617,0.07289681485260693,0.0015689144845275284,0.0713279003680794,0.8209885527580576,1.0
14.0,1,adam,8000,0.1,0.06491373660597438,0.07106561861866134,0.0016267270138354696,0.06943889160482587,0.8250245690207817,1.0
14.0,1,adam,8500,0.1,0.0635370099767077,0.06937425283324888,0.001741010923997561,0.06763324190925132,0.8294946511195428,1.0
14.0,1,adam,9000,0.1,0.06258364586990146,0.06827265482429935,0.0015392673048565716,0.06673338751944279,0.8314913683241593,1.0
14.0,1,adam,9500,0.1,0.06291083450686906,0.06863179554945632,0.0017125143151902637,0.06691928123426606,0.831029641334398,1.0
14.0,1,adam,10000,0.1,0.06239267994648869,0.06801910164893742,0.0016755798719433842,0.06634352177699403,0.8322421183810232,1.0
14.0,1,adam,10500,0.1,0.06186978844564979,0.06741658322546984,0.0015459368858628693,0.06587064633960697,0.8333570397495235,1.0
14.0,1,adam,11000,0.1,0.061692262479643864,0.06720361119389143,0.001548333811107649,0.06565527738278377,0.833832978585748,1.0
14.0,1,adam,11500,0.1,0.06154165301513468,0.06702348415005228,0.0015523728921781085,0.06547111125787418,0.8342386195038473,1.0
14.0,1,adam,12000,0.1,0.061143958087012396,0.06655590485499728,0.0015107408021856564,0.06504516405281162,0.8352586621436453,1.0
14.0,1,adam,12500,0.1,0.06050483802432617,0.0657961056742172,0.0015022298519617343,0.06429387582225547,0.8369866132247348,1.0
14.0,1,adam,13000,0.1,0.060778323071995446,0.06601262389386553,0.0021330269294926444,0.06387959696437288,0.8378640072256746,1.0
14.0,1,adam,13500,0.1,0.0498290390138403,0.053325311108265654,0.0013724793754974086,0.05195283173276825,0.8667832527746658,1.0
14.0,1,adam,14000,0.1,0.04021953104744495,0.04261609622920506,0.00015636270749296095,0.0424597335217121,0.8889045172600006,1.0
14.0,1,adam,14500,0.1,0.033888161730573456,0.03557750680892976,0.00013171274952996238,0.03544579405939979,0.9061531003750681,1.0
14.0,1,adam,15000,0.1,0.03346819915872273,0.035112962101145,0.00017404560069250995,0.03493891650045249,0.9072742872902386,1.0
14.0,1,adam,15500,0.1,0.03316856891202303,0.03478999955383634,0.00012025614294990958,0.03466974341088643,0.9078030227442764,1.0
14.0,1,adam,16000,0.1,0.032999528667664424,0.03460581506322502,0.00010913765583761017,0.03449667740738741,0.9081506220127706,1.0
14.0,1,adam,16500,0.1,0.03273369382409461,0.03431495375660135,0.00010647471390073216,0.03420847904270062,0.9088174871237095,1.0
14.0,1,adam,17000,0.1,0.032335050540943384,0.03387422868427053,0.00013686163657334363,0.033737367047697184,0.9099530396903052,1.0
14.0,1,adam,17500,0.1,0.031356792914585575,0.032805265537768746,9.555994634888744e-05,0.032709705591419856,0.9125430222447999,1.0
14.0,1,adam,18000,0.1,0.02971102535076965,0.03100317874800645,0.00013676266123322596,0.030866416086773225,0.9172568784560972,1.0
14.0,1,adam,18500,0.1,0.022782858670201803,0.023527787230058377,0.0001230472717331155,0.02340473995832526,0.9377842516844721,1.0
14.0,1,adam,19000,0.1,0.013104138482840973,0.01334171322663202,0.00012629569463027708,0.013215417532001743,0.964787046104707,1.0
14.0,1,adam,19500,0.1,0.009374070723480269,0.009488240673788421,0.0003374439321319067,0.009150796741656515,0.9753668962015899,1.0
14.0,1,adam,20000,0.1,0.006296997004312621,0.00635126993327272,6.149871782126142e-05,0.006289771215451458,0.9830876532303418,1.0
14.0,1,adam,20500,0.1,0.006011631795284318,0.006061267432293147,5.49913742235498e-05,0.006006276058069597,0.983828664138101,1.0
14.0,1,adam,21000,0.1,0.007152647937146204,0.007216562116804497,0.000395867029886964,0.006820695086917533,0.9816116305757107,1.0
14.0,1,adam,21500,0.1,0.005742139959811112,0.005785872350593242,0.00015090858077976158,0.00563496376981348,0.9847851711576018,1.0
14.0,1,adam,22000,0.1,0.006517385416065483,0.006572122954267012,0.00024795189519184356,0.006324171059075169,0.9828690181823692,1.0
14.0,1,adam,22500,0.1,0.005366266433930063,0.0054059324941305685,4.446189926681631e-05,0.005361470594863752,0.9854597136128447,1.0
14.0,1,adam,23000,0.1,0.005347661378064015,0.0053859365873710156,0.00012077197923696814,0.005265164608134048,0.9856821490208026,1.0
14.0,1,adam,23500,0.1,0.005133163008711261,0.005169217271637267,6.0754156319527047e-05,0.0051084631153177395,0.9860857917441542,1.0
14.0,1,adam,24000,0.1,0.004995544789931525,0.005029916209878885,4.4965338646304955e-05,0.00498495087123258,0.9864004188581362,1.0
14.0,1,adam,24500,0.1,0.004913288760016173,0.004946488063548454,4.6173787847770794e-05,0.004900314275700683,0.9865997931131606,1.0
14.0,1,adam,25000,0.1,0.004691483515730367,0.004721736915872486,4.9241427218436095e-05,0.00467249548865405,0.9871959092554952,1.0
14.0,1,adam,25500,0.1,0.0043942602278183515,0.004420857499722375,3.5766620563305233e-05,0.00438509087915907,0.9879653363746652,1.0
14.0,1,adam,26000,0.1,0.004333419316268993,0.004359664971551497,8.892950359264596e-06,0.004350772021192233,0.9880547105382844,1.0
14.0,1,adam,26500,0.1,0.0037786983465015697,0.003798094543908352,5.21822722373383e-05,0.003745912271671014,0.9897101207811112,1.0
14.0,1,adam,27000,1.0,0.00354939952034257,0.0037291592238884027,7.130256372301909e-05,0.0036578566601653834,0.9039085860677136,1.0
14.0,1,adam,27500,1.0,0.003685767525387032,0.0038786015939871526,8.52350178675082e-05,0.0037933665761196445,0.9008724717288624,1.0
14.0,1,adam,28000,1.0,0.003193199437530679,0.0033380574710693265,6.101727693254236e-05,0.003277040194136784,0.9134862263964345,1.0
14.0,1,adam,28500,1.0,0.0031110187580553022,0.003250512087865794,3.501004583287027e-05,0.003215502042032924,0.9155470597837411,1.0
14.0,1,adam,29000,1.0,0.002839850852308218,0.0029546804053224057,4.092011017777541e-05,0.00291376029514463,0.9230224597796506,1.0
14.0,1,adam,29500,1.0,0.0031901446162314884,0.0033196657451842687,0.00023165324781288855,0.00308801249737138,0.9178981594382676,1.0
14.0,1,adam,30000,1.0,0.0017783687304157205,0.0018227936367802761,1.7355586269285105e-05,0.0018054380505109911,0.9529318114509628,1.0
14.0,1,adam,30500,1.0,0.0004230422757198229,0.0004254814547804764,2.0467464616572206e-06,0.0004234347083188192,0.9898662087941685,1.0
14.0,1,adam,31000,10.0,0.00030519862409232644,0.0003132847954739448,6.834579174289515e-05,0.00024493900373104966,0.9368184982588587,1.0
14.0,1,adam,31500,10.0,0.0003048440168592292,0.00031227628912752574,7.677554613373731e-05,0.0002355007429937884,0.9383058506259446,1.0
14.0,1,adam,32000,10.0,0.0002373897519702526,0.0002419068320849244,5.8643687113865115e-05,0.0001832631449710593,0.9515998435262696,1.0
14.0,1,adam,32500,100.0,0.0001243073060950843,0.00013172838813772838,5.587613778332125e-05,7.585225035440713e-05,0.8155097672047773,1.0
14.0,1,adam,33000,100.0,0.00046501282448666633,0.00048600279067269466,0.00035559412838532937,0.0001304086622873653,0.6988142534534832,1.0
14.0,1,adam,33500,100.0,0.00018630921622458778,0.0002584840774799893,2.5445106337252045e-06,0.0002559395668462641,0.49049664787483505,0.9357142857142857
14.0,1,adam,34000,100.0,0.000369217465497624,0.000541813793880735,0.0001203899175333469,0.0004214238763473881,0.31066157003288347,0.7178571428571429
14.0,1,adam,34500,100.0,0.00011683284181932117,0.00013771479211352396,7.954274385913373e-06,0.0001297605177276106,0.6999047118738618,1.0
14.0,1,adam,35000,100.0,0.0002279284685306656,0.0003360820347182053,1.4587144914710499e-05,0.0003214948898034948,0.4150258213117027,0.9071428571428571
14.0,1,adam,35500,100.0,0.0003897546641540582,0.0014134513349338168,2.4661506578653113e-05,0.0013887898283551636,0.02133746556048177,0.425
14.0,1,adam,36000,100.0,0.0003197165666780483,0.000486390452045555,7.280091174312599e-05,0.000413589540302429,0.31785562385234634,0.5714285714285714
14.0,1,adam,36500,100.0,0.00024741154580909514,0.0003905397883554888,1.3232446613506077e-05,0.00037730734174198276,0.35040556570079157,0.7285714285714285
14.0,1,adam,37000,100.0,0.00016885668394472578,0.00018295165341256227,7.67899320289427e-05,0.00010616172138361956,0.7492496171492282,1.0
14.0,1,adam,37500,100.0,0.0003898072447179133,0.004327969528556208,1.876265895977697e-05,0.004309206869596431,6.023949610212373e-06,0.22142857142857142
14.0,1,adam,38000,100.0,0.00012722524578129364,0.00015532371060979842,1.8565667526641348e-06,0.00015346714385713428,0.659512123253798,1.0
14.0,1,adam,38500,100.0,0.0001440400485270803,0.00017517744176227115,1.4143834434702333e-05,0.0001610336073275688,0.6401818078597579,1.0
14.0,1,adam,39000,100.0,0.00010948327784663972,0.0001271561652370043,7.561720181290596e-06,0.00011959444505571371,0.7215516790692952,1.0
14.0,1,adam,39500,100.0,0.00010419666813924753,0.00012175754194794966,3.745111828791527e-06,0.00011801243011915813,0.7188813342879474,1.0
14.0,1,adam,40000,100.0,0.0001189998231602664,0.00013209648560850212,2.982894194576146e-05,0.00010226754366274066,0.7569708996379094,1.0
14.0,1,adam,40500,100.0,8.552013318499508e-05,9.707932031005867e-05,2.099363930018953e-06,9.497995638003971e-05,0.7701780282008222,1.0
14.0,1,adam,41000,100.0,0.0001275980575018928,0.0001513372359205995,1.186036960277413e-05,0.00013947686631782537,0.6788205506062663,1.0
14.0,1,adam,41500,100.0,0.00014445256636286602,0.00017300243195232532,1.8732300084479716e-05,0.0001542701318678456,0.6513504598964536,1.0
14.0,1,adam,42000,100.0,0.00030382588839790366,0.0006279798077894397,1.06753351602675e-06,0.000626912274273413,0.17449755372219145,0.9035714285714286
14.0,1,adam,42500,100.0,6.571111708478579e-05,7.146161683682951e-05,4.710533152298218e-06,6.67510836845313e-05,0.8338866044326427,1.0
14.0,1,adam,43000,100.0,8.687216362029203e-05,9.106466962027963e-05,3.455800490402646e-05,5.6506664716253175e-05,0.8571084646595236,1.0
14.0,1,adam,43500,100.0,0.00012403201109485756,0.0001513805369283934,4.5046601718500056e-07,0.0001509300709112084,0.659917519044702,1.0
14.0,1,adam,44000,100.0,0.00028661504173462687,0.00036904970035643255,9.454215046027284e-05,0.0002745075498961597,0.46475014508753887,0.9285714285714286
14.0,1,adam,44500,100.0,7.514174317964982e-05,8.087590754810625e-05,1.4778762377481884e-05,6.609714517062436e-05,0.8327647590315185,1.0
14.0,1,adam,45000,100.0,0.0001146676203638128,0.00011862146068372016,6.36258286748933e-05,5.499563200882686e-05,0.8601461599730821,1.0
14.0,1,adam,45500,100.0,0.00018017103946849945,0.00021722250791221737,3.926382708783703e-05,0.00017795868082438033,0.6109593334115823,1.0
14.0,1,adam,46000,100.0,3.21064150358946e-05,3.3535660840914336e-05,7.324711851114574e-07,3.280318965580288e-05,0.914309823324861,1.0
14.0,1,adam,46500,100.0,0.0001976438524523154,0.0002173490516647667,9.118023874526496e-05,0.00012616881291950175,0.7041059394964327,1.0
14.0,1,adam,47000,100.0,0.00016478176132010182,0.00020163065325637486,2.427243633022138e-05,0.0001773582169261535,0.6124205953306378,1.0
14.0,1,adam,47500,100.0,6.183027555110972e-05,6.732103308470425e-05,2.020363247639611e-06,6.530066983706464e-05,0.834841321986151,1.0
14.0,1,adam,48000,100.0,0.0002141848755210249,0.00023700802050979875,9.996729151345235e-05,0.0001370407289963464,0.684555974358604,1.0
14.0,1,adam,48500,100.0,5.7276758968261555e-05,5.931622254525811e-05,2.0020290482091487e-05,3.929593206316662e-05,0.8971011825401672,1.0
14.0,1,adam,49000,100.0,7.697818423572404e-05,8.597516235568166e-05,2.2241240456753897e-06,8.375103831000627e-05,0.7934537621924233,1.0
14.0,1,adam,49500,100.0,9.856175134605325e-05,0.0001106729618025075,1.2393136678585255e-05,9.827982512392224e-05,0.7616188679220097,1.0
14.0,1,adam,50000,100.0,0.00017932421095131346,0.00020290577679369265,6.325768813985461e-05,0.00013964808865383804,0.6793539284440148,1.0
14.0,1,adam,50500,100.0,5.4722365944490926e-05,5.928862964546597e-05,2.1379022495499795e-08,5.926725062297047e-05,0.8489856253391884,1.0
14.0,1,adam,51000,100.0,7.342856437153608e-05,7.924781665149668e-05,1.2526292656482356e-05,6.672152399501432e-05,0.8315403043260188,1.0
14.0,1,adam,51500,100.0,0.0001529330494508736,0.00018075931419953107,2.8827666027659985e-05,0.00015193164817187108,0.65434258933718,1.0
14.0,1,adam,52000,100.0,0.00014930779082821953,0.0001771240474596892,2.5633713417871423e-05,0.00015149033404181778,0.6558258769402345,1.0
14.0,1,adam,52500,100.0,0.0001892357270190389,0.00023271740332181978,3.942017548449067e-05,0.0001932972278373291,0.584215290376408,1.0
14.0,1,adam,53000,100.0,0.00018086070397297944,0.00021569831228993868,4.4409357601177864e-05,0.00017128895468876082,0.6209435440887285,1.0
14.0,1,adam,53500,100.0,4.3792314389174074e-05,4.5770886195719255e-05,7.195430780910232e-06,3.857545541480902e-05,0.8985931062971979,1.0
14.0,1,adam,54000,100.0,9.351665450599502e-05,0.00010382815693368543,1.3913347695721067e-05,8.991480923796437e-05,0.7781629085067139,1.0
14.0,1,adam,54500,100.0,0.00011871479288437857,0.00014306285146944075,1.5684694531547376e-06,0.00014149438201628602,0.6737561803758327,1.0
14.0,1,adam,55000,100.0,6.24263661356044e-05,6.777807502587268e-05,3.3310910391639334e-06,6.444698398670875e-05,0.8371369126151597,1.0
14.0,1,adam,55500,100.0,7.005202235724488e-05,7.492777443690737e-05,1.3925121213272756e-05,6.1002653223634604e-05,0.8438873122243543,1.0
14.0,1,adam,56000,100.0,8.046405808001533e-05,8.885850489938913e-05,7.924138497332276e-06,8.093436640205686e-05,0.7979286709936082,1.0
14.0,1,adam,56500,100.0,0.00017604100346166486,0.00020795673372846863,4.429884199836071e-05,0.00016365789173010794,0.6339300940913911,1.0
14.0,1,adam,57000,100.0,4.6055665230783686e-05,4.888884764863886e-05,2.4466343623069066e-06,4.644221328633195e-05,0.8794277011465641,1.0
14.0,1,adam,57500,100.0,7.121701546630472e-05,7.354211080799632e-05,3.161705668645399e-05,4.192505412154233e-05,0.8903639674396402,1.0
14.0,1,adam,58000,100.0,7.728147635169349e-05,7.942882582641687e-05,3.9143986792098156e-05,4.0284839034318717e-05,0.8947987397918044,1.0
14.0,1,adam,58500,100.0,0.00013161041994859312,0.00015190240762100423,2.3377330979782308e-05,0.00012852507664122193,0.6991359280854843,1.0
14.0,1,adam,59000,100.0,0.00012495258628391674,0.00013493247837448248,4.624416499256121e-05,8.868831338192127e-05,0.7818595795589589,1.0
14.0,1,adam,59500,100.0,0.00014217031359946926,0.00016813905274107587,2.2164446078780142e-05,0.00014597460666229573,0.664332252661247,1.0
14.0,1,adam,59999,100.0,0.00014003701162563947,0.00015791522963228726,3.79618424638256e-05,0.00011995338716846165,0.7157813700370006,1.0
14.0,1,lbfgs,0,,,1.9862577690765057e-06,7.269843286142262e-11,1.9861850706436442e-06,,
14.0,1,lbfgs,1,,,1.3414852059410862e-06,3.5749382257088896e-11,1.3414494565588292e-06,,
14.0,1,lbfgs,2,,,1.0334186387793743e-06,8.893855785386054e-11,1.0333297002215204e-06,,
14.0,1,lbfgs,3,,,6.982013701080279e-07,2.00259651419243e-11,6.981813441428859e-07,,
14.0,1,lbfgs,4,,,4.7311564944679557e-07,5.241985476854799e-12,4.7311040746131873e-07,,
14.0,1,lbfgs,5,,,3.5424604850763404e-07,8.838510532718145e-15,3.542460396691235e-07,,
14.0,2,adam,0,0.01,2.3390450484782037,2.339053793005515,2.3311122978235037,0.007941495182010979,0.9977885871505447,1.0
14.0,2,adam,500,1.0,0.03621908201804656,0.15819700442825207,0.0004932914229772351,0.15770371300527483,0.012599443080116901,0.13214285714285715
14.0,2,adam,1000,1.0,0.03619223216057454,0.15132453882603547,0.0006443551497359038,0.15068018367629957,0.01510822645394666,0.14642857142857144
14.0,2,adam,1500,1.0,0.03624345003441557,0.14937220570676402,0.0006659396456381055,0.1487062660611259,0.01598807052545747,0.15357142857142858
14.0,2,adam,2000,1.0,0.03634839061137153,0.14643769669676876,0.0007921511875888901,0.14564554550917988,0.01744021765937809,0.15357142857142858
14.0,2,adam,2500,1.0,0.036322426262188255,0.14262888055672077,0.0008139911092155216,0.14181488944750525,0.01942924152199477,0.15714285714285714
14.0,2,adam,3000,1.0,0.03617433161281791,0.13834663834905583,0.0007644948043886378,0.1375821435446672,0.02185549862329197,0.15714285714285714
14.0,2,adam,3500,1.0,0.03617795557427614,0.13497356341620398,0.0008511207283022043,0.13412244268790177,0.024046407841242654,0.15714285714285714
14.0,2,adam,4000,1.0,0.0359248153836307,0.13244610447484786,0.0006723158099645439,0.13177378866488332,0.025624790785966876,0.15714285714285714
14.0,2,adam,4500,1.0,0.03591094178590595,0.13133484935331502,0.0006871982589236955,0.13064765109439133,0.02642457423348085,0.15714285714285714
14.0,2,adam,5000,1.0,0.036003526110326006,0.12997282885109587,0.0008244639170961952,0.12914836493399967,0.027517439028225787,0.15714285714285714
14.0,2,adam,5500,1.0,0.036055707452801275,0.12823324805150527,0.0009127365316802449,0.127320511519825,0.028953244522089788,0.15714285714285714
14.0,2,adam,6000,1.0,0.03580486029833387,0.1267465857447358,0.0007054274519170498,0.12604115829281876,0.02996414414467805,0.15714285714285714
14.0,2,adam,6500,1.0,0.035718011135040646,0.124892958709523,0.0006734387585316006,0.1242195199509914,0.0314909442152962,0.15714285714285714
14.0,2,adam,7000,1.0,0.0356900680308794,0.12382011790290438,0.0006751442981592688,0.12314497360474512,0.032457846072775735,0.15714285714285714
14.0,2,adam,7500,1.0,0.03578979257863273,0.12378470329328391,0.0007864333504012347,0.12299826994288267,0.032569981783823074,0.15714285714285714
14.0,2,adam,8000,1.0,0.035716445759358326,0.12299029117415737,0.0007358970436999732,0.1222543941304574,0.03323167718387072,0.15714285714285714
14.0,2,adam,8500,1.0,0.03564733507948392,0.12250049636110513,0.0006773451827659303,0.1218231511783392,0.0335991032609623,0.15714285714285714
14.0,2,adam,9000,1.0,0.0356519293276368,0.12219751608392221,0.0006914853698442252,0.12150603071407798,0.033864472064074586,0.15714285714285714
14.0,2,adam,9500,1.0,0.035623256116130604,0.12203378321139234,0.0006680916530400529,0.12136569155835229,0.03395955312365637,0.15714285714285714
14.0,2,adam,10000,1.0,0.03563041612887322,0.12189902611658326,0.0006790724114631466,0.12121995370512012,0.0340653374531275,0.15714285714285714
14.0,2,adam,10500,1.0,0.035595734689712256,0.12172618466420049,0.0006518669108290349,0.12107431775337145,0.03417988464585214,0.15714285714285714
14.0,2,adam,11000,1.0,0.035618668285982306,0.12138587648156236,0.0006882185056172929,0.12069765797594507,0.03452421282313295,0.15714285714285714
14.0,2,adam,11500,1.0,0.035591461896054284,0.12104783093392302,0.0006687629319835762,0.12037906800193944,0.034800653821270074,0.15714285714285714
14.0,2,adam,12000,1.0,0.03560768351787877,0.12068880423701542,0.0006957555534051655,0.11999304868361026,0.03514032067838487,0.15714285714285714
14.0,2,adam,12500,1.0,0.03556742658236457,0.12032692437351211,0.0006688136248837693,0.11965811074862834,0.03541765013312803,0.15714285714285714
14.0,2,adam,13000,1.0,0.03552282865062245,0.11936789470727206,0.00065947211075805,0.11870842259651401,0.03634594424955337,0.15714285714285714
14.0,2,adam,13500,1.0,0.03550425913135637,0.11851864741074097,0.0006730874062692249,0.11784556000447174,0.037141998458906075,0.15714285714285714
14.0,2,adam,14000,1.0,0.03548037908169063,0.11792419408253954,0.000671610535324027,0.11725258354721552,0.03774637058491891,0.15714285714285714
14.0,2,adam,14500,1.0,0.035455800854300154,0.11733267693219203,0.0006691236767402571,0.11666355325545177,0.038366036909354126,0.15714285714285714
14.0,2,adam,15000,1.0,0.035431773433227474,0.11669724296849791,0.0006708041994090675,0.11602643876908884,0.03906492580704276,0.15714285714285714
14.0,2,adam,15500,1.0,0.03539580719401072,0.11581919153879959,0.0006703266742261738,0.11514886486457342,0.04003068353085323,0.15714285714285714
14.0,2,adam,16000,1.0,0.035716390149835096,0.12318614899533396,0.0007366729150539341,0.12244947608028003,0.032720395127015835,0.16071428571428573
14.0,2,adam,16500,1.0,0.03490381028294482,0.10549187754029103,0.0006556661190351705,0.10483621142125586,0.05407109531036148,0.15714285714285714
14.0,2,adam,17000,1.0,0.03381375309784379,0.09148006904382776,0.0004908572132198588,0.0909892118306079,0.07966995254124884,0.15714285714285714
14.0,2,adam,17500,1.0,0.03179768626518629,0.07485970534166402,0.00031824582226474494,0.07454145951939926,0.12503816139677332,0.4107142857142857
14.0,2,adam,18000,1.0,0.03108405149679199,0.07179260905328771,3.4525063359800526e-05,0.07175808398992792,0.1346747747741444,0.4107142857142857
14.0,2,adam,18500,1.0,0.03095645820264927,0.07030386733061159,0.00012509885309296297,0.07017876847751862,0.14109407984207856,0.4107142857142857
14.0,2,adam,19000,1.0,0.030827269811614044,0.06959279556202985,9.559410999465692e-05,0.0694972014520352,0.14392833389203286,0.4142857142857143
14.0,2,adam,19500,1.0,0.030762830762280976,0.06928397842603404,7.426890200785198e-05,0.06920970952402619,0.14507964791611228,0.4142857142857143
14.0,2,adam,20000,1.0,0.030800999195075587,0.06929389832431322,0.00011663673411749295,0.06917726159019573,0.1451889700945801,0.4142857142857143
14.0,2,adam,20500,1.0,0.03087597814704471,0.0692934251829185,0.0002047577326682893,0.06908866745025022,0.1454981882056342,0.4142857142857143
14.0,2,adam,21000,1.0,0.030696856595074918,0.0688563573864817,7.060414942294471e-05,0.06878575323705875,0.146620711050927,0.4142857142857143
14.0,2,adam,21500,1.0,0.030690588408512447,0.06866391062207118,9.929724742342135e-05,0.06856461337464775,0.14735783877805775,0.4142857142857143
14.0,2,adam,22000,1.0,0.031124894680245447,0.06868941497573307,0.0005971768302984058,0.06809223814543466,0.14902654056627185,0.41785714285714287
14.0,2,adam,22500,1.0,0.030594532152402956,0.06762473214801289,0.0001708005008657945,0.0674539316471471,0.15124335802270547,0.4142857142857143
14.0,2,adam,23000,1.0,0.03062338883623655,0.06738640651337094,0.0002505056271603334,0.0671359008862106,0.15248382846318748,0.41785714285714287
14.0,2,adam,23500,1.0,0.030454662706973782,0.06708750591256012,0.00010942187958873003,0.06697808403297138,0.15311251701319228,0.4142857142857143
14.0,2,adam,24000,1.0,0.030440705463686105,0.06699426316541646,0.00011257454526707858,0.06688168862014938,0.15348025027726586,0.4142857142857143
14.0,2,adam,24500,1.0,0.030441284548093223,0.067278402749131,6.440220778803836e-05,0.06721400054134295,0.1520873396916564,0.41785714285714287
14.0,2,adam,25000,1.0,0.03034676421442653,0.06651345197574744,9.906692907739586e-05,0.06641438504667005,0.15538061064200054,0.4142857142857143
14.0,2,adam,25500,1.0,0.030305365768466593,0.06636280736417434,8.239686575631298e-05,0.06628041049841803,0.15604233472198492,0.4142857142857143
14.0,2,adam,26000,1.0,0.03031871741840903,0.06597386394480731,0.00017476983933015783,0.06579909410547716,0.15811076344079963,0.41785714285714287
14.0,2,adam,26500,1.0,0.03007567823482076,0.06499887194947816,7.344033061406849e-05,0.06492543161886409,0.16160268346069429,0.4142857142857143
14.0,2,adam,27000,1.0,0.03003328864053568,0.06463442379993158,9.64817260320246e-05,0.06453794207389955,0.16302397322471873,0.41785714285714287
14.0,2,adam,27500,1.0,0.029927434134646522,0.06423713031921854,5.0931016917024595e-05,0.06418619930230152,0.16474015483263943,0.41785714285714287
14.0,2,adam,28000,1.0,0.029802870959224244,0.06330562112272271,9.467236354625968e-05,0.06321094875917645,0.16950656881925036,0.41785714285714287
14.0,2,adam,28500,1.0,0.02884962533859601,0.05769857850237381,0.0002006412649963915,0.057497937237377415,0.20235281214402598,0.425
14.0,2,adam,29000,1.0,0.024629012989323594,0.04133227340713338,0.00011256929744681467,0.04121970410968656,0.3182815049615547,0.4392857142857143
14.0,2,adam,29500,1.0,0.023495705152138613,0.03744429438768126,0.0003907780637085555,0.037053516323972704,0.35786013629547586,0.6964285714285714
14.0,2,adam,30000,1.0,0.022863448877421172,0.03614769988549834,0.0001389562328079778,0.03600874365269036,0.367462006874387,0.7
14.0,2,adam,30500,1.0,0.023006407137543098,0.036273677097374,0.00028207325078657346,0.03599160384658743,0.3671288507814991,0.6964285714285714
14.0,2,adam,31000,1.0,0.022485632462766206,0.03505248868792574,0.00018231796445369755,0.03487017072347204,0.3783404747136689,0.7071428571428572
14.0,2,adam,31500,1.0,0.021968383643271285,0.03390430061951739,5.7362410117631937e-05,0.033846938209399755,0.3883313874177549,0.7107142857142857
14.0,2,adam,32000,1.0,0.0216401708429597,0.03300188257189279,9.553888977576711e-05,0.03290634368211703,0.3983058521531372,0.7142857142857143
14.0,2,adam,32500,1.0,0.021304583133366112,0.03225263348409378,3.644559537674841e-05,0.03221618788871703,0.4059958512224397,0.7142857142857143
14.0,2,adam,33000,1.0,0.020777919161911036,0.03071336812075936,0.0002257824087131735,0.030487585712046184,0.42672053963706097,0.7321428571428571
14.0,2,adam,33500,1.0,0.01950557498402319,0.027757398261453844,0.00026390306899892366,0.02749349519245492,0.46739136779479057,0.775
14.0,2,adam,34000,1.0,0.014354416706622932,0.018216947579210864,0.00011134531802338528,0.01810560226118748,0.6052150651743662,1.0
14.0,2,adam,34500,1.0,0.013136001522714841,0.016281073439109322,7.568651004328372e-05,0.016205386929066038,0.6390128173698034,1.0
14.0,2,adam,35000,1.0,0.012483268987598635,0.015253499787069627,0.00011499925024270522,0.01513850053682692,0.6574561971499747,1.0
14.0,2,adam,35500,1.0,0.011338808192596648,0.013561930581805439,9.543302283201223e-05,0.013466497558973426,0.6879454620611897,1.0
14.0,2,adam,36000,1.0,0.00940762831835501,0.010863329933130824,8.639338969609691e-05,0.010776936543434727,0.7414616900573217,1.0
14.0,2,adam,36500,1.0,0.006056603198038794,0.00656925708248734,0.00029728167136918284,0.006271975411118158,0.8388010469493455,1.0
14.0,2,adam,37000,1.0,0.0014575094618784533,0.001484325791872641,8.152207928123722e-05,0.0014028037125914036,0.961994738794383,1.0
14.0,2,adam,37500,1.0,0.00045769051695700364,0.0004606173481715235,5.979299656390965e-07,0.0004600194182058844,0.987388923094176,1.0
14.0,2,adam,38000,10.0,0.0004042154945909638,0.0004285840403133099,4.897992843265431e-06,0.0004236860474700445,0.8857063622427528,1.0
14.0,2,adam,38500,10.0,0.0007057877738740369,0.0007381602195000423,0.00024403257114633073,0.0004941276483537116,0.8720251314251102,1.0
14.0,2,adam,39000,10.0,0.000202568351675831,0.000206532985206333,3.62153482839768e-05,0.0001703176369223562,0.9541655309175208,1.0
14.0,2,adam,39500,10.0,0.00022963946721060176,0.000235069542357232,3.620924565153173e-05,0.0001988602967057003,0.9442837133871859,1.0
14.0,2,adam,40000,10.0,0.0004929091697019507,0.0005166636570161843,9.451538902911141e-05,0.00042214826798707287,0.8878151702422441,1.0
14.0,2,adam,40500,10.0,0.0004216123873446986,0.00043274034217828655,0.0001445642422743428,0.00028817609990394375,0.9227757166309887,1.0
14.0,2,adam,41000,10.0,0.00038833356794027726,0.00040021017303036024,0.00010267523439385548,0.00029753493863650474,0.920020229913371,1.0
14.0,2,adam,41500,10.0,0.0003680175219410156,0.00038298726584397227,5.2208323659648316e-05,0.00033077894218432394,0.9091722424203779,1.0
14.0,2,adam,42000,100.0,0.00013538556187058111,0.00014138224425233023,7.32982226469126e-05,6.808402160541763e-05,0.8245298434164164,1.0
14.0,2,adam,42500,100.0,0.0005133696391018814,0.010265190589643064,5.34291881162051e-05,0.010211761401526858,5.108901347030097e-16,0.09285714285714286
14.0,2,adam,43000,100.0,0.00034895774441631104,0.0006944511702445508,4.5151986973016094e-05,0.0006492991832715347,0.1626437465831717,0.4357142857142857
14.0,2,adam,43500,100.0,0.00034540652309266573,0.0006716112221485893,4.2087039953420115e-05,0.0006295241821951691,0.1735772349050398,0.4357142857142857
14.0,2,adam,44000,100.0,0.0004973446921328764,0.003905662685194334,8.882168731311732e-05,0.0038168409978812166,1.9028358177920488e-05,0.40714285714285714
14.0,2,adam,44500,100.0,0.00033825239983566603,0.000618077051683761,5.180000938483973e-05,0.0005662770422989212,0.20528828025074075,0.25357142857142856
14.0,2,adam,45000,100.0,0.0003712639179431391,0.0007279295986953513,7.330772676342588e-05,0.0006546218719319254,0.14935478574719635,0.5928571428571429
14.0,2,adam,45500,100.0,0.0007333949318828061,1.5030794199164872,6.351896164310745e-05,1.503015900954844,0.0,0.5035714285714286
14.0,2,adam,46000,100.0,0.000491036814250464,3.3026338817780774,7.870600452006232e-06,3.3026260111776256,0.0,0.48214285714285715
14.0,2,adam,46500,100.0,0.0004540916799890874,5.1275768972894245,5.372083414325816e-05,5.1275231764552816,0.0,0.45357142857142857
14.0,2,adam,47000,100.0,0.0003720267082257642,5.642677350821256,7.327294026742409e-06,5.64267002352723,0.0,0.3892857142857143
14.0,2,adam,47500,100.0,0.0009011837507891921,5.025865113270605,0.00021517384347751847,5.025649939427128,0.0,0.2571428571428571
14.0,2,adam,48000,100.0,0.00038924142591481787,5.332177465834012,1.671648757308213e-05,5.332160749346439,0.0,0.4392857142857143
14.0,2,adam,48500,100.0,0.00047612081884046707,4.978580236905238,0.00010948059352587327,4.978470756311712,0.0,0.4857142857142857
14.0,2,adam,49000,100.0,0.0003820963681185005,4.427022266608275,1.1827387429998577e-05,4.427010439220845,0.0,0.21785714285714286
14.0,2,adam,49500,100.0,0.0005180060677956349,4.527381833050354,0.0001258206103886662,4.527256012439966,0.0,0.5285714285714286
14.0,2,adam,50000,100.0,0.00040264508889755894,6.171594135661256,2.9331053482637357e-05,6.171564804607773,0.0,0.49642857142857144
14.0,2,adam,50500,100.0,0.0005216424102580258,2.8290450913523575,0.00015342219389783036,2.82889166915846,0.0,0.5
14.0,2,adam,51000,100.0,0.0006078006174845997,1.910042078991601,0.00021533873374651337,1.9098267402578546,0.0,0.25
14.0,2,adam,51500,100.0,0.00037427392108917704,1.1019012136293405,3.2108135542170654e-06,1.1018980028157863,0.0,0.55
14.0,2,adam,52000,100.0,0.00037592982649543345,0.7156128785943057,1.7569794977810944e-05,0.7155953087993279,0.0,0.49642857142857144
14.0,2,adam,52500,100.0,0.0004183584205214408,0.3592772710765032,3.093641635632736e-05,0.3592463346601469,0.0,0.30714285714285716
14.0,2,adam,53000,100.0,0.0005232373411290505,0.47893644986000256,6.942513626779587e-05,0.47886702472373477,0.0,0.4357142857142857
14.0,2,adam,53500,100.0,0.0004181051650674431,0.25319295340688325,2.389304892530985e-05,0.25316906035795794,2.383610469725755e-300,0.4392857142857143
14.0,2,adam,54000,100.0,0.00040183571048947353,0.28498638392653297,3.843218593857294e-05,0.2849479517405944,0.0,0.4607142857142857
14.0,2,adam,54500,100.0,0.0004130786808856741,0.39621807049994284,4.836460146908026e-05,0.3961697058984738,0.0,0.44285714285714284
14.0,2,adam,55000,100.0,0.0003827394355662054,0.47181299844922775,1.0058000966775131e-05,0.471802940448261,0.0,0.275
14.0,2,adam,55500,100.0,0.0004121567435809305,0.7590183842336313,1.2809061319322467e-05,0.759005575172312,0.0,0.6571428571428571
14.0,2,adam,56000,100.0,0.000457394917617468,0.7237161415417658,8.259338177431787e-05,0.7236335481599915,0.0,0.3535714285714286
14.0,2,adam,56500,100.0,0.00041984176311865405,0.4829842061763405,4.330806472567089e-05,0.48294089811161484,0.0,0.425
14.0,2,adam,57000,100.0,0.0003677265234000389,0.4101567256338916,9.838914198174139e-06,0.4101468867196934,0.0,0.5142857142857142
14.0,2,adam,57500,100.0,0.00042165542265554023,0.3549148003296977,2.6479819973684524e-05,0.354888320509724,0.0,0.4035714285714286
14.0,2,adam,58000,100.0,0.00038263314999023313,0.34919889864597975,1.864389682053535e-05,0.3491802547491592,0.0,0.26785714285714285
14.0,2,adam,58500,100.0,0.0003659604572852883,0.38601770486669157,4.654935411639819e-06,0.38601304993127994,0.0,0.425
14.0,2,adam,59000,100.0,0.0004226367998503188,0.26966614692121765,4.981272723254948e-05,0.2696163341939851,3.54232106687615e-310,0.4357142857142857
14.0,2,adam,59500,100.0,0.0005561093065042064,0.2692893125926293,0.00018270980292468036,0.2691066027897046,4.79558169507966e-309,0.5821428571428572
14.0,2,adam,59999,100.0,0.00045848097372363703,0.30164750588390826,9.394738859825895e-05,0.30155355849531,0.0,0.2357142857142857
14.0,2,lbfgs,0,,,0.0006643690418337837,3.652241392400138e-06,0.0006607168004413835,,
14.0,2,lbfgs,1,,,0.0001846094870639887,1.221165489923974e-06,0.00018338832157406473,,
14.0,2,lbfgs,2,,,8.713489811363783e-05,3.7466592423110997e-07,8.676023218940672e-05,,
14.0,2,lbfgs,3,,,4.027672585460217e-05,1.772472961547544e-07,4.009947855844742e-05,,
14.0,2,lbfgs,4,,,1.7183747548187856e-05,4.527613772046209e-08,1.7138471410467395e-05,,
14.0,2,lbfgs,5,,,9.667277409486008e-06,1.4455874808543123e-08,9.652821534677465e-06,,
27.0,0,adam,0,0.01,1.7346951216676432,1.7348449088090343,1.7112104307919258,0.023634478017108447,0.9873824994353759,1.0
27.0,0,adam,500,0.01,0.044555969030245626,0.045041472709237036,0.0007063324631154583,0.04433514024612158,0.9770457857657207,1.0
27.0,0,adam,1000,0.01,0.037140829306224275,0.037504578810762405,0.000121931427070157,0.03738264738369225,0.9801111298991769,1.0
27.0,0,adam,1500,0.01,0.03545063749864435,0.03577849308028774,0.00046338210984660444,0.03531511097044114,0.9811600480622698,1.0
27.0,0,adam,2000,0.01,0.032966853707654335,0.03325896802222503,7.526430049815295e-05,0.033183703721726875,0.982242191295809,1.0
27.0,0,adam,2500,0.01,0.03166189087424024,0.03193330190008064,7.245701430751337e-06,0.03192605619864989,0.9828758069281162,1.0
27.0,0,adam,3000,0.01,0.03133988536023802,0.03160598531708837,3.0704443275840477e-06,0.03160291487276079,0.983046042318474,1.0
27.0,0,adam,3500,0.01,0.031192574015176024,0.031456265501690645,3.6747099220185483e-06,0.031452590791768625,0.9831237783871946,1.0
27.0,0,adam,4000,0.01,0.031296271114950557,0.03155867346433994,0.00019125146842407882,0.031367421995915856,0.9831641220583198,1.0
27.0,0,adam,4500,0.01,0.031202183554341772,0.03146406098722393,0.00012658715609752642,0.0313374738311264,0.9831834208147308,1.0
27.0,0,adam,5000,0.01,0.031048447455296165,0.03130978754007986,8.342605350682029e-06,0.03130144493472918,0.9831987668170363,1.0
27.0,0,adam,5500,0.01,0.031037887287478774,0.03129904839946538,1.0928393352523653e-05,0.031288120006112856,0.9832049108540822,1.0
27.0,0,adam,6000,0.01,0.03103949690031742,0.03130087796860638,1.7907266363538644e-06,0.031299087241970024,0.9831987436019827,1.0
27.0,0,adam,6500,0.01,0.031060512452520405,0.03132186400255532,2.5122316309336428e-05,0.03129674168624599,0.983197475614909,1.0
27.0,0,adam,7000,0.01,0.0316119984318174,0.031873049849741354,0.000597595858932477,0.031275453990808874,0.9832071152188621,1.0
27.0,0,adam,7500,0.01,0.031046595640313198,0.03130758094500141,3.4237594689123755e-05,0.03127334335031229,0.9832119271312112,1.0
27.0,0,adam,8000,0.01,0.031407613621166154,0.031669014448862484,0.00036651550376284273,0.03130249894509964,0.9831993398243465,1.0
27.0,0,adam,8500,0.01,0.03108250249273253,0.03134339088085069,7.715499327361622e-05,0.03126623588757707,0.9832143054359685,1.0
27.0,0,adam,9000,0.01,0.03099632250961666,0.03125704660903138,2.772366800289394e-06,0.03125427424223109,0.983219751046648,1.0
27.0,0,adam,9500,0.01,0.030997441130188826,0.031258139061355036,6.6831897674573746e-06,0.03125145587158758,0.98322038489483,1.0
27.0,0,adam,10000,0.01,0.03099811073059065,0.03125877350107633,9.556725860857058e-06,0.031249216775215475,0.9832219283253394,1.0
27.0,0,adam,10500,0.01,0.031040484081211846,0.03130122512026555,4.77210344132727e-05,0.03125350408585228,0.9832196467976853,1.0
27.0,0,adam,11000,0.01,0.03101441487324602,0.03127532102954623,1.0171404278648716e-05,0.03126514962526758,0.983213858050941,1.0
27.0,0,adam,11500,0.01,0.03103841232488385,0.03129907881190545,5.127699559300281e-05,0.031247801816312443,0.9832226345258464,1.0
27.0,0,adam,12000,0.01,0.030985979098586823,0.031246574494540966,2.5688000075662436e-06,0.0312440056945334,0.9832245779548549,1.0
27.0,0,adam,12500,0.01,0.03134606055473251,0.03160699649283245,0.0003435484265479605,0.031263448066284484,0.9832139819090777,1.0
27.0,0,adam,13000,0.01,0.030992874464666864,0.031253521519643904,9.031718124825732e-06,0.031244489801519077,0.9832225777394895,1.0
27.0,0,adam,13500,0.01,0.03099046632260299,0.031251067360748404,9.1272311042905e-06,0.03124194012964411,0.9832244241706137,1.0
27.0,0,adam,14000,0.01,0.03112337860511979,0.031384395021550306,0.000117842539144709,0.0312665524824056,0.9832104195519064,1.0
27.0,0,adam,14500,0.01,0.031003652296341496,0.03126427488469373,2.2141919110451576e-05,0.031242132965583275,0.9832236836962409,1.0
27.0,0,adam,15000,0.01,0.03110690489843397,0.03136757185785506,0.00012253561639493326,0.03124503624146013,0.983222667421689,1.0
27.0,0,adam,15500,0.01,0.03106530451452306,0.0313260938786408,7.550519821707737e-05,0.03125058868042372,0.9832186870155873,1.0
27.0,0,adam,16000,0.01,0.031165255612190877,0.03142641062630123,0.00015238002564603329,0.031274030600655194,0.9832066781555818,1.0
27.0,0,adam,16500,0.01,0.0309932541579978,0.03125404596011524,1.6093012994674726e-06,0.031252436658815774,0.9832177797770828,1.0
27.0,0,adam,17000,0.01,0.031026395434011072,0.03128703062452343,4.6714042908336796e-05,0.031240316581615097,0.9832233608018173,1.0
27.0,0,adam,17500,0.01,0.031081416773715887,0.031342070838632566,0.00010150450423628022,0.031240566334396286,0.9832232647576592,1.0
27.0,0,adam,18000,0.01,0.030987702157357543,0.03124835213870512,8.765224492634424e-06,0.031239586914212487,0.9832233533720035,1.0
27.0,0,adam,18500,0.01,0.031017908754187615,0.03127863026026117,3.512726675844244e-05,0.031243502993502727,0.9832210427323761,1.0
27.0,0,adam,19000,0.01,0.031017799716759928,0.03127847422943718,3.973512904508999e-05,0.03123873910039209,0.9832217395270807,1.0
27.0,0,adam,19500,0.01,0.030981816498059065,0.031242479361229838,4.107876394021658e-06,0.031238371484835815,0.9832226453429683,1.0
27.0,0,adam,20000,0.01,0.03105352231475285,0.031314828868943684,3.6317818365994746e-05,0.03127851105057769,0.9832031278830071,1.0
27.0,0,adam,20500,0.01,0.030984548671913244,0.03124519176823381,8.809286544788904e-06,0.03123638248168902,0.983223191789431,1.0
27.0,0,adam,21000,0.01,0.03098055507211998,0.031241267060447882,1.260045585699804e-06,0.03124000701486218,0.9832210970757557,1.0
27.0,0,adam,21500,0.01,0.03099670521679869,0.03125736909406851,2.2425913314939376e-05,0.03123494318075357,0.9832210388051411,1.0
27.0,0,adam,22000,0.01,0.03123830354170656,0.03149914829496045,0.00025225448528669005,0.03124689380967376,0.98321745566415,1.0
27.0,0,adam,22500,0.01,0.03097307362883695,0.031233712896585074,1.7860012714531357e-06,0.031231926895313622,0.9832225755600091,1.0
27.0,0,adam,23000,0.01,0.03097356087000414,0.03123422851973844,9.691951574842418e-07,0.031233259324580955,0.9832221031020132,1.0
27.0,0,adam,23500,0.01,0.030976945883255638,0.031237594333115397,5.918303937781028e-06,0.031231676029177615,0.983222228395375,1.0
27.0,0,adam,24000,0.01,0.030983919740418343,0.031244575931935557,1.3410297502478384e-05,0.031231165634433077,0.9832215268495883,1.0
27.0,0,adam,24500,0.01,0.03106377264735975,0.031324474144218864,9.356821079269998e-05,0.031230905933426166,0.9832192873501948,1.0
27.0,0,adam,25000,0.01,0.030985544514171473,0.031246240747773657,1.813794733039372e-05,0.031228102800443264,0.9832206475338565,1.0
27.0,0,adam,25500,0.01,0.031075200630296035,0.03133709564611397,4.028085720513919e-05,0.03129681478890883,0.9831782598416666,1.0
27.0,0,adam,26000,0.01,0.030971606126473997,0.031232286894760795,6.9340204060809346e-06,0.031225352874354715,0.9832207718658551,1.0
27.0,0,adam,26500,0.01,0.030977340236542278,0.031238078857062788,1.037867420098577e-05,0.031227700182861803,0.9832182271969567,1.0
27.0,0,adam,27000,0.01,0.030986027890951468,0.031246702032626375,2.522992153857895e-05,0.031221472111087795,0.9832197017188716,1.0
27.0,0,adam,27500,0.01,0.03097429904978083,0.031235163908719717,3.402836430362162e-06,0.031231761072289355,0.9832149024914664,1.0
27.0,0,adam,28000,0.01,0.03106050193004489,0.03132120095030781,0.000102581147116567,0.031218619803191246,0.9832173474606991,1.0
27.0,0,adam,28500,0.01,0.031238511114357624,0.031500037553320946,0.00023441208202074927,0.0312656254713002,0.983190462096985,1.0
27.0,0,adam,29000,0.01,0.031141847025146163,0.03140289951377957,0.00016498063342255102,0.03123791888035702,0.9832082611774106,1.0
27.0,0,adam,29500,0.01,0.030991550298033025,0.03125234615073675,3.467157107474625e-05,0.031217674579662003,0.9832147690401354,1.0
27.0,0,adam,30000,0.01,0.030953032386915567,0.031213759617425767,5.249096280489762e-06,0.031208510521145278,0.9832147506970473,1.0
27.0,0,adam,30500,0.01,0.030993868073093993,0.03125486187179504,3.4099385740879797e-05,0.031220762486054158,0.9832054527638922,1.0
27.0,0,adam,31000,0.01,0.030949160611222052,0.031209926801129377,4.266939611753875e-06,0.031205659861517625,0.9832126648043397,1.0
27.0,0,adam,31500,0.01,0.030954402035781838,0.031215260155395896,1.0128008156716376e-05,0.03120513214723918,0.9832086162627964,1.0
27.0,0,adam,32000,0.01,0.030938561472487938,0.03119930574620899,3.2580076719909108e-06,0.031196047738537,0.9832113259711694,1.0
27.0,0,adam,32500,0.01,0.030937482504839957,0.031198265888906257,4.307311842447072e-06,0.03119395857706381,0.9832095715971233,1.0
27.0,0,adam,33000,0.01,0.03094934643048991,0.03121014956304793,1.8100817222080446e-05,0.03119204874582585,0.9832085123840714,1.0
27.0,0,adam,33500,0.01,0.030948009150979176,0.031208995786379846,1.1876390962968788e-05,0.03119711939541688,0.9832006341214159,1.0
27.0,0,adam,34000,0.01,0.031313041704633914,0.03157402516791801,0.000376656612952483,0.031197368554965528,0.9831998484846127,1.0
27.0,0,adam,34500,0.01,0.031134166087327497,0.03139516607570156,0.00019911375858812586,0.03119605231711343,0.9832002892022373,1.0
27.0,0,adam,35000,0.01,0.030961844356889704,0.031222722889017816,3.8333440527175814e-05,0.03118438944849064,0.9832032924621562,1.0
27.0,0,adam,35500,0.01,0.030953083721787185,0.03121398317179643,2.8339222815165218e-05,0.031185643948981264,0.9832030373920944,1.0
27.0,0,adam,36000,0.01,0.031000706058372643,0.031261721654936105,7.340671744973422e-05,0.031188314937486368,0.9831992195639832,1.0
27.0,0,adam,36500,0.01,0.03096758118039938,0.03122868412772195,3.7660534217071745e-05,0.03119102359350488,0.9831934641473452,1.0
27.0,0,adam,37000,0.01,0.030926934330547638,0.03118793526108313,2.2316895848776317e-06,0.031185703571498254,0.9831994352153406,1.0
27.0,0,adam,37500,0.01,0.03099502255777307,0.03125608989000861,7.018063745559459e-05,0.031185909252553018,0.9831945769473482,1.0
27.0,0,adam,38000,0.01,0.0309277379524517,0.031188710673036177,8.114441764211807e-06,0.031180596231271965,0.9831993825876423,1.0
27.0,0,adam,38500,0.01,0.030959503923492684,0.031220486662502607,4.174178780456038e-05,0.031178744874698048,0.9831986754579115,1.0
27.0,0,adam,39000,0.01,0.030922603986383957,0.031183542815059858,8.536348968665303e-06,0.03117500646609119,0.9831991243695969,1.0
27.0,0,adam,39500,0.01,0.03091442392621366,0.031175361650067138,2.223280129100452e-06,0.031173138369938038,0.9831989233086939,1.0
27.0,0,adam,40000,0.01,0.03099305226984406,0.03125398204445518,8.29920494707732e-05,0.03117098999498441,0.9831979222810251,1.0
27.0,0,adam,40500,0.01,0.03098927514725046,0.031250691207530774,5.816839703905325e-05,0.03119252281049172,0.9831810888454635,1.0
27.0,0,adam,41000,0.01,0.030908328082698108,0.03116928358022541,2.0773853564429546e-06,0.031167206194868964,0.983196923334971,1.0
27.0,0,adam,41500,0.01,0.0309448998049163,0.03120612080589598,2.914453370368143e-05,0.0311769762721923,0.9831858167718281,1.0
27.0,0,adam,42000,0.01,0.030938214370880134,0.031199233272679677,3.820106713933694e-05,0.03116103220554034,0.9831925824019015,1.0
27.0,0,adam,42500,0.01,0.030900068567490925,0.031161005112440684,1.1981451555054185e-05,0.03114902366088563,0.9831935186899414,1.0
27.0,0,adam,43000,0.01,0.030873538268580657,0.031134452579304642,4.605600204558181e-06,0.031129846979100085,0.9831903366721287,1.0
27.0,0,adam,43500,0.01,0.03083696552109724,0.031097754432192277,1.4569912489620135e-05,0.031083184519702656,0.9831859072108007,1.0
27.0,0,adam,44000,0.01,0.030661683166438233,0.030920102743790142,7.804091349128365e-05,0.030842061830298858,0.9832393007908121,1.0
27.0,0,adam,44500,0.01,0.030388625042695593,0.030644920586505513,0.0001234181377977479,0.030521502448707764,0.9832582998278139,1.0
27.0,0,adam,45000,0.01,0.029895792096055553,0.030145649944988154,4.276264155419343e-05,0.03010288730343396,0.9834476429785184,1.0
27.0,0,adam,45500,0.01,0.030456547597575524,0.030714858702903955,6.635882285195937e-06,0.030708222820618757,0.9831881299792589,1.0
27.0,0,adam,46000,0.01,0.030382011553979852,0.030627547609003235,0.00016429833462082893,0.030463249274382407,0.9837450439501662,1.0
27.0,0,adam,46500,0.1,0.029903917051128753,0.032564564424450805,4.197892863478024e-05,0.03252258549581603,0.839471994634531,1.0
27.0,0,adam,47000,0.1,0.02347028900399731,0.025045327071008098,1.986814739031176e-05,0.025025458923617787,0.8748434366135944,1.0
27.0,0,adam,47500,0.1,0.02618523929077347,0.028247082383388834,8.563734487867413e-05,0.02816144503851016,0.8526607529639697,1.0
27.0,0,adam,48000,0.1,0.007969772876509415,0.008149161628155382,6.345283534770006e-05,0.008085708792807683,0.9526238498523278,1.0
27.0,0,adam,48500,0.1,0.01597881249304834,0.016664950620516508,0.0002493653187935056,0.016415585301723,0.916005006164485,1.0
27.0,0,adam,49000,0.1,0.010844295518542813,0.011152115109533253,0.00019048775899915422,0.010961627350534098,0.9432246372245087,1.0
27.0,0,adam,49500,0.1,0.009325066881215541,0.009555629346459782,0.00011869823429325146,0.00943693111216653,0.9508972803478821,1.0
27.0,0,adam,50000,0.1,0.03114517742202004,0.03403189550278719,1.9234831035066716e-05,0.034012660671752126,0.8326958874600906,1.0
27.0,0,adam,50500,0.1,0.01453477566107456,0.01512047703101756,2.9075374820871427e-06,0.015117569493535474,0.9221079254441144,1.0
27.0,0,adam,51000,0.1,0.03201813075007344,0.035105449390832676,6.026510391477692e-05,0.0350451842869179,0.8279065014351915,1.0
27.0,0,adam,51500,0.1,0.03094615156675009,0.033830691987257286,3.6096607146845936e-05,0.03379459538011044,0.8331464935682622,1.0
27.0,0,adam,52000,0.1,0.03010644729123626,0.03282226834908124,2.7751324277665334e-05,0.03279451702480357,0.8379074477151996,1.0
27.0,0,adam,52500,1.0,0.0010533415015185864,0.0010860511498399358,3.3257127647159273e-07,0.0010857185785634641,0.9326615111453226,1.0
27.0,0,adam,53000,10.0,0.0001267284643957247,0.0001313057061412488,1.599343868613269e-07,0.00013114577175438747,0.9277255191236476,1.0
27.0,0,adam,53500,10.0,0.00016231033939403575,0.000165446588008213,3.129053350385895e-05,0.00013415605450435407,0.9367234470331718,1.0
27.0,0,adam,54000,10.0,0.0002220586471670818,0.00022462274119901547,0.00012415439954832153,0.00010046834165069396,0.9460692762629437,1.0
27.0,0,adam,54500,10.0,5.2340303042757836e-05,5.277678391994109e-05,1.0938480450078357e-05,4.183830346986273e-05,0.976444913989648,1.0
27.0,0,adam,55000,10.0,3.0400100950131396e-05,3.057300514634195e-05,4.282250195435876e-06,2.629075495090607e-05,0.984884076947938,1.0
27.0,0,adam,55500,10.0,8.952468643297182e-05,9.123301565527422e-05,9.147205152483342e-06,8.208581050279088e-05,0.9550880475528467,1.0
27.0,0,adam,56000,100.0,0.00011550259721951717,0.00011953553962737443,7.906439419466602e-05,4.047114543270842e-05,0.8000503678344216,1.0
27.0,0,adam,56500,100.0,0.00010195507176248054,0.0001117289821440378,4.6795572931675635e-05,6.493340921236215e-05,0.6657179042977617,1.0
27.0,0,adam,57000,100.0,0.00020349675890027807,0.00023080825972829984,0.00010019943337405353,0.0001306088263542463,0.3964533903134211,0.19074074074074074
27.0,0,adam,57500,100.0,2.417396336900817e-05,2.4921786718551887e-05,7.287710287390634e-06,1.7634076431161253e-05,0.9101812411765853,1.0
27.0,0,adam,58000,100.0,7.154199015147023e-05,7.35592730418562e-05,4.43729705436693e-05,2.918630249818691e-05,0.8575209864072785,1.0
27.0,0,adam,58500,100.0,0.00021663507953006267,1.5400834878768797,1.601631551229781e-06,1.5400818862453285,0.0,0.06296296296296296
27.0,0,adam,59000,100.0,0.0002260671038348684,6.743799100461686,2.3434991764247752e-06,6.74379675696251,0.0,0.046296296296296294
27.0,0,adam,59500,100.0,0.00021888322251422112,6.737571989334994,2.5359081263010844e-06,6.737569453426868,0.0,0.044444444444444446
27.0,0,adam,59999,100.0,0.0005061308359970659,5.567828832263472,0.0002901622082846729,5.567538670055187,0.0,0.03148148148148148
27.0,0,lbfgs,0,,,0.005255402386305672,5.7889705572610735e-05,0.005197512680733061,,
27.0,0,lbfgs,1,,,0.0027739127458754394,3.998855628851129e-05,0.002733924189586928,,
27.0,0,lbfgs,2,,,0.002113201174225832,1.5219070261884258e-05,0.0020979821039639477,,
27.0,0,lbfgs,3,,,0.001816783232921398,1.6967439591651358e-05,0.0017998157933297467,,
27.0,0,lbfgs,4,,,0.0010279685401123459,9.674454060371282e-06,0.0010182940860519747,,
27.0,0,lbfgs,5,,,0.000509148641311147,4.5328406140115054e-06,0.0005046158006971356,,
27.0,1,adam,0,0.01,1.8268971093191884,1.8269232922391208,1.8170464706889593,0.009876821550161386,0.9946962397843631,1.0
27.0,1,adam,500,0.1,0.07190145936860563,0.09011897911905546,8.307109604994186e-05,0.09003590802300553,0.6192006176726929,1.0
27.0,1,adam,1000,0.1,0.06340556481248283,0.07706315850478218,0.0004716249567563403,0.07659153354802584,0.6633308591976333,1.0
27.0,1,adam,1500,0.1,0.05979186357821947,0.07172210241176372,0.0004889013381603189,0.0712332010736034,0.6825160646948644,1.0
27.0,1,adam,2000,0.1,0.05928857135883698,0.07098395653359803,0.0005068781867751421,0.07047707834682289,0.6852491915871431,1.0
27.0,1,adam,2500,0.1,0.05917103815717278,0.07081452605446936,0.0005018668653369945,0.07031265918913236,0.6858399906842202,1.0
27.0,1,adam,3000,0.1,0.05964124796875787,0.07142519608192285,0.0006781606325746307,0.07074703544934823,0.6842034694451969,1.0
27.0,1,adam,3500,0.1,0.05864552859325727,0.07005040313134654,0.0004994791630393862,0.06955092396830716,0.6886493070200351,1.0
27.0,1,adam,4000,0.1,0.058507233517197735,0.06984190073888463,0.0005104331493928508,0.06933146758949178,0.6894745070545774,1.0
27.0,1,adam,4500,0.1,0.058293953403863716,0.06953396902734345,0.0005001753520162502,0.06903379367532719,0.6905941164405385,1.0
27.0,1,adam,5000,0.1,0.058153347642542236,0.06932751678178606,0.0004996572438091481,0.0688278595379769,0.6913501568186108,1.0
27.0,1,adam,5500,0.1,0.05829609231540169,0.06943976625678916,0.0007079357447770547,0.06873183051201211,0.6917051052056068,1.0
27.0,1,adam,6000,0.1,0.05786210793574123,0.0688900882194536,0.0005350243491373417,0.06835506387031626,0.6930670860167413,1.0
27.0,1,adam,6500,0.1,0.05770922943142428,0.06866175295209054,0.0005535245477558423,0.0681082284043347,0.693948600976636,1.0
27.0,1,adam,7000,0.1,0.057563664838829014,0.06846712769489476,0.0005178904841306366,0.06794923721076412,0.6945071728763599,1.0
27.0,1,adam,7500,0.1,0.05874819592490273,0.07010179100487424,0.0006965796192873711,0.06940521138558686,0.689005247699857,1.0
27.0,1,adam,8000,0.1,0.057643243440646426,0.06846765597274937,0.0007832367420415349,0.06768441923070784,0.6954269949004036,1.0
27.0,1,adam,8500,0.1,0.057489223279689854,0.06831139255096273,0.0006308198504626341,0.0676805727005001,0.6954695362122713,1.0
27.0,1,adam,9000,0.1,0.05732553996729606,0.0681177577418649,0.0005318155145002633,0.06758594222736464,0.6958801233745736,1.0
27.0,1,adam,9500,0.1,0.058317988157630944,0.0692493720011063,0.001207458955373922,0.06804191304573237,0.6941996104112964,1.0
27.0,1,adam,10000,0.1,0.058146735000029336,0.06924215078494474,0.0006639502954396647,0.06857820048950507,0.692165470193118,1.0
27.0,1,adam,10500,0.1,0.05812482706247214,0.0690097212420526,0.0011194333168936634,0.06789028792515893,0.6947141173743284,1.0
27.0,1,adam,11000,0.1,0.05728733460623539,0.06801195229477523,0.0006453222032075338,0.0673666300915677,0.6966528150346936,1.0
27.0,1,adam,11500,0.1,0.057577217099087634,0.06836026451580976,0.0008029907939254837,0.06755727372188428,0.6959116037558202,1.0
27.0,1,adam,12000,0.1,0.05711880474027247,0.06783353860814209,0.0005003523870928892,0.0673331862210492,0.6967426154006273,1.0
27.0,1,adam,12500,0.1,0.05795366384962421,0.06893452912077751,0.0007286982374306778,0.06820583088334684,0.6934508944048724,1.0
27.0,1,adam,13000,0.1,0.0571246882350094,0.06784867650662124,0.0004673574545386171,0.06738131905208262,0.69662519242255,1.0
27.0,1,adam,13500,0.1,0.057099988226401055,0.06766750680554581,0.0008055917885303982,0.06686191501701541,0.6986509643588598,1.0
27.0,1,adam,14000,0.1,0.057164183655875764,0.06790212174792676,0.00047043639746476766,0.06743168535046198,0.6964923763341547,1.0
27.0,1,adam,14500,0.1,0.057432133461194405,0.06810305852595978,0.0008918634372048483,0.06721119508875494,0.6973209775351323,1.0
27.0,1,adam,15000,0.1,0.05684287069501316,0.06743856916643842,0.00046491436821163206,0.06697365479822678,0.6982109660286655,1.0
27.0,1,adam,15500,0.1,0.05676688324757452,0.0673155810828857,0.0004996412930834071,0.06681593978980228,0.6988036971156459,1.0
27.0,1,adam,16000,0.1,0.05666929526051779,0.06716878276888026,0.0005077220358638339,0.06666106073301643,0.6994282389065974,1.0
27.0,1,adam,16500,0.1,0.05673277835086159,0.06721694956679397,0.0006011916975778236,0.06661575786921614,0.699618429800895,1.0
27.0,1,adam,17000,0.1,0.05659252375882864,0.0670467671493302,0.0005274995989339815,0.06651926755039621,0.6999946448853058,1.0
27.0,1,adam,17500,0.1,0.05670200182565894,0.06722183574745073,0.0004646787429086164,0.06675715700454211,0.6991687423342487,1.0
27.0,1,adam,18000,0.1,0.05651807266902767,0.0669008781461113,0.00060709804570625,0.06629378010040506,0.7009002464152626,1.0
27.0,1,adam,18500,0.1,0.05650358757970627,0.06685733250698461,0.0006649917591663317,0.06619234074781828,0.7012704264476269,1.0
27.0,1,adam,19000,0.1,0.056259392086504954,0.06657568515082797,0.0004942499118883433,0.06608143523893963,0.7017584705535599,1.0
27.0,1,adam,19500,0.1,0.056660296482194596,0.06691480171186674,0.0010820513785324086,0.06583275033333433,0.7025557089317467,1.0
27.0,1,adam,20000,0.1,0.055310961965337274,0.06522719147101076,0.00048613802288994265,0.06474105344812082,0.707014794557502,1.0
27.0,1,adam,20500,0.1,0.05491446243123373,0.06466499583646387,0.00047174166479714796,0.06419325417166673,0.7091121026946888,1.0
27.0,1,adam,21000,0.1,0.055418094554207674,0.06521071952450955,0.0009816198656078228,0.06422909965890172,0.7085345821002104,1.0
27.0,1,adam,21500,0.1,0.05474611522922239,0.06437694561351709,0.0006212227795557423,0.06375572283396135,0.7106779648701766,1.0
27.0,1,adam,22000,0.1,0.05530384717238756,0.06487946310058453,0.0015087592909131557,0.06337070380967137,0.711398787377269,1.0
27.0,1,adam,22500,0.1,0.05471618040433206,0.06444276979272175,0.0004888704897304517,0.0639538993029913,0.7093904899177054,1.0
27.0,1,adam,23000,0.1,0.05427414848652191,0.06375214085174907,0.0003295776263803207,0.06342256322536875,0.7127005905015958,1.0
27.0,1,adam,23500,0.1,0.054201226091429175,0.06367112164543777,0.00048140698398993996,0.06318971466144783,0.7128117268302548,1.0
27.0,1,adam,24000,0.1,0.054177046704429285,0.06367040322648926,0.0004915635795310139,0.06317883964695825,0.7124823164724304,1.0
27.0,1,adam,24500,0.1,0.05442098096323131,0.06398953329133196,0.0005349085160869493,0.06345462477524501,0.7115016016850404,1.0
27.0,1,adam,25000,0.1,0.05423758488583224,0.06367458381996688,0.0006500512263744534,0.06302453259359242,0.713240534787388,1.0
27.0,1,adam,25500,0.1,0.053990723040697866,0.06335027945771299,0.0004501986155434523,0.06290008084216954,0.7143222694357105,1.0
27.0,1,adam,26000,0.1,0.053999482461663674,0.06339971963246065,0.0005174147568920688,0.06288230487556858,0.7137764893513611,1.0
27.0,1,adam,26500,0.1,0.053963886411080755,0.06334590023234517,0.0005066443695603811,0.06283925586278478,0.7140137378219747,1.0
27.0,1,adam,27000,0.1,0.053886618352372344,0.0632408205130048,0.0004984901858567328,0.06274233032714806,0.7144016727972842,1.0
27.0,1,adam,27500,0.1,0.06258652971220682,0.07439264125575412,0.003418442152984075,0.07097419910277004,0.683605472250049,1.0
27.0,1,adam,28000,0.1,0.05398263922701437,0.06338515239099922,0.0004890601777989705,0.06289609221320025,0.7137419632989511,1.0
27.0,1,adam,28500,0.1,0.053836112842970095,0.0631734638281575,0.0004920815235658997,0.0626813823045916,0.7146067628381256,1.0
27.0,1,adam,29000,0.1,0.05382698146624731,0.06315490429450943,0.0005070615579322872,0.06264784273657714,0.7147482676375856,1.0
27.0,1,adam,29500,0.1,0.053825342467944653,0.06314745455307388,0.0005184600240829486,0.06262899452899094,0.7148257119977729,1.0
27.0,1,adam,30000,0.1,0.05377688579595588,0.0630912359702256,0.0004890666282827647,0.06260216934194283,0.7148987537952481,1.0
27.0,1,adam,30500,0.1,0.05376341112970515,0.06307293703201859,0.0004867251402027071,0.06258621189181589,0.7149592059860801,1.0
27.0,1,adam,31000,0.1,0.05388054149616113,0.06322977872654671,0.0004990502847796203,0.0627307284417671,0.714462765587552,1.0
27.0,1,adam,31500,0.1,0.05375607671004815,0.06306205130792668,0.0004838366550701201,0.06257821465285655,0.7150235720194746,1.0
27.0,1,adam,32000,0.1,0.05387992823780161,0.06322401543590662,0.0005124923905991061,0.06271152304530751,0.7144972503864068,1.0
27.0,1,adam,32500,0.1,0.05383929861427128,0.06312650332670587,0.0006190073273456811,0.06250749599936019,0.7152578111402937,1.0
27.0,1,adam,33000,0.1,0.05368501727918246,0.0629425265098429,0.0005382581775612098,0.06240426833228169,0.7156604157480392,1.0
27.0,1,adam,33500,0.1,0.0536498476979593,0.06293229022291848,0.00044077367982028296,0.06249151654309819,0.7153315562322151,1.0
27.0,1,adam,34000,0.1,0.05377988462479203,0.06300331673895361,0.0007204654878528378,0.06228285125110078,0.7161404480651561,1.0
27.0,1,adam,34500,0.1,0.053642412174006504,0.06285730301956935,0.0005986206173032494,0.0622586824022661,0.7162423261898371,1.0
27.0,1,adam,35000,0.1,0.05377895503982861,0.06310370332480189,0.0004617953691322171,0.06264190795566968,0.7147694679327316,1.0
27.0,1,adam,35500,0.1,0.05366615312772395,0.06288019955591972,0.0006267458520164396,0.06225345370390328,0.71625682908525,1.0
27.0,1,adam,36000,0.1,0.054618640604081246,0.06416368028290191,0.0007357034147722491,0.06342797686812966,0.711801166283353,1.0
27.0,1,adam,36500,0.1,0.05357194383206214,0.06279869352034728,0.0004945618834591825,0.062304131636888097,0.7160967145166629,1.0
27.0,1,adam,37000,0.1,0.0538095083473564,0.06314149897074801,0.00045090170373025216,0.06269059726701776,0.7146707362090859,1.0
27.0,1,adam,37500,0.1,0.05355412106755,0.06270900479428174,0.0006604519193201093,0.062048552874961624,0.7170911114503331,1.0
27.0,1,adam,38000,0.1,0.053550036259490195,0.06279184232965648,0.0004226835898523787,0.0623691587398041,0.7158873865188777,1.0
27.0,1,adam,38500,0.1,0.05347733783295671,0.062652398922696,0.000514349807660435,0.06213804911503557,0.7167864423139713,1.0
27.0,1,adam,39000,0.1,0.05342342024464893,0.06258229471194739,0.0005118429307835554,0.06207045178116383,0.7170066795953592,1.0
27.0,1,adam,39500,0.1,0.05342331286533603,0.06256928381800485,0.0005454114243147344,0.062023872393690116,0.7171813132664064,1.0
27.0,1,adam,40000,0.1,0.053392870716393925,0.06256547863319738,0.00044939571484763107,0.06211608291834974,0.716819566928823,1.0
27.0,1,adam,40500,0.1,0.053420173840485016,0.06256917417339596,0.0005402921563859971,0.06202888201700996,0.7171851045923289,1.0
27.0,1,adam,41000,0.1,0.05343013934622622,0.06253011420365587,0.0006755372546634051,0.06185457694899246,0.7178279859298757,1.0
27.0,1,adam,41500,0.1,0.053339650032111545,0.062436880849697646,0.0005890721139223978,0.06184780873577525,0.7179098886617652,1.0
27.0,1,adam,42000,0.1,0.053323756560265716,0.062479040209661635,0.0004154452463629877,0.06206359496329865,0.7171126009619109,1.0
27.0,1,adam,42500,0.1,0.053280009521722106,0.062371108568708915,0.0005488258834792538,0.061822282685229664,0.7179179530253852,1.0
27.0,1,adam,43000,0.1,0.05323994257613798,0.06230750325705606,0.0005770457646259945,0.061730457492430064,0.7182427570102285,1.0
27.0,1,adam,43500,0.1,0.05331364171430376,0.06246730457892165,0.0004421163980084822,0.06202518818091317,0.7170357317478355,1.0
27.0,1,adam,44000,0.1,0.05414501173076543,0.0635525324343907,0.000637846426899926,0.06291468600749077,0.713586724716221,1.0
27.0,1,adam,44500,0.1,0.05328262079968569,0.06231976565290558,0.0007388612215779753,0.061580904431327604,0.718621674245422,1.0
27.0,1,adam,45000,0.1,0.05313972143953704,0.06212881424747166,0.0007207763501312311,0.06140803789734043,0.7192921687172206,1.0
27.0,1,adam,45500,0.1,0.05300187284584398,0.06198072603670776,0.0006111133305715808,0.06136961270613618,0.7194319290106258,1.0
27.0,1,adam,46000,0.1,0.05304902772161467,0.062083820967402614,0.0005034695965965598,0.06158035137080606,0.7186412933934843,1.0
27.0,1,adam,46500,0.1,0.052545625554882874,0.061401206107188376,0.00046197778648675606,0.06093922832070162,0.7211246271040294,1.0
27.0,1,adam,47000,0.1,0.05202372491769636,0.06071896344829055,0.00034325577831811037,0.06037570766997244,0.7236126673192448,1.0
27.0,1,adam,47500,0.1,0.05114569116599515,0.059455737992428925,0.0005203845494838207,0.05893535344294511,0.729055922408955,1.0
27.0,1,adam,48000,0.1,0.050769190465313314,0.05892698617577747,0.0005706824800626077,0.05835630369571486,0.7311867145654987,1.0
27.0,1,adam,48500,0.1,0.05062570320364277,0.058774909918712315,0.00044516484893790257,0.05832974506977441,0.7312734369159971,1.0
27.0,1,adam,49000,0.1,0.05029637579472593,0.058320681649071865,0.00047262248401130615,0.057848059165060556,0.73312063794868,1.0
27.0,1,adam,49500,0.1,0.05021854094776158,0.05819156308217607,0.0005361954774244703,0.0576553676047516,0.7338858345355134,1.0
27.0,1,adam,50000,0.1,0.05006334663288765,0.05800490432193532,0.00046701712215388837,0.05753788719978143,0.7343923659259172,1.0
27.0,1,adam,50500,0.1,0.05003532301983532,0.057981281412698434,0.00042942181206607626,0.05755185960063236,0.7343473714090665,1.0
27.0,1,adam,51000,0.1,0.0502002283490111,0.05809817028272214,0.000727291217800018,0.05737087906492212,0.7350282022339726,1.0
27.0,1,adam,51500,0.1,0.05015627403148881,0.05810533933205878,0.0005200314937387263,0.057585307838320055,0.7343638345093053,1.0
27.0,1,adam,52000,0.1,0.04975852963827154,0.057547772157786975,0.0005770663545476287,0.056970705803239347,0.7366568405990463,1.0
27.0,1,adam,52500,0.1,0.04987081604011158,0.05776202465149644,0.0004141219108298024,0.05734790274066664,0.7351414917929703,1.0
27.0,1,adam,53000,0.1,0.0495951133409195,0.057344453736462776,0.0005151316385548885,0.056829322097907885,0.7372811102041071,1.0
27.0,1,adam,53500,0.1,0.049533980721323735,0.05727355559827087,0.0004669975463059048,0.05680655805196496,0.7374155702782544,1.0
27.0,1,adam,54000,0.1,0.04958454808530687,0.05732034963964354,0.000553517009481695,0.05676683263016184,0.7375134702398042,1.0
27.0,1,adam,54500,0.1,0.05054791521140163,0.058364835056642944,0.0013266891441075152,0.05703814591253543,0.7362983179991791,1.0
27.0,1,adam,55000,0.1,0.04947620954051883,0.057188128389657644,0.0004990360858463646,0.05668909230381128,0.7378018772892815,1.0
27.0,1,adam,55500,0.1,0.04952456565799083,0.05722912525370176,0.0005771557907748914,0.05665196946292687,0.73791760474606,1.0
27.0,1,adam,56000,0.1,0.04976809428227204,0.05749024634004706,0.0007967931796556043,0.056693453160391455,0.7376470923895265,1.0
27.0,1,adam,56500,0.1,0.049520461101898616,0.057245114285800175,0.000541316102758885,0.05670379818304129,0.7376071096067086,1.0
27.0,1,adam,57000,0.1,0.04940471031186169,0.057099204704185426,0.00048181679272918095,0.05661738791145624,0.7380495580196145,1.0
27.0,1,adam,57500,0.1,0.04977594544597078,0.05764357489535608,0.0003483656181202966,0.05729520927723578,0.7354472540493824,1.0
27.0,1,adam,58000,0.1,0.049503380403084336,0.05726105629488387,0.00039540075988261415,0.05686565553500126,0.7370961367621812,1.0
27.0,1,adam,58500,0.1,0.04941442442783864,0.05708715808406727,0.0005763239811085858,0.056510834102958686,0.7383880981824663,1.0
27.0,1,adam,59000,0.1,0.049482269973523396,0.05718547960170578,0.000583440048980989,0.05660203955272479,0.7379416029858027,1.0
27.0,1,adam,59500,0.1,0.04979794376355435,0.05752944223406066,0.0008606751663793346,0.05666876706768133,0.737543823668134,1.0
27.0,1,adam,59999,0.1,0.04937389634904243,0.05710681437475452,0.0003187094805341057,0.05678810489422041,0.7374614731339895,1.0
27.0,1,lbfgs,0,,,0.05627779681588411,0.0005812025018289162,0.055696594314055194,,
27.0,1,lbfgs,1,,,0.054533760437191596,0.0005478095316224534,0.053985950905569145,,
27.0,1,lbfgs,2,,,0.03692716204486543,0.00023877369552700498,0.03668838834933843,,
27.0,1,lbfgs,3,,,0.017046097382276235,2.0922095723437295e-05,0.0170251752865528,,
27.0,1,lbfgs,4,,,0.01055099178952579,3.523123097356046e-06,0.010547468666428434,,
27.0,1,lbfgs,5,,,0.004991920755271594,8.816085405142692e-06,0.004983104669866451,,
27.0,2,adam,0,0.01,2.338878348907061,2.3388946006175395,2.3311122978235037,0.007782302794035828,0.9958142441923632,1.0
27.0,2,adam,500,1.0,0.024236613540968174,0.6267343662025866,0.0027168826572890885,0.6240174835452975,2.5578947963560568e-15,0.011111111111111112
27.0,2,adam,1000,1.0,0.019183585375602323,0.48550615356963656,9.319313528309987e-05,0.48541296043435345,4.5203824754179285e-12,0.07592592592592592
27.0,2,adam,1500,1.0,0.01898502588221047,0.23078130280955783,0.0002344145308406875,0.23054688827871714,4.100719447642633e-06,0.07407407407407407
27.0,2,adam,2000,1.0,0.018927768920936536,0.1862322670290338,0.0001894374119203554,0.18604282961711346,4.4621545340822906e-05,0.07592592592592592
27.0,2,adam,2500,1.0,0.018940046575742824,0.16829263085029122,0.00019015574149705002,0.16810247510879417,0.00011683131709218628,0.07777777777777778
27.0,2,adam,3000,1.0,0.019454296223034403,0.16047640202933613,0.000695110037896445,0.1597812919914397,0.00018264608167763318,0.07962962962962963
27.0,2,adam,3500,1.0,0.019067321370678923,0.15550506472106634,0.00030001438430015727,0.15520505033676618,0.00023359439382209212,0.07962962962962963
27.0,2,adam,4000,1.0,0.01937966169241161,0.15321639229702252,0.0006098068497482876,0.15260658544727423,0.00026858437151149734,0.07962962962962963
27.0,2,adam,4500,1.0,0.019123012018541392,0.1510937369261917,0.0003598360718831319,0.15073390085430857,0.00029687837173517323,0.07962962962962963
27.0,2,adam,5000,1.0,0.01935562822248022,0.14979199888430578,0.0005900440874516352,0.14920195479685414,0.00032237705225407834,0.07962962962962963
27.0,2,adam,5500,1.0,0.01895338328834755,0.14824801371452265,0.00019371621915136264,0.14805429749537127,0.0003427578271040335,0.07962962962962963
27.0,2,adam,6000,1.0,0.019278067830649406,0.14758911660716623,0.0005183247780304913,0.14707079182913574,0.00036135291975361453,0.07962962962962963
27.0,2,adam,6500,1.0,0.019292890906338,0.14703034983442834,0.0005352214646101185,0.1464951283698182,0.00037264612764479314,0.07962962962962963
27.0,2,adam,7000,1.0,0.018979768965664442,0.14620839377970457,0.0002262882092780492,0.1459821055704265,0.0003829681233496455,0.07962962962962963
27.0,2,adam,7500,1.0,0.0189602829790628,0.1455401844728608,0.0002088704906526923,0.1453313139822081,0.000396565484798906,0.07962962962962963
27.0,2,adam,8000,1.0,0.018939939089046096,0.1455345873658913,0.00018921360828576343,0.14534537375760553,0.0003962213964467922,0.07962962962962963
27.0,2,adam,8500,1.0,0.0189937697269667,0.14514728640409386,0.0002453282880652722,0.14490195811602857,0.00040573653701810644,0.07962962962962963
27.0,2,adam,9000,1.0,0.019175235889339778,0.1449576351218337,0.0004225584743844361,0.14453507664744927,0.0004139203504055234,0.07962962962962963
27.0,2,adam,9500,1.0,0.018985488244276684,0.144534421235043,0.00023655385596771947,0.1442978673790753,0.0004191436479582543,0.07962962962962963
27.0,2,adam,10000,1.0,0.018942078583111876,0.14413632377811977,0.00019080814156174897,0.14394551563655802,0.0004272239786561295,0.07962962962962963
27.0,2,adam,10500,1.0,0.019162984882187935,0.1447533206729974,0.00041422554366377546,0.14433909512933363,0.0004181728554052228,0.07962962962962963
27.0,2,adam,11000,1.0,0.019069432963749258,0.14425720149146307,0.0003148617025748346,0.14394233978888823,0.0004273493865891167,0.07962962962962963
27.0,2,adam,11500,1.0,0.018979049344422388,0.143956051870859,0.00022750414596036913,0.14372854772489863,0.00043222886162680625,0.07962962962962963
27.0,2,adam,12000,1.0,0.019191747047660628,0.14410678491717366,0.0004354284309062885,0.14367135648626736,0.000433645745635316,0.07962962962962963
27.0,2,adam,12500,1.0,0.01895681639846561,0.14362501207160316,0.00020430152451993432,0.14342071054708322,0.00043946392660889813,0.07962962962962963
27.0,2,adam,13000,1.0,0.019076347171847786,0.14367322200473726,0.0003209894536519351,0.1433522325510853,0.00044115260377059347,0.07962962962962963
27.0,2,adam,13500,1.0,0.018941463521550704,0.14351606956790283,0.000187867113366525,0.1433282024545363,0.0004416845768376283,0.07962962962962963
27.0,2,adam,14000,1.0,0.019022376931797307,0.14343775536174996,0.00026670306144165593,0.1431710523003083,0.0004454932682305054,0.07962962962962963
27.0,2,adam,14500,1.0,0.019250610895952133,0.14445597168788502,0.0005001962512733975,0.14395577543661162,0.00042690487066174184,0.07962962962962963
27.0,2,adam,15000,1.0,0.018933694156730813,0.14426611248112825,0.00017824175489268177,0.14408787072623558,0.000423973378788931,0.07962962962962963
27.0,2,adam,15500,1.0,0.01904871833842101,0.14425588508704262,0.00029647489881783637,0.14395941018822478,0.0004268709045950333,0.07962962962962963
27.0,2,adam,16000,1.0,0.01929292747240054,0.14436298681546192,0.0005428859078444877,0.14382010090761743,0.0004300359287955848,0.07962962962962963
27.0,2,adam,16500,1.0,0.01921080211664659,0.14369396113694538,0.0004547051729992446,0.14323925596394613,0.000443885768437517,0.07962962962962963
27.0,2,adam,17000,1.0,0.018960696579223214,0.14332265227594632,0.00020823169886856574,0.14311442057707774,0.00044679847475380256,0.07962962962962963
27.0,2,adam,17500,1.0,0.018963093508649224,0.1432464037702161,0.00020969874149156378,0.14303670502872454,0.00044870897590152206,0.07962962962962963
27.0,2,adam,18000,1.0,0.0190753040766484,0.14358984728411678,0.0003240230146722829,0.1432658242694445,0.000443164049135441,0.07962962962962963
27.0,2,adam,18500,1.0,0.01890930368004087,0.1437409413992526,0.00015603592660147725,0.1435849054726511,0.000435653106412837,0.07962962962962963
27.0,2,adam,19000,1.0,0.018937151318938167,0.14367766624472922,0.00018510141973387023,0.14349256482499534,0.0004378053468085265,0.07962962962962963
27.0,2,adam,19500,1.0,0.018925995123498036,0.143558524580053,0.0001736978389024165,0.14338482674115058,0.00044038800504377166,0.07962962962962963
27.0,2,adam,20000,1.0,0.0190431814839653,0.14395469284040055,0.0002873022013336309,0.14366739063906692,0.00043383544558610955,0.07962962962962963
27.0,2,adam,20500,1.0,0.01909608040868475,0.1437283069631166,0.0003410586355952388,0.14338724832752134,0.00044042398753659087,0.07962962962962963
27.0,2,adam,21000,1.0,0.018959598259591478,0.14353087378804247,0.00020592864048285411,0.1433249451475596,0.0004419053533715313,0.07962962962962963
27.0,2,adam,21500,1.0,0.01894933267599797,0.14334645334429105,0.0001976539735881229,0.14314879937070293,0.00044609213616630163,0.07962962962962963
27.0,2,adam,22000,1.0,0.018947694344049554,0.14332811908596135,0.0001963538281945946,0.14313176525776675,0.0004464971251547415,0.07962962962962963
27.0,2,adam,22500,1.0,0.018910676822586465,0.1433491151620916,0.00015955890469958436,0.143189556257392,0.00044511075593376976,0.07962962962962963
27.0,2,adam,23000,1.0,0.018932104027078733,0.14342176537904117,0.00018213419059010812,0.14323963118845107,0.0004439069894869024,0.07962962962962963
27.0,2,adam,23500,1.0,0.018898955534654364,0.14346330437459753,0.0001461712466105129,0.14331713312798702,0.00044212578708261835,0.07962962962962963
27.0,2,adam,24000,1.0,0.018949260389607866,0.14322048880823687,0.00019901474914259671,0.14302147405909427,0.00044920151044539134,0.07962962962962963
27.0,2,adam,24500,1.0,0.019152340170406217,0.14360367907121593,0.0003980112845660865,0.14320566778664984,0.00044487791947205306,0.07962962962962963
27.0,2,adam,25000,1.0,0.018939937149792932,0.14301876283741602,0.0001886126528216132,0.1428301501845944,0.0004539291878401091,0.07962962962962963
27.0,2,adam,25500,1.0,0.018929481531449386,0.1431501618034367,0.00017764681338022082,0.14297251499005648,0.00045046656980933937,0.07962962962962963
27.0,2,adam,26000,1.0,0.01896800929490191,0.14292163658198004,0.00021728531435973592,0.1427043512676203,0.0004570670525796842,0.07962962962962963
27.0,2,adam,26500,1.0,0.01895186830133169,0.14285270775303477,0.00020029671395232367,0.14265241103908244,0.00045839081795912424,0.07962962962962963
27.0,2,adam,27000,1.0,0.018931955102788663,0.14257156516644248,0.00018232321439263767,0.14238924195204986,0.00046492679290229395,0.07962962962962963
27.0,2,adam,27500,1.0,0.018961318442056868,0.1423481376306166,0.00021160756514437655,0.14213653006547222,0.00047135686240624855,0.07962962962962963
27.0,2,adam,28000,1.0,0.019091853671775877,0.14230822030419762,0.00034303577864937154,0.14196518452554827,0.0004757620332718972,0.07962962962962963
27.0,2,adam,28500,1.0,0.019085512954393234,0.1421079022079187,0.0003340997536479098,0.1417738024542708,0.0004808088198943767,0.07962962962962963
27.0,2,adam,29000,1.0,0.018939528025629124,0.14156390250848147,0.00019022770622778305,0.14137367480225368,0.0004913353165262138,0.07962962962962963
27.0,2,adam,29500,1.0,0.01893002628999387,0.14130813837800257,0.00018289151604622495,0.14112524686195635,0.0004979567057939862,0.07962962962962963
27.0,2,adam,30000,1.0,0.018977515554387377,0.14114366587997765,0.00023001743941292895,0.14091364844056473,0.0005037710363154797,0.07962962962962963
27.0,2,adam,30500,1.0,0.018994826052277283,0.13997690035423982,0.0002478657794702198,0.1397290345747696,0.0005371147770009283,0.07962962962962963
27.0,2,adam,31000,1.0,0.019169731970328813,0.14022667263337577,0.00041913975723128095,0.13980753287614447,0.0005350778217293452,0.07962962962962963
27.0,2,adam,31500,1.0,0.018930233674637247,0.13913383974741003,0.00018507199390503125,0.138948767753505,0.0005604352412807581,0.07962962962962963
27.0,2,adam,32000,1.0,0.01892627953835852,0.13877001155473034,0.00017929788081925561,0.1385907136739111,0.0005716709394485054,0.07962962962962963
27.0,2,adam,32500,1.0,0.018941217831000726,0.13723114799705377,0.0001961112456030327,0.13703503675145073,0.0006216996332606158,0.07962962962962963
27.0,2,adam,33000,1.0,0.019046575903295206,0.13664937562442211,0.00030475208899091364,0.1363446235354312,0.0006453539374252997,0.07962962962962963
27.0,2,adam,33500,1.0,0.019028158638338104,0.13609747280865017,0.0002813548001223174,0.13581611800852786,0.0006645001819602555,0.07962962962962963
27.0,2,adam,34000,1.0,0.018931094390273486,0.13511345846277223,0.00018689512382328357,0.13492656333894895,0.00069714429271859,0.07962962962962963
27.0,2,adam,34500,1.0,0.01892340140152946,0.13560993830067003,0.00018037088890465885,0.13542956741176537,0.0006786486449383358,0.07962962962962963
27.0,2,adam,35000,1.0,0.0189301252083954,0.13480801232230696,0.00018642191411978191,0.1346215904081872,0.0007088434833574923,0.07962962962962963
27.0,2,adam,35500,1.0,0.018936692037520735,0.13441290399488035,0.0001924505313601609,0.13422045346352018,0.0007244578501541346,0.07962962962962963
27.0,2,adam,36000,1.0,0.018931298380577825,0.13441436404821153,0.0001862183027944228,0.1342281457454171,0.0007242573659575128,0.07962962962962963
27.0,2,adam,36500,1.0,0.018926555865048534,0.13424725190371495,0.00018316254087057948,0.13406408936284436,0.0007305738824832665,0.07962962962962963
27.0,2,adam,37000,1.0,0.018929563769210737,0.13427353871477934,0.00018660314636495304,0.1340869355684144,0.0007295370914441449,0.07962962962962963
27.0,2,adam,37500,1.0,0.018944867585335666,0.13409075901755932,0.0002022977387369542,0.13388846127882237,0.0007372789557170189,0.07962962962962963
27.0,2,adam,38000,1.0,0.018917637266573365,0.13445035691867416,0.00017295702730635927,0.1342773998913678,0.00072158797445266,0.07962962962962963
27.0,2,adam,38500,1.0,0.018941855487299385,0.13406076814449067,0.00019839203024022692,0.13386237611425045,0.000738465925599098,0.07962962962962963
27.0,2,adam,39000,1.0,0.01892486255223926,0.13434133796696587,0.0001801685381680723,0.1341611694287978,0.0007266651374696445,0.07962962962962963
27.0,2,adam,39500,1.0,0.019010345257181257,0.1339427318671379,0.00026829870354742825,0.13367443316359048,0.000746018070038236,0.07962962962962963
27.0,2,adam,40000,1.0,0.018955874928163398,0.1343039311695089,0.00021169591354929876,0.1340922352559596,0.000729315795722888,0.07962962962962963
27.0,2,adam,40500,1.0,0.018954786435971607,0.13445046848449976,0.00021172991209385397,0.1342387385724059,0.0007243660147314774,0.07962962962962963
27.0,2,adam,41000,1.0,0.018925369866850797,0.13455010242287072,0.0001834287824765326,0.13436667364039417,0.0007188339655457532,0.07962962962962963
27.0,2,adam,41500,1.0,0.01892569993721651,0.13418046030530717,0.00018303316174374818,0.1339974271435634,0.0007331924394368547,0.07962962962962963
27.0,2,adam,42000,1.0,0.01892672797396054,0.13415796623463633,0.0001825235366125539,0.13397544269802378,0.0007343448639279317,0.07962962962962963
27.0,2,adam,42500,1.0,0.018948456097365857,0.13415458253500698,0.00020559443199378403,0.1339489881030132,0.0007350115775858677,0.07962962962962963
27.0,2,adam,43000,1.0,0.018986231380833378,0.13421956737512408,0.0002441730397510749,0.133975394335373,0.0007342607013174419,0.07962962962962963
27.0,2,adam,43500,1.0,0.019030394934523652,0.1343423075592379,0.0002871738823741599,0.13405513367686375,0.0007314443431976586,0.07962962962962963
27.0,2,adam,44000,1.0,0.01921080931732869,0.13559620219761787,0.0004629917589263085,0.13513321043869156,0.00069027477352325,0.07962962962962963
27.0,2,adam,44500,1.0,0.01910184168996149,0.13417594475018318,0.00036060947807215604,0.13381533527211104,0.0007401146212445535,0.07962962962962963
27.0,2,adam,45000,1.0,0.01893269816055317,0.13383486852720103,0.00019017547181368177,0.13364469305538734,0.0007473283273760769,0.07962962962962963
27.0,2,adam,45500,1.0,0.018987996806535554,0.13442893108332288,0.00024232294005199453,0.13418660814327088,0.0007261014445316936,0.07962962962962963
27.0,2,adam,46000,1.0,0.018909770291107072,0.13386315273055624,0.00016704109440671938,0.13369611163614953,0.0007452218367269978,0.07962962962962963
27.0,2,adam,46500,1.0,0.018960644424229976,0.13407158379282746,0.0002166570723379207,0.13385492672048954,0.0007388811982603708,0.07962962962962963
27.0,2,adam,47000,1.0,0.019003245318706268,0.1343723932182963,0.0002581316230021376,0.13411426159529416,0.0007286490057253887,0.07962962962962963
27.0,2,adam,47500,1.0,0.019062010495108493,0.1335537078286208,0.00032209790220269615,0.1332316099264181,0.0007635815309235203,0.07962962962962963
27.0,2,adam,48000,1.0,0.01892332160616305,0.1346421752673594,0.00018268153590671757,0.13445949373145266,0.000715260220741861,0.07962962962962963
27.0,2,adam,48500,1.0,0.018924924822632302,0.13418271535287024,0.00018301938776676255,0.13399969596510347,0.0007331463048951151,0.07962962962962963
27.0,2,adam,49000,1.0,0.018925561091262616,0.13397718705133319,0.00018297478506407194,0.1337942122662691,0.0007413241513409889,0.07962962962962963
27.0,2,adam,49500,1.0,0.018925590186685687,0.13391162464902978,0.00018261209504091613,0.13372901255398886,0.0007439815390026949,0.07962962962962963
27.0,2,adam,50000,1.0,0.018932051847985302,0.13387555823643318,0.00018855166422791062,0.13368700657220528,0.0007457850554149501,0.07962962962962963
27.0,2,adam,50500,1.0,0.018936003868069266,0.13374738593084864,0.0001937853005219831,0.13355360063032667,0.0007508838707379687,0.07962962962962963
27.0,2,adam,51000,1.0,0.018962846938691075,0.13372958039486751,0.00022171007827503697,0.13350787031659248,0.0007528228738950773,0.07962962962962963
27.0,2,adam,51500,1.0,0.018934540042317143,0.13396346045243826,0.00019129204296782493,0.13377216840947043,0.0007422046678065404,0.07962962962962963
27.0,2,adam,52000,1.0,0.018941283744429882,0.1339402160129141,0.00019737868414941456,0.13374283732876469,0.0007435960100948564,0.07962962962962963
27.0,2,adam,52500,1.0,0.01894541033106381,0.13367674067950194,0.00020452362701337955,0.13347221705248857,0.0007540762561395477,0.07962962962962963
27.0,2,adam,53000,1.0,0.018967817766573514,0.13335215767976388,0.00022692579147390703,0.13312523188828998,0.0007690287177252176,0.07962962962962963
27.0,2,adam,53500,1.0,0.018932755218596383,0.13412473885251058,0.00018951334327424625,0.13393522550923634,0.0007358859874124105,0.07962962962962963
27.0,2,adam,54000,1.0,0.01894291169482257,0.1336256022674136,0.00020199741961761413,0.13342360484779597,0.0007560616137702339,0.07962962962962963
27.0,2,adam,54500,1.0,0.018938901444203193,0.13358133801931446,0.00019807697674119361,0.13338326104257325,0.0007575195055199864,0.07962962962962963
27.0,2,adam,55000,1.0,0.019017568021026863,0.13303271180766313,0.00027629166134437007,0.13275642014631875,0.0007837845827264106,0.07962962962962963
27.0,2,adam,55500,1.0,0.018923789733476335,0.13365374728096804,0.0001830361366933045,0.13347071114427475,0.0007543916558484515,0.07962962962962963
27.0,2,adam,56000,1.0,0.01893362506601758,0.1336122440158074,0.00019062878521401512,0.1334216152305934,0.0007561849336736498,0.07962962962962963
27.0,2,adam,56500,1.0,0.018941559065000065,0.13382423410144537,0.0001986231014176038,0.13362561100002776,0.0007482887817165643,0.07962962962962963
27.0,2,adam,57000,1.0,0.019019320301924474,0.1329684412297265,0.0002798883422596693,0.13268855288746684,0.0007865312018165043,0.07962962962962963
27.0,2,adam,57500,1.0,0.0190565598365275,0.13424896291177474,0.0003110448136421041,0.13393791809813263,0.0007368872722417107,0.07962962962962963
27.0,2,adam,58000,1.0,0.019133250133415977,0.13341770137843517,0.000395121399476789,0.1330225799789584,0.0007724999300758744,0.07962962962962963
27.0,2,adam,58500,1.0,0.018926039488504437,0.13350786994467792,0.00018412399102471166,0.1333237459536532,0.0007603408064670162,0.07962962962962963
27.0,2,adam,59000,1.0,0.018974555580082007,0.1332743417320952,0.00023198237602692318,0.13304235935606828,0.0007733822236619545,0.07962962962962963
27.0,2,adam,59500,1.0,0.018923642927427372,0.13368620307569687,0.0001830353690453638,0.1335031677066515,0.0007530853178686178,0.07962962962962963
27.0,2,adam,59999,1.0,0.018924213892090848,0.13358691887320143,0.00018307698412682518,0.13340384188907461,0.0007571678042351144,0.07962962962962963
27.0,2,lbfgs,0,,,0.06952910813278992,0.0006651963012268309,0.0688639118315631,,
27.0,2,lbfgs,1,,,0.06860687460014493,0.0006248565133883731,0.06798201808675657,,
27.0,2,lbfgs,2,,,0.06784118615203125,0.0006231729197226011,0.06721801323230865,,
27.0,2,lbfgs,3,,,0.0676614776698763,0.0006213687267057244,0.06704010894317058,,
27.0,2,lbfgs,4,,,0.0675278682826019,0.0006174108530580377,0.06691045742954387,,
40.0,0,adam,0,0.01,1.7349368892197359,1.7351645368664117,1.7112104307919258,0.02395410607448591,0.981070866716782,1.0
40.0,0,adam,500,0.01,0.03358614782083267,0.03398164229712331,0.0008206434699811653,0.033160998827142144,0.974757728776288,1.0
40.0,0,adam,1000,0.01,0.026419554085890112,0.026683695258492016,0.0003406284752570877,0.02634306678323493,0.9793742620613696,1.0
40.0,0,adam,1500,0.01,0.026191859035395747,0.026428947416031412,0.0017344142934433572,0.024694533122588055,0.980454387365328,1.0
40.0,0,adam,2000,0.01,0.023720273971667614,0.02394240367232248,8.256848185043274e-05,0.023859835190472047,0.9811167363313078,1.0
40.0,0,adam,2500,0.01,0.02304941564278634,0.023256889288655287,0.0002330383171357138,0.02302385097151957,0.9817749676628622,1.0
40.0,0,adam,3000,0.01,0.022070753915372828,0.022265542673742283,8.121424191203768e-06,0.02225742124955108,0.9823422061402491,1.0
40.0,0,adam,3500,0.01,0.02169045018139913,0.021875744795742,0.00019829469254049835,0.0216774501032015,0.9827767406221013,1.0
40.0,0,adam,4000,0.01,0.021293149972495297,0.021474179112151326,5.0567205675714685e-05,0.021423611906475612,0.9829787442277046,1.0
40.0,0,adam,4500,0.01,0.021121733229860166,0.02130067143543444,1.0845853686195865e-05,0.02128982558174824,0.983078721958424,1.0
40.0,0,adam,5000,0.01,0.0212193005140862,0.021397184190389846,0.00017819651592437447,0.02121898767446547,0.98312871721099,1.0
40.0,0,adam,5500,0.01,0.02140292836614224,0.021580615680257022,0.0003628234712115022,0.02121779220904552,0.9831409248971503,1.0
40.0,0,adam,6000,0.01,0.021137688263075383,0.021314311615332513,0.0001748986251479093,0.021139412990184604,0.9831880700908574,1.0
40.0,0,adam,6500,0.01,0.021058842378237113,0.021235403414716365,9.770739238575505e-05,0.02113769602233061,0.9831918185266979,1.0
40.0,0,adam,7000,0.01,0.0209704078306296,0.021146813528610715,2.0370179810966656e-05,0.021126443348799748,0.9831990701498011,1.0
40.0,0,adam,7500,0.01,0.021094301431024965,0.021270816376187846,0.00013669436824017878,0.02113412200794767,0.983195401616482,1.0
40.0,0,adam,8000,0.01,0.02097045673134849,0.021146863240106954,2.1866931861129968e-05,0.021124996308245825,0.9832002248160255,1.0
40.0,0,adam,8500,0.01,0.0211492398777934,0.021325585278240973,0.0002073345907071073,0.021118250687533865,0.983201926740116,1.0
40.0,0,adam,9000,0.01,0.021346230570395815,0.021522718227814323,0.0003931300851100706,0.021129588142704252,0.9831967443086191,1.0
40.0,0,adam,9500,0.01,0.020958205294349313,0.021134471931946047,2.1617260688687505e-05,0.02111285467125736,0.9832065733747796,1.0
40.0,0,adam,10000,0.01,0.020990860696048587,0.021167042458272427,5.941889530461524e-05,0.021107623562967814,0.9832101878245164,1.0
40.0,0,adam,10500,0.01,0.02093729230434373,0.021113424905855046,9.821523113558968e-06,0.021103603382741486,0.983212790304145,1.0
40.0,0,adam,11000,0.01,0.02117893223485216,0.021355455692829237,0.00022824102013787562,0.021127214672691363,0.9831943420189388,1.0
40.0,0,adam,11500,0.01,0.020927965785030575,0.021104057665584076,2.8673226066643107e-06,0.021101190342977413,0.9832147629477308,1.0
40.0,0,adam,12000,0.01,0.02094081351330157,0.021116917552561086,1.6468979246422366e-05,0.021100448573314664,0.9832141354995118,1.0
40.0,0,adam,12500,0.01,0.021024436274025903,0.021200556610323128,9.917957730681899e-05,0.02110137703301631,0.9832139532110461,1.0
40.0,0,adam,13000,0.01,0.02095629691684588,0.021132409807437774,3.340554951725451e-05,0.02109900425792052,0.9832126035857578,1.0
40.0,0,adam,13500,0.01,0.02099163115141734,0.0211678590261398,6.0951015634157305e-05,0.021106908010505642,0.9832089857203015,1.0
40.0,0,adam,14000,0.01,0.021028463985425606,0.02120470036651236,9.371002641874033e-05,0.02111099034009362,0.9832095939080532,1.0
40.0,0,adam,14500,0.01,0.02103215204354401,0.02120833298744314,0.00010345058884164197,0.021104882398601497,0.9832107302977202,1.0
40.0,0,adam,15000,0.01,0.02100493249167373,0.021181218691323604,7.015458288754233e-05,0.02111106410843606,0.98320513190992,1.0
40.0,0,adam,15500,0.01,0.020933915335824508,0.02111011656999809,5.438340069366317e-06,0.021104678229928724,0.9832085293529693,1.0
40.0,0,adam,16000,0.01,0.02092140090074129,0.021097410775210552,5.162172257419891e-06,0.021092248602953133,0.9832185367133952,1.0
40.0,0,adam,16500,0.01,0.020950385776663978,0.021126383900487152,3.435130867727625e-05,0.021092032591809876,0.9832193056625643,1.0
40.0,0,adam,17000,0.01,0.02094860084330359,0.021124716968599248,2.386068706170609e-05,0.02110085628153754,0.9832121588615136,1.0
40.0,0,adam,17500,0.01,0.020916104796315782,0.021092078729197536,2.5436388870725346e-06,0.021089535090310463,0.9832206236375786,1.0
40.0,0,adam,18000,0.01,0.021003722792449418,0.021179700304068023,8.933562819132944e-05,0.021090364675876695,0.9832202664688562,1.0
40.0,0,adam,18500,0.01,0.02101244011615456,0.021188425688256293,9.84759535594244e-05,0.02108994973469687,0.9832199607720715,1.0
40.0,0,adam,19000,0.01,0.02092141397743055,0.021097401402717826,6.033356965153129e-06,0.02109136804575267,0.9832204447678353,1.0
40.0,0,adam,19500,0.01,0.020930894424463685,0.021106862535705952,1.8552694625368555e-05,0.021088309841080583,0.9832209663075648,1.0
40.0,0,adam,20000,0.01,0.021068959279389957,0.021245063300789548,0.0001467032663965388,0.02109836003439301,0.9832149640274295,1.0
40.0,0,adam,20500,0.01,0.02111234687967972,0.021288400558919198,0.00019768229587315865,0.02109071826304604,0.9832158809071011,1.0
40.0,0,adam,21000,0.01,0.02113797539051734,0.02131418442307777,0.00021283590347893468,0.021101348519598835,0.9832095978744213,1.0
40.0,0,adam,21500,0.01,0.0210303391139998,0.021206759996661367,9.264670425907297e-05,0.021114113292402294,0.9831985108813984,1.0
40.0,0,adam,22000,0.01,0.02110896777207494,0.02128533985644656,0.00017422918841064231,0.021111110668035917,0.9832022964842034,1.0
40.0,0,adam,22500,0.01,0.020917363662222875,0.021093325328648316,7.843569111067416e-06,0.02108548175953725,0.98322134298461,1.0
40.0,0,adam,23000,0.01,0.02099401163620585,0.021170026584594423,8.067954121942712e-05,0.021089347043374996,0.983218723230772,1.0
40.0,0,adam,23500,0.01,0.02114414671659144,0.021321241493076824,0.00017307098415365467,0.02114817050892317,0.9831680186798943,1.0
40.0,0,adam,24000,0.01,0.02094663501565069,0.021122601538054713,3.7777772806233145e-05,0.02108482376524848,0.9832203805274826,1.0
40.0,0,adam,24500,0.01,0.020909617622736108,0.02108559366869213,6.700142504981053e-07,0.02108492365444163,0.9832205809454815,1.0
40.0,0,adam,25000,0.01,0.020920154035250233,0.021096141846043626,1.0891481945249342e-05,0.021085250364098376,0.9832200324665271,1.0
40.0,0,adam,25500,0.01,0.020919910818489235,0.021095955936717658,8.083354464742011e-06,0.021087872582252917,0.9832161241414311,1.0
40.0,0,adam,26000,0.01,0.020909925470604215,0.021085923286592236,8.894663451883172e-07,0.021085033820247047,0.9832195314795208,1.0
40.0,0,adam,26500,0.01,0.020962876601780357,0.021139223463401795,3.392973760554856e-05,0.021105293725796247,0.9832047297918454,1.0
40.0,0,adam,27000,0.01,0.02092891240310945,0.021104949078760774,1.913048709146778e-05,0.021085818591669307,0.983216994333631,1.0
40.0,0,adam,27500,0.01,0.02092983369119984,0.021105939149721784,1.4892722686469889e-05,0.021091046427035316,0.9832147950658124,1.0
40.0,0,adam,28000,0.01,0.021055552367419135,0.02123170295038774,0.00013733294639349462,0.021094370003994244,0.9832120050999854,1.0
40.0,0,adam,28500,0.01,0.021079915716795017,0.02125647581229261,0.00013705994697271482,0.021119415865319895,0.983193511593373,1.0
40.0,0,adam,29000,0.01,0.02121917199087103,0.02139518906321062,0.0003111964411555457,0.021083992622055073,0.9832171493897456,1.0
40.0,0,adam,29500,0.01,0.020906292278880873,0.02108227853672184,7.12351250680227e-07,0.02108156618547116,0.9832196460240609,1.0
40.0,0,adam,30000,0.01,0.021010220320878157,0.021186335087367364,9.773835919675629e-05,0.021088596728170608,0.9832135613763693,1.0
40.0,0,adam,30500,0.01,0.020951637030238775,0.021127673657535807,4.3379974720275704e-05,0.02108429368281553,0.9832177989878725,1.0
40.0,0,adam,31000,0.01,0.0211960883232024,0.021372234115569336,0.0002813007145664938,0.02109093340100284,0.9832128681569502,1.0
40.0,0,adam,31500,0.01,0.021056089323698218,0.021232193439888424,0.0001468684737727399,0.021085324966115683,0.9832142696806092,1.0
40.0,0,adam,32000,0.01,0.020909229990495274,0.0210852501769901,4.517487233360966e-06,0.02108073268975674,0.9832174520058158,1.0
40.0,0,adam,32500,0.01,0.020998679302428738,0.02117466773488015,9.681678471025216e-05,0.0210778509501699,0.9832181903759425,1.0
40.0,0,adam,33000,0.01,0.02095390133067955,0.021129900041443325,5.228314380816687e-05,0.021077616897635158,0.9832178319817756,1.0
40.0,0,adam,33500,0.01,0.02090239538462024,0.021078403477366888,1.5055976449135055e-06,0.021076897879721973,0.9832174043094499,1.0
40.0,0,adam,34000,0.01,0.0209530610226821,0.02112912218068291,4.905555229220999e-05,0.0210800666283907,0.983215740172565,1.0
40.0,0,adam,34500,0.01,0.021065288643389884,0.021241412675172783,0.0001592561138993615,0.02108215656127342,0.9832116299499866,1.0
40.0,0,adam,35000,0.01,0.02090938389268401,0.021085382489857477,1.2229706031705774e-05,0.021073152783825773,0.9832168467396305,1.0
40.0,0,adam,35500,0.01,0.020913533581839262,0.021089571312149287,1.4126408090733518e-05,0.021075444904058552,0.983213725381317,1.0
40.0,0,adam,36000,0.01,0.020910393341694637,0.02108643093589403,1.4910253091540863e-05,0.021071520682802488,0.9832145786044986,1.0
40.0,0,adam,36500,0.01,0.02090294247163997,0.021079057095909678,5.944468138518428e-06,0.02107311262777116,0.9832094762383619,1.0
40.0,0,adam,37000,0.01,0.021192408522418913,0.021368494719057513,0.0002978882629975727,0.021070606456059942,0.9832086394158919,1.0
40.0,0,adam,37500,0.01,0.02091150135161449,0.021087610601278,1.8491166096968837e-05,0.02106911943518103,0.983210671376939,1.0
40.0,0,adam,38000,0.01,0.020902137081720253,0.021078222968725094,1.3320633176364128e-05,0.02106490233554873,0.9832101965989364,1.0
40.0,0,adam,38500,0.01,0.020915615874422366,0.021091716971203874,2.7727850963566655e-05,0.02106398912024031,0.9832095088669908,1.0
40.0,0,adam,39000,0.01,0.020901909920963385,0.021077999428245026,1.7638105896332372e-05,0.021060361322348693,0.9832083813921405,1.0
40.0,0,adam,39500,0.01,0.020970670059951672,0.02114698706416679,7.203531882930001e-05,0.021074951745337488,0.9831969524601709,1.0
40.0,0,adam,40000,0.01,0.020948280118392202,0.021124409129756112,6.418723802900125e-05,0.021060221891727113,0.9832061615329735,1.0
40.0,0,adam,40500,0.01,0.020941461989470007,0.021117623367782175,5.6706973893210375e-05,0.021060916393888966,0.983205263922757,1.0
40.0,0,adam,41000,0.01,0.020945319888787263,0.02112143509481433,6.557852988115758e-05,0.021055856564933174,0.9832057446673558,1.0
40.0,0,adam,41500,0.01,0.02093390395999727,0.021110041015706273,5.643450144723526e-05,0.021053606514259037,0.9832040052536316,1.0
40.0,0,adam,42000,0.01,0.020957526247663057,0.021133711211232094,7.791018048508841e-05,0.021055801030747005,0.9832024957220995,1.0
40.0,0,adam,42500,0.01,0.020880619626760376,0.02105676432708612,5.065181999940077e-06,0.02105169914508618,0.9832034861110613,1.0
40.0,0,adam,43000,0.01,0.02093878191898975,0.02111513788731449,4.953314642807026e-05,0.021065604740886416,0.9831941181812076,1.0
40.0,0,adam,43500,0.01,0.0208764102099166,0.02105255858959038,3.505019717234032e-06,0.021049053569873143,0.9832027202828298,1.0
40.0,0,adam,44000,0.01,0.020883385320007913,0.021059560011397253,1.122126639745162e-05,0.0210483387449998,0.9832001679192784,1.0
40.0,0,adam,44500,0.01,0.021259697871168052,0.021435879763414375,0.00038539146987592973,0.021050488293538446,0.9831987145630058,1.0
40.0,0,adam,45000,0.01,0.020888266532362223,0.021064458330359345,1.6365917693477104e-05,0.021048092412665868,0.9831998142084314,1.0
40.0,0,adam,45500,0.01,0.020869506270068783,0.02104565787099815,9.488069692644042e-07,0.021044709064028888,0.9832010970776577,1.0
40.0,0,adam,46000,0.01,0.02087349499125343,0.021049724734588448,3.0854319046280434e-06,0.02104663930268382,0.9831969855001177,1.0
40.0,0,adam,46500,0.01,0.0209581293834385,0.02113447989418325,8.252423268552554e-05,0.021051955661497725,0.9831905885391774,1.0
40.0,0,adam,47000,0.01,0.020886584649634252,0.021062803373946067,1.938913173041117e-05,0.021043414242215654,0.983197174254721,1.0
40.0,0,adam,47500,0.01,0.020995799254919238,0.021172342459614146,0.00010948629323105114,0.021062856166383096,0.9831821470377816,1.0
40.0,0,adam,48000,0.01,0.020877187901060634,0.021053389947960067,1.2726913830374746e-05,0.021040663034129693,0.9831956467526758,1.0
40.0,0,adam,48500,0.01,0.020866766339121594,0.021042942778809935,4.474601614394418e-06,0.02103846817719554,0.983197339024003,1.0
40.0,0,adam,49000,0.01,0.02086556533854914,0.021041799260459713,1.2105757398251273e-06,0.021040588684719887,0.9831945731787486,1.0
40.0,0,adam,49500,0.01,0.020863233620825882,0.021039434082033598,2.5427278731588636e-06,0.02103689135416044,0.9831941987418181,1.0
40.0,0,adam,50000,0.01,0.020889568998556228,0.02106622263952755,2.7149851954459684e-06,0.021063507654332105,0.9831752775493484,1.0
40.0,0,adam,50500,0.01,0.021077113560257106,0.02125352683845314,0.00020528117098637139,0.021048245667466766,0.9831847538832806,1.0
40.0,0,adam,51000,0.01,0.02085766393938577,0.02103388712690002,1.422290622957202e-06,0.021032464836277062,0.9831914170755751,1.0
40.0,0,adam,51500,0.01,0.020874082219807744,0.02105030773288792,1.9530620297616753e-05,0.021030777112590306,0.9831897970996104,1.0
40.0,0,adam,52000,0.01,0.020853654536443673,0.021029837564827642,7.039717345596029e-06,0.021022797847482046,0.9831867720218571,1.0
40.0,0,adam,52500,0.01,0.020863028142686982,0.02103909397165129,4.77870232079958e-05,0.020991306948443294,0.9831712062253638,1.0
40.0,0,adam,53000,0.01,0.02078758079752796,0.02096355370572039,1.0872843718550026e-06,0.020962466421348535,0.9831518530249456,1.0
40.0,0,adam,53500,0.01,0.020787355835258346,0.020963436730746528,4.94995231599111e-06,0.020958486778430537,0.9831359416991257,1.0
40.0,0,adam,54000,0.01,0.020880961260072637,0.021057509194333444,7.26929938310982e-05,0.020984816200502347,0.9831115885311977,1.0
40.0,0,adam,54500,0.01,0.02081707241350981,0.020993071514676158,4.7044706187896035e-05,0.020946026808488262,0.9831295152175296,1.0
40.0,0,adam,55000,0.01,0.02080048608853847,0.020976774991051127,3.0237819390116578e-05,0.02094653717166101,0.9831002711570436,1.0
40.0,0,adam,55500,0.01,0.020748567500402208,0.020924484022990877,5.005408306512431e-06,0.020919478614684364,0.9831109586730148,1.0
40.0,0,adam,56000,0.01,0.0207352949071961,0.020910995004937413,1.1024954437608882e-05,0.020899970050499806,0.9831151537302346,1.0
40.0,0,adam,56500,0.01,0.020759674745937987,0.020935112537982577,5.769091008041177e-05,0.020877421627902164,0.9831175773856814,1.0
40.0,0,adam,57000,0.01,0.02069459157199697,0.02086948148847736,4.0349231084206074e-05,0.020829132257393156,0.9831282294124009,1.0
40.0,0,adam,57500,0.01,0.020740774999104532,0.020913758708261378,4.277855913270493e-06,0.020909480852348106,0.9833532155780862,1.0
40.0,0,adam,58000,0.01,0.019881279245242876,0.02004700827250589,9.593741381706465e-06,0.020037414531124186,0.9834034314227804,1.0
40.0,0,adam,58500,0.01,0.01913110836154304,0.019282416448623985,8.957903031206014e-06,0.01927345854559278,0.9841566456170268,1.0
40.0,0,adam,59000,0.01,0.020340062073375957,0.02050825357400011,8.33071630795352e-06,0.020499922857692154,0.9835418002595956,1.0
40.0,0,adam,59500,0.01,0.01891654529802972,0.019067213539609527,9.632508746584972e-06,0.01905758103086294,0.9842344476984702,1.0
40.0,0,adam,59999,0.01,0.019524964368653752,0.019678166460321896,2.5932105108720273e-05,0.019652234355213176,0.9842925041100489,1.0
40.0,0,lbfgs,0,,,0.0015029271035962672,1.737144935402688e-05,0.0014855556542422404,,
40.0,0,lbfgs,1,,,0.0009577625093899642,1.3176228616600833e-05,0.0009445862807733633,,
40.0,0,lbfgs,2,,,0.0002745121397741471,3.566464678179649e-07,0.00027415549330632916,,
40.0,0,lbfgs,3,,,0.00015639522800873053,1.7792688975634338e-07,0.00015621730111897418,,
40.0,0,lbfgs,4,,,8.854597220425113e-05,1.7905174117951382e-08,8.852806703013318e-05,,
40.0,0,lbfgs,5,,,5.4496125484354e-05,3.3618162563528984e-08,5.4462507321790475e-05,,
40.0,1,adam,0,0.01,1.8267285880973847,1.8267661740244405,1.8170464706889593,0.009719703335481288,0.9922637335836992,1.0
40.0,1,adam,500,0.1,0.05833228769786089,0.07669689607954328,0.0012027283299902965,0.07549416774955298,0.5505651314651527,1.0
40.0,1,adam,1000,0.1,0.05134116058479713,0.06564113812548678,0.00011145726801941657,0.06552968085746735,0.5943523372596606,1.0
40.0,1,adam,1500,0.1,0.05365621515450071,0.06885043976282423,0.0013094990464772426,0.06754094071634699,0.5841364725818557,1.0
40.0,1,adam,2000,0.1,0.04885987096759453,0.061225845093479,0.000791156385739073,0.06043468870773993,0.6182191654191905,1.0
40.0,1,adam,2500,0.1,0.046797141354691076,0.05819170540651737,0.00037771775177069617,0.05781398765474668,0.6311366274321788,1.0
40.0,1,adam,3000,0.1,0.046214418098258526,0.05735378251770442,0.00024604628937394807,0.05710773622833047,0.6346642644335887,1.0
40.0,1,adam,3500,0.1,0.04860943714181883,0.06088464441025353,0.0007299564622383644,0.060154687948015165,0.6193896351204164,1.0
40.0,1,adam,4000,0.1,0.045988760282457374,0.05700703780390777,0.0002265432895657791,0.05678049451434199,0.636346946512234,1.0
40.0,1,adam,4500,0.1,0.04633193239650001,0.05736140276243703,0.0005498586031621125,0.05681154415927492,0.6361937201439363,1.0
40.0,1,adam,5000,0.1,0.045866227338665626,0.056778611791717656,0.0002859328284905665,0.05649267896322709,0.6378357735121708,1.0
40.0,1,adam,5500,0.1,0.04650979167919428,0.05746927197366723,0.0008469172512737677,0.056622354722393464,0.6371796517323328,1.0
40.0,1,adam,6000,0.1,0.046235386802140885,0.057231772466307264,0.0005003285071610643,0.0567314439591462,0.636665439440598,1.0
40.0,1,adam,6500,0.1,0.04575730947702644,0.05659581908695581,0.000304720377937797,0.05629109870901801,0.6388918169598122,1.0
40.0,1,adam,7000,0.1,0.04677239008575693,0.05767251550487123,0.0012046464588451333,0.056467869046026097,0.6380461603006451,1.0
40.0,1,adam,7500,0.1,0.04650508530587291,0.05728151313913772,0.0011578348881730101,0.05612367825096471,0.6397850626158337,1.0
40.0,1,adam,8000,0.1,0.04557639278665243,0.05631460936482243,0.00028820523069141035,0.05602640413413102,0.6403158562040617,1.0
40.0,1,adam,8500,0.1,0.045359261479114336,0.05600610420721918,0.00023842443551258112,0.0557676797717066,0.641625380059871,1.0
40.0,1,adam,9000,0.1,0.045231266130028175,0.05579390637004035,0.0002593179690533331,0.05553458840098702,0.6428215730330951,1.0
40.0,1,adam,9500,0.1,0.04537361135796247,0.05602970443181467,0.0002344575877200131,0.055795246844094655,0.6414768517328163,1.0
40.0,1,adam,10000,0.1,0.04520008278823089,0.05576632252110763,0.00021964898549540536,0.055546673535612226,0.6427543047484984,1.0
40.0,1,adam,10500,0.1,0.04516370276226034,0.05569329324145955,0.00024891809004969897,0.055444375151409854,0.6432694993413379,1.0
40.0,1,adam,11000,0.1,0.04587634992682603,0.05661307255026174,0.0005901626078679313,0.05602290994239381,0.6402987346567239,1.0
40.0,1,adam,11500,0.1,0.045318175173201004,0.055861919016183974,0.000376265482880311,0.05548565353330366,0.6430475677452395,1.0
40.0,1,adam,12000,0.1,0.04532814406406006,0.05595587516772049,0.0002396045538084902,0.055716270613912,0.6418164410779316,1.0
40.0,1,adam,12500,0.1,0.04508858861186177,0.05559391529745184,0.0002189941342463604,0.055374921163205484,0.6435867948181384,1.0
40.0,1,adam,13000,0.1,0.04534802043995061,0.05598905068174752,0.00023354226453129568,0.05575550841721622,0.6416219300584949,1.0
40.0,1,adam,13500,0.1,0.04503968622755839,0.055514741318634,0.00022452880029413203,0.05529021251833987,0.6440231041237375,1.0
40.0,1,adam,14000,0.1,0.045161708516663804,0.05570789211595912,0.00021907036076813984,0.05548882175519098,0.6430423612462989,1.0
40.0,1,adam,14500,0.1,0.04500784361737896,0.055450283928974574,0.0002513435240299052,0.05519894040494467,0.6444867900281314,1.0
40.0,1,adam,15000,0.1,0.045355117137428284,0.05599822835735239,0.00024135568073593516,0.05575687267661645,0.6415782445785838,1.0
40.0,1,adam,15500,0.1,0.0453278665203597,0.055987331681553974,0.00019044263336271905,0.05579688904819125,0.6413355663126419,1.0
40.0,1,adam,16000,0.1,0.04506754393605314,0.055561103998763045,0.00022034290708972077,0.055340761091673324,0.6437205638822616,1.0
40.0,1,adam,16500,0.1,0.04514146441274643,0.05565718516984884,0.00025501889838876993,0.05540216627146007,0.6434072500035318,1.0
40.0,1,adam,17000,0.1,0.04522799847143024,0.05579926828691626,0.0002443107162309067,0.055554957570685355,0.642610222874678,1.0
40.0,1,adam,17500,0.1,0.04517972139559232,0.0556681133579979,0.00034394259012808173,0.055324170767869815,0.6437945618499561,1.0
40.0,1,adam,18000,0.1,0.04488254393686478,0.05527586092953868,0.00021470269399354229,0.05506115823554514,0.6451857751492756,1.0
40.0,1,adam,18500,0.1,0.04495111348133623,0.05537619422430226,0.00023094195528019983,0.05514525226902206,0.6447399427713421,1.0
40.0,1,adam,19000,0.1,0.04530368104491118,0.055802005711912676,0.00044879291235862484,0.055353212799554054,0.6436660774347351,1.0
40.0,1,adam,19500,0.1,0.04493307538217312,0.055319601477124086,0.00027887108530375146,0.055040730391820336,0.6452839881038824,1.0
40.0,1,adam,20000,0.1,0.04491330513915349,0.05532365488177654,0.00022008558900919829,0.05510356929276734,0.6449348550842228,1.0
40.0,1,adam,20500,0.1,0.045156099453342244,0.05566830708307454,0.00027702053826099947,0.05539128654481354,0.6434568729045822,1.0
40.0,1,adam,21000,0.1,0.04567900019373599,0.05640327512946949,0.0004152690445608713,0.05598800608490862,0.6404084481991945,1.0
40.0,1,adam,21500,0.1,0.04570308101914872,0.05621355179610487,0.0008206114951459917,0.05539294030095888,0.6434911434555389,1.0
40.0,1,adam,22000,0.1,0.044875139566770444,0.05526377969719762,0.00021502017901695394,0.05504875951818066,0.645242791680563,1.0
40.0,1,adam,22500,0.1,0.044777646620812746,0.055100560044090204,0.00023598025672419602,0.05486457978736601,0.6462032624600295,1.0
40.0,1,adam,23000,0.1,0.04492567544432901,0.055340168969510606,0.00021813159578285137,0.055122037373727756,0.6448846706878595,1.0
40.0,1,adam,23500,0.1,0.04482716755644194,0.05519092907257503,0.0002120688922601194,0.054978860180314906,0.6456079865543651,1.0
40.0,1,adam,24000,0.1,0.04488349313919197,0.055276811482200205,0.00021308117736745406,0.055063730304832754,0.6452122574154735,1.0
40.0,1,adam,24500,0.1,0.044916070497269436,0.05526016353023866,0.00033312425471040773,0.05492703927552825,0.6458958413719417,1.0
40.0,1,adam,25000,0.1,0.04478623226420444,0.05509987328178776,0.00026582224102491143,0.054834051040762846,0.6463374530551119,1.0
40.0,1,adam,25500,0.1,0.04485352260167606,0.05522891039547497,0.00021410260702058902,0.055014807788454384,0.6454296278118045,1.0
40.0,1,adam,26000,0.1,0.045582145693430845,0.056025323069700254,0.0008177353223171069,0.05520758774738315,0.6444625100900954,1.0
40.0,1,adam,26500,0.1,0.04479085344230608,0.0551310366139254,0.00021240264709685306,0.05491863396682854,0.6459577643879066,1.0
40.0,1,adam,27000,0.1,0.04482480831395634,0.05518520702568919,0.00021573760793648042,0.05496946941775271,0.6456735188050183,1.0
40.0,1,adam,27500,0.1,0.04492347050887889,0.05531322993508406,0.0002544088832707078,0.055058821051813346,0.6452385330976793,1.0
40.0,1,adam,28000,0.1,0.04494180219252847,0.05529076625591132,0.0003479244644449083,0.05494284179146641,0.6458305797943928,1.0
40.0,1,adam,28500,0.1,0.04490712694845033,0.05525247183739122,0.00033411579653481213,0.05491835604085641,0.6458904225208476,1.0
40.0,1,adam,29000,0.1,0.04471864595478456,0.05502237128843069,0.00020617206574654633,0.054816199222684145,0.6465133487933145,1.0
40.0,1,adam,29500,0.1,0.04764021249454257,0.0588842365536931,0.0014524972140406184,0.05743173933965248,0.6331831239374679,1.0
40.0,1,adam,30000,0.1,0.04473911986455646,0.05501289389949041,0.00028047785915972595,0.05473241604033069,0.6469289160671146,1.0
40.0,1,adam,30500,0.1,0.04476656700579376,0.05509753851234366,0.00020704399546207756,0.054890494516881584,0.6460840561506815,1.0
40.0,1,adam,31000,0.1,0.04473122811539181,0.054992823011298174,0.00029940514059289744,0.05469341787070528,0.6471148977370774,1.0
40.0,1,adam,31500,0.1,0.04488106457474745,0.05513499797077236,0.0004643404312987023,0.05467065753947366,0.647234904514998,1.0
40.0,1,adam,32000,0.1,0.04590113389765395,0.05660482632992204,0.0006638905139736582,0.05594093581594838,0.6407132769291368,1.0
40.0,1,adam,32500,0.1,0.04499157879741444,0.055326820607659796,0.000426099975028638,0.054900720632631156,0.6460408645963944,1.0
40.0,1,adam,33000,0.1,0.04644350343761229,0.057408877306267904,0.0007444110681210944,0.05666446623814681,0.6370265518116691,1.0
40.0,1,adam,33500,0.1,0.04460053264071695,0.05480344352323813,0.00027506174512969346,0.05452838177810843,0.647979230261672,1.0
40.0,1,adam,34000,0.1,0.04460035846019919,0.05483986363363239,0.0002080444680379807,0.05463181916559441,0.6474382673322924,1.0
40.0,1,adam,34500,0.1,0.04516241123050254,0.05539345415661563,0.0007878064181983502,0.05460564773841728,0.6475584989749874,1.0
40.0,1,adam,35000,0.1,0.04457913429587563,0.05480229175240085,0.00021426787707820583,0.05458802387532265,0.6476701579813074,1.0
40.0,1,adam,35500,0.1,0.044561773527992316,0.05474958012939019,0.0002586007641645113,0.05449097936522568,0.6481966452548176,1.0
40.0,1,adam,36000,0.1,0.04457570477654038,0.05475338587583855,0.0002942790393890257,0.05445910683644952,0.6483438387389004,1.0
40.0,1,adam,36500,0.1,0.04449070544315288,0.05465475715621018,0.00022947716382638455,0.0544252799923838,0.6485413776569099,1.0
40.0,1,adam,37000,0.1,0.04451316692968256,0.05467005685332881,0.00026922961789879003,0.05440082723543002,0.6486509570610584,1.0
40.0,1,adam,37500,0.1,0.04437409051257901,0.05448192446719333,0.00021507945485599908,0.05426684501233733,0.649405587006809,1.0
40.0,1,adam,38000,0.1,0.044235456667933645,0.05426250546812296,0.0002278049949994551,0.054034700473123504,0.650613961442689,1.0
40.0,1,adam,38500,0.1,0.0446998836718793,0.05488674831216936,0.0003940749197144652,0.05449267339245489,0.6482630457905855,1.0
40.0,1,adam,39000,0.1,0.04419104091030795,0.05415901250859471,0.0002941554051171512,0.053864857103477555,0.6514875574552949,1.0
40.0,1,adam,39500,0.1,0.043948946365059194,0.05380008325986698,0.0002686990022477427,0.05353138425761924,0.6532500100996376,1.0
40.0,1,adam,40000,0.1,0.04399951584658624,0.05389901699548796,0.00022834972953141968,0.05367066726595654,0.6525070481012911,1.0
40.0,1,adam,40500,0.1,0.043896044360868705,0.053734259434164586,0.00024119202841841567,0.05349306740574617,0.653432814873616,1.0
40.0,1,adam,41000,0.1,0.04384693539007232,0.053668959900553835,0.00022292330428671774,0.053446036596267114,0.6536669223574485,1.0
40.0,1,adam,41500,0.1,0.04383293995262022,0.05364619386361902,0.0002249374706629193,0.0534212563929561,0.6537907694184262,1.0
40.0,1,adam,42000,0.1,0.04383657847739451,0.05362240654573431,0.0002788915147731849,0.053343515030961124,0.6542099465270111,1.0
40.0,1,adam,42500,0.1,0.04386015194806258,0.053653280137871975,0.00028828410613834636,0.05336499603173363,0.6541013774302449,1.0
40.0,1,adam,43000,0.1,0.043860577576337996,0.05363514435786885,0.0003252906033091633,0.05330985375455968,0.6543749978048287,1.0
40.0,1,adam,43500,0.1,0.04376245162096129,0.053521412447229064,0.00025562267435556146,0.0532657897728735,0.6546070915009905,1.0
40.0,1,adam,44000,0.1,0.045914937981756936,0.05618296622242069,0.001464502679848032,0.054718463542572655,0.6470182581066348,1.0
40.0,1,adam,44500,0.1,0.04376470941435182,0.053543569290338114,0.00022027644722202844,0.053323292843116085,0.6543062456959163,1.0
40.0,1,adam,45000,0.1,0.043715875873947686,0.05346547236905424,0.00022776662425023347,0.053237705744804006,0.6547529515859404,1.0
40.0,1,adam,45500,0.1,0.04592588703420405,0.05635740385173713,0.0011624320390627284,0.0551949718126744,0.6447103573787344,1.0
40.0,1,adam,46000,0.1,0.04370217072825997,0.053443020824172245,0.00022967372967636274,0.053213347094495884,0.654880289149919,1.0
40.0,1,adam,46500,0.1,0.04392193293731698,0.05371923961143759,0.00034224406167885913,0.05337699554975873,0.6540235935021688,1.0
40.0,1,adam,47000,0.1,0.04370847903055309,0.05342719594995194,0.0002798738301447026,0.05314732211980724,0.6552166295613483,1.0
40.0,1,adam,47500,0.1,0.04424772690768402,0.054077801593708834,0.0006138355282004829,0.05346396606550835,0.6535610448278447,1.0
40.0,1,adam,48000,0.1,0.0437888086535555,0.053570805696962896,0.000236146369980032,0.053334659326982864,0.6542574727729741,1.0
40.0,1,adam,48500,0.1,0.04371725891224933,0.05344467886119166,0.0002708305649290827,0.05317384829626258,0.655091902607159,1.0
40.0,1,adam,49000,0.1,0.04366649134618064,0.05336515036791508,0.00027743813664421745,0.053087712231270866,0.655523871185273,1.0
40.0,1,adam,49500,0.1,0.04365799945239699,0.05337955042032539,0.00022476356487778255,0.05315478685544761,0.6552054588754461,1.0
40.0,1,adam,50000,0.1,0.04382413822633046,0.05357184779002032,0.00034027174929414687,0.053231576040726175,0.6547903531809038,1.0
40.0,1,adam,50500,0.1,0.043925704926451474,0.05374490072849076,0.00029866122971799244,0.053446239498772766,0.6536941690838994,1.0
40.0,1,adam,51000,0.1,0.04392948238408166,0.053702381786195075,0.0004001129215106987,0.05330226886468437,0.6544129214600795,1.0
40.0,1,adam,51500,0.1,0.04444212453299186,0.05430617080130993,0.0007424441607819973,0.05356372664052793,0.6530209447277542,1.0
40.0,1,adam,52000,0.1,0.04369504032649053,0.05343923765244231,0.0002170390620934943,0.05322219859034882,0.6548291824266963,1.0
40.0,1,adam,52500,0.1,0.04416370302727303,0.05406184462596319,0.00038369632293433226,0.053678148303028854,0.6525016278486282,1.0
40.0,1,adam,53000,0.1,0.043785535754330425,0.05346467976055604,0.0004333917665106744,0.05303128799404537,0.6558216781293789,1.0
40.0,1,adam,53500,0.1,0.04403430266972658,0.0539046089422696,0.0003081808155947919,0.05359642812667481,0.6531033455795545,1.0
40.0,1,adam,54000,0.1,0.043614128287848566,0.05330405155740827,0.00023590743638654134,0.05306814412102173,0.65566851522245,1.0
40.0,1,adam,54500,0.1,0.043866268149266106,0.053550689132792054,0.0005062610436871899,0.05304442808910487,0.6557743258187416,1.0
40.0,1,adam,55000,0.1,0.04374095262212918,0.053498374764699895,0.00022572031217880565,0.05327265445252109,0.6546609827064185,1.0
40.0,1,adam,55500,0.1,0.043619570874583444,0.05331075884389706,0.0002391659060833962,0.05307159293781367,0.6556502677283813,1.0
40.0,1,adam,56000,0.1,0.0436369145963716,0.053354648110481226,0.00019801554370899269,0.053156632566772236,0.6552323709051119,1.0
40.0,1,adam,56500,0.1,0.04362231800824164,0.05333869455613876,0.00019860732924748738,0.05314008722689127,0.655255071770936,1.0
40.0,1,adam,57000,0.1,0.04365822739792889,0.05333801394886106,0.0003258929608771073,0.053012120987983954,0.6558008683618743,1.0
40.0,1,adam,57500,0.1,0.04383462519043113,0.0535971910669066,0.0003223834877344457,0.053274807579172155,0.6545680539189588,1.0
40.0,1,adam,58000,0.1,0.04400493180818454,0.05382767460496497,0.000375845749866569,0.0534518288550984,0.653634141325222,1.0
40.0,1,adam,58500,0.1,0.04379381098204448,0.053476390132017056,0.0004512519919378657,0.05302513814007919,0.6557309956215576,1.0
40.0,1,adam,59000,0.1,0.043987307859194684,0.05379242281450954,0.0004037032141746463,0.053388719600334894,0.6538772377059787,1.0
40.0,1,adam,59500,0.1,0.04356224821597786,0.0532517262802072,0.00016663059751288013,0.05308509568269432,0.6556277413027486,1.0
40.0,1,adam,59999,0.1,0.04363943854173035,0.05335254490553838,0.00019289853229961465,0.053159646373238764,0.6552721967819427,1.0
40.0,1,lbfgs,0,,,0.052659920001642754,0.00029382978897798717,0.052366090212664765,,
40.0,1,lbfgs,1,,,0.052553582987827786,0.00029382981810665746,0.05225975316972113,,
40.0,1,lbfgs,2,,,0.0524127950365228,0.0003056264342190928,0.0521071686023037,,
40.0,2,adam,0,0.01,2.3388176269374257,2.3388413962638284,2.3311122978235037,0.007729098440324874,0.9938445680106727,1.0
40.0,2,adam,500,1.0,0.015986995684382645,0.9213338673075783,0.0011767295848417326,0.9201571377227366,1.1873199928086431e-32,0.00625
40.0,2,adam,1000,1.0,0.01552275957932926,2.748160832453594,0.0016953364170632288,2.7464654960365307,5.3984963903747884e-96,0.01125
40.0,2,adam,1500,1.0,0.013086032989161554,0.579834266978027,3.3617252634019654e-05,0.5798006497253929,7.914858531745052e-21,0.05
40.0,2,adam,2000,1.0,0.01281937046859311,0.3739784622448423,8.974368232046095e-05,0.37388871856252187,1.1681470611517534e-13,0.05
40.0,2,adam,2500,1.0,0.012969956844100555,0.3067735444066363,0.00028476757506063817,0.30648877683157566,2.483827772538913e-11,0.05125
40.0,2,adam,3000,1.0,0.013388461657883152,0.256875308541421,0.0007208727629740065,0.256154435778447,1.3636151439976013e-09,0.05125
40.0,2,adam,3500,1.0,0.012860243901391642,0.21840760210444968,0.00019013872972968332,0.21821746337472,2.7878670562960664e-08,0.0525
40.0,2,adam,4000,1.0,0.013028350016607777,0.19511880454776304,0.0003561656066004558,0.19476263894116258,1.7983915838211386e-07,0.0525
40.0,2,adam,4500,1.0,0.013006312479679103,0.18016346873153158,0.0003300945198806013,0.17983337421165096,5.891234876389411e-07,0.05375
40.0,2,adam,5000,1.0,0.013080750867472526,0.17092362228329253,0.0004037798626148646,0.17051984242067766,1.2348762207188501e-06,0.05375
40.0,2,adam,5500,1.0,0.013752094784136403,0.1650282491183013,0.001074442693439835,0.16395380642486146,2.080940995740051e-06,0.05375
40.0,2,adam,6000,1.0,0.012767302290889557,0.15908868199022969,9.148686306651596e-05,0.15899719512716318,3.0853004972476923e-06,0.05375
40.0,2,adam,6500,1.0,0.01276686677412631,0.1554852849407041,9.183169855838392e-05,0.1553934532421457,4.1082152087632944e-06,0.05375
40.0,2,adam,7000,1.0,0.012875306067344688,0.1520312057315874,0.00020181402365658654,0.1518293917079308,5.454196955768206e-06,0.05375
40.0,2,adam,7500,1.0,0.012854239434180445,0.14940099958277286,0.0001824352452414446,0.14921856433753142,6.7122265534943004e-06,0.05375
40.0,2,adam,8000,1.0,0.013158037008217003,0.14749287328150673,0.0004863658550255853,0.14700650742648114,8.004007364703062e-06,0.05375
40.0,2,adam,8500,1.0,0.012749512262505383,0.1454436354259605,8.048953976822683e-05,0.14536314588619229,9.120327019395488e-06,0.05375
40.0,2,adam,9000,1.0,0.012846606778235303,0.14402464951734473,0.0001786656353424017,0.14384598388200232,1.0290300656863036e-05,0.05375
40.0,2,adam,9500,1.0,0.012767919160789454,0.1431463586154506,0.0001001870427519509,0.14304617157269867,1.0965607973155052e-05,0.05375
40.0,2,adam,10000,1.0,0.012940367489821289,0.14217600382064804,0.0002702125415514128,0.14190579127909664,1.2010627170757623e-05,0.05375
40.0,2,adam,10500,1.0,0.013242061448132725,0.14250149204224072,0.0005754524200455614,0.14192603962219516,1.1984866649106155e-05,0.05375
40.0,2,adam,11000,1.0,0.012761400059853496,0.14096794534338197,9.39921962675143e-05,0.14087395314711446,1.3033309633189868e-05,0.05375
40.0,2,adam,11500,1.0,0.013210299378508554,0.1401212739880539,0.0005402121984098418,0.13958106178964408,1.4451285491435777e-05,0.05375
40.0,2,adam,12000,1.0,0.012806422788490453,0.1397358565322819,0.0001383860371153473,0.13959747049516655,1.4427396264391955e-05,0.05375
40.0,2,adam,12500,1.0,0.013338491552137823,0.1394359728572629,0.0006685036765638084,0.13876746918069907,1.5416103261447203e-05,0.05375
40.0,2,adam,13000,1.0,0.012806096548908722,0.13900839177975205,0.00013693197155910486,0.13887145980819293,1.5284839898073153e-05,0.05375
40.0,2,adam,13500,1.0,0.012770729583750915,0.1385061968010442,0.000102183383223819,0.13840401341782038,1.5864181794309938e-05,0.05375
40.0,2,adam,14000,1.0,0.012762365512858143,0.13810776898205082,9.418788628183235e-05,0.138013581095769,1.6364622286634434e-05,0.05375
40.0,2,adam,14500,1.0,0.012801105537130873,0.13712249194461132,0.00013294645783371516,0.1369895454867776,1.7758229806081715e-05,0.05375
40.0,2,adam,15000,1.0,0.012749603549559995,0.13787359433145055,8.185047311736008e-05,0.13779174385833318,1.6655135250214042e-05,0.05375
40.0,2,adam,15500,1.0,0.012931841693812708,0.13809159724636494,0.0002633797955089343,0.137828217450856,1.6608784372667587e-05,0.05375
40.0,2,adam,16000,1.0,0.013047623587082896,0.13755456724251092,0.000378557909721363,0.13717600933278956,1.7494071424092324e-05,0.05375
40.0,2,adam,16500,1.0,0.012996962921502986,0.13719363280970348,0.000327896968474413,0.13686573584122907,1.793364581060937e-05,0.05375
40.0,2,adam,17000,1.0,0.012830821432960547,0.13683715509531197,0.0001629684610923873,0.13667418663421957,1.820726815172466e-05,0.05375
40.0,2,adam,17500,1.0,0.012808133681570804,0.13838689647315194,0.000137965110428527,0.13824893136272343,1.605866072370749e-05,0.05375
40.0,2,adam,18000,1.0,0.013171439140177455,0.13645372235576614,0.000503076725468691,0.13595064563029743,1.928912139964569e-05,0.05375
40.0,2,adam,18500,1.0,0.012855460681588889,0.13619672229341678,0.000186763735382178,0.1360099585580346,1.9199337710887802e-05,0.05375
40.0,2,adam,19000,1.0,0.012775182362941536,0.13642681384047695,0.00010774511860868415,0.13631906872186828,1.872825218002059e-05,0.05375
40.0,2,adam,19500,1.0,0.012789411229322898,0.13589257310556452,0.00012346378579747546,0.13576910931976705,1.9565227517192135e-05,0.05375
40.0,2,adam,20000,1.0,0.012819132583618229,0.13675520805061003,0.0001514774562217455,0.1366037305943883,1.8306472823610472e-05,0.05375
40.0,2,adam,20500,1.0,0.013131841867468047,0.13662457333812725,0.0004657390504389239,0.13615883428768832,1.89631172092273e-05,0.05375
40.0,2,adam,21000,1.0,0.01274222240698972,0.1355193452947192,7.672685405446461e-05,0.13544261844066474,2.007847922937291e-05,0.05375
40.0,2,adam,21500,1.0,0.012760199026459413,0.13590073124102522,9.350970698416881e-05,0.13580722153404107,1.950325757521751e-05,0.05375
40.0,2,adam,22000,1.0,0.01280828796475007,0.13582401473360564,0.00014159203685350648,0.13568242269675213,1.9698446743647535e-05,0.05375
40.0,2,adam,22500,1.0,0.013093069233085897,0.13537793183344832,0.0004250679218587883,0.13495286391158953,2.0879414354317785e-05,0.05375
40.0,2,adam,23000,1.0,0.013170283295593917,0.1356974367597559,0.000501242711460337,0.13519619404829555,2.0478875124357782e-05,0.05375
40.0,2,adam,23500,1.0,0.012752933508606892,0.13496535569782114,8.691911969777567e-05,0.13487843657812337,2.0999254946406095e-05,0.05375
40.0,2,adam,24000,1.0,0.01277503453944069,0.13572070235364947,0.00010814854468725879,0.1356125538089622,1.980502907112866e-05,0.05375
40.0,2,adam,24500,1.0,0.012782037286207444,0.13496816938341571,0.00011572960323958395,0.13485243978017614,2.1043146072014386e-05,0.05375
40.0,2,adam,25000,1.0,0.01307830657251512,0.13516589967497422,0.00040628151847372997,0.1347596181565005,2.1209204524834934e-05,0.05375
40.0,2,adam,25500,1.0,0.012887355634739623,0.13494317016156096,0.0002204398666760594,0.1347227302948849,2.1260750950727047e-05,0.05375
40.0,2,adam,26000,1.0,0.013548223784379063,0.135943979537645,0.0008793094805879138,0.13506467005705708,2.069156529344159e-05,0.05375
40.0,2,adam,26500,1.0,0.012727167774220878,0.13426694064847597,6.264069410216098e-05,0.1342042999543738,2.2154881867666326e-05,0.05375
40.0,2,adam,27000,1.0,0.01277665224682302,0.134625787700942,0.00010952487833516062,0.13451626282260684,2.161511577331301e-05,0.05375
40.0,2,adam,27500,1.0,0.014459709820346747,0.13679155676837265,0.001789550367681246,0.1350020064006914,2.079580978887038e-05,0.05375
40.0,2,adam,28000,1.0,0.01275631112604783,0.1345212577298576,9.037388890622498e-05,0.13443088384095137,2.1758031515561344e-05,0.05375
40.0,2,adam,28500,1.0,0.012820036521245191,0.13310283960743305,0.0001546269859303958,0.13294821262150266,2.4492369437540003e-05,0.05375
40.0,2,adam,29000,1.0,0.013385313682416449,0.13484104501180263,0.0007179815564220848,0.13412306345538055,2.2301312489372688e-05,0.05375
40.0,2,adam,29500,1.0,0.012769482123478067,0.13451601785711156,0.00010531049604666664,0.1344107073610649,2.1790358398700694e-05,0.05375
40.0,2,adam,30000,1.0,0.012782273327985016,0.13397798964982394,0.00011707455452864168,0.1338609150952953,2.276739495800533e-05,0.05375
40.0,2,adam,30500,1.0,0.01273863525742688,0.13343275433524757,7.440932953765877e-05,0.1333583450057099,2.3697239829592513e-05,0.05375
40.0,2,adam,31000,1.0,0.012750603416890306,0.13392841302400432,8.470416384618644e-05,0.13384370886015814,2.2801269880840587e-05,0.05375
40.0,2,adam,31500,1.0,0.012917317474063729,0.13402826753210587,0.00025018358163559766,0.13377808395047028,2.2918896402808376e-05,0.05375
40.0,2,adam,32000,1.0,0.01277736276134838,0.13378343011088778,0.00011159871840860945,0.13367183139247918,2.3112218172002747e-05,0.05375
40.0,2,adam,32500,1.0,0.012795475253319167,0.13313254324269713,0.0001302731896486436,0.1330022700530485,2.4380823269229885e-05,0.05375
40.0,2,adam,33000,1.0,0.012771713831135859,0.13334567773699174,0.00010699339924950406,0.13323868433774225,2.392223102084e-05,0.05375
40.0,2,adam,33500,1.0,0.012801972846258197,0.13369579326579373,0.00013627353112002013,0.1335595197346737,2.3322265943163363e-05,0.05375
40.0,2,adam,34000,1.0,0.012853319877270158,0.13324698473886257,0.00018762376625295122,0.13305936097260962,2.4266851769194918e-05,0.05375
40.0,2,adam,34500,1.0,0.01274706768017277,0.13336184921941224,8.166643780043592e-05,0.1332801827816118,2.3842290451624923e-05,0.05375
40.0,2,adam,35000,1.0,0.013097129997599828,0.1340034989295419,0.0004317063884713965,0.1335717925410705,2.3291605340122888e-05,0.05375
40.0,2,adam,35500,1.0,0.012801946522194841,0.13266142562302818,0.00013881440198227374,0.13252261122104592,2.5322861133954853e-05,0.05375
40.0,2,adam,36000,1.0,0.012842631974332136,0.13292069053026442,0.00017949022007052038,0.1327412003101939,2.4884018393322832e-05,0.05375
40.0,2,adam,36500,1.0,0.012801825768637549,0.1330827916897075,0.0001386569772582254,0.13294413471244926,2.4482939370481917e-05,0.05375
40.0,2,adam,37000,1.0,0.012893430602605532,0.1334258551879185,0.00022817534246652362,0.13319767984545197,2.3995999782982673e-05,0.05375
40.0,2,adam,37500,1.0,0.012771053029616189,0.13262734049653147,0.00010671022197524759,0.1325206302745562,2.532639479174404e-05,0.05375
40.0,2,adam,38000,1.0,0.01279986801564591,0.13340040246376833,0.00013389172314950262,0.13326651074061882,2.386721104270553e-05,0.05375
40.0,2,adam,38500,1.0,0.012747543508180402,0.13280330737897086,8.356136386420626e-05,0.13271974601510667,2.492650598204428e-05,0.05375
40.0,2,adam,39000,1.0,0.012782515684352565,0.13281711934873003,0.00011973302575135744,0.13269738632297867,2.4967816027918276e-05,0.05375
40.0,2,adam,39500,1.0,0.012787691914184014,0.13266586391545476,0.00012478520396351131,0.13254107871149126,2.528092743493656e-05,0.05375
40.0,2,adam,40000,1.0,0.012755311944826812,0.13273245594167793,9.215581994113735e-05,0.1326403001217368,2.5081611430687994e-05,0.05375
40.0,2,adam,40500,1.0,0.012814106946113584,0.1328153144720343,0.00015039048774218486,0.1326649239842921,2.5033351389308912e-05,0.05375
40.0,2,adam,41000,1.0,0.012891453324109571,0.1327409984676561,0.0002289290646649318,0.13251206940299118,2.5338399560639827e-05,0.05375
40.0,2,adam,41500,1.0,0.01287471976814706,0.1328282232721713,0.0002121289247431846,0.13261609434742813,2.5128158896256867e-05,0.05375
40.0,2,adam,42000,1.0,0.012743686576147342,0.1332643825900927,7.775458897169395e-05,0.13318662800112102,2.401525393093235e-05,0.05375
40.0,2,adam,42500,1.0,0.012778470489945157,0.13274823424244342,0.00011466951376910348,0.13263356472867432,2.5095393046164683e-05,0.05375
40.0,2,adam,43000,1.0,0.01283582148202942,0.13287898586744598,0.0001734440199780612,0.1327055418474679,2.4947507219048203e-05,0.05375
40.0,2,adam,43500,1.0,0.01318565849976037,0.1333992657339345,0.0005244197772333215,0.13287484595670118,2.461009873946242e-05,0.05375
40.0,2,adam,44000,1.0,0.013253824059827325,0.1352317592708558,0.0005814502756311558,0.13465030899522462,2.1371934824410036e-05,0.0525
40.0,2,adam,44500,1.0,0.012746486984461042,0.13329812032907778,8.332523354622687e-05,0.13321479509553155,2.3958115633315206e-05,0.05375
40.0,2,adam,45000,1.0,0.012778445671806662,0.13323627364092142,0.00011258954403149354,0.13312368409688993,2.4137895744167607e-05,0.05375
40.0,2,adam,45500,1.0,0.012750097797841479,0.1327627848379216,8.537320060274871e-05,0.13267741163731883,2.5009447420252232e-05,0.05375
40.0,2,adam,46000,1.0,0.012918041932930918,0.13277474483968318,0.00025228302949286134,0.1325224618101903,2.532223912927323e-05,0.05375
40.0,2,adam,46500,1.0,0.01298725193002724,0.13299944669172187,0.00032521490994516045,0.1326742317817767,2.5009250689272743e-05,0.05375
40.0,2,adam,47000,1.0,0.013189912240257923,0.13413644803522884,0.0005277018510559408,0.1336087461841729,2.321100777713989e-05,0.05375
40.0,2,adam,47500,1.0,0.012746789931090262,0.13285684722712363,8.218947325845609e-05,0.13277465775386518,2.4814604364418465e-05,0.05375
40.0,2,adam,48000,1.0,0.012789873886258022,0.1324514574822473,0.0001258178188958781,0.13232563966335142,2.5720576202462437e-05,0.05375
40.0,2,adam,48500,1.0,0.012878305690701582,0.13315726033060493,0.00021629350732900362,0.13294096682327594,2.4482420642439226e-05,0.05375
40.0,2,adam,49000,1.0,0.012767156737787574,0.1327244250718328,0.00010315892695955784,0.13262126614487324,2.5120341633000826e-05,0.05375
40.0,2,adam,49500,1.0,0.012752811310736236,0.1323320929132057,8.851496008222553e-05,0.13224357795312347,2.588832427143128e-05,0.05375
40.0,2,adam,50000,1.0,0.012753135602767756,0.13249111110440717,8.968014322107777e-05,0.1324014309611861,2.5563386508928313e-05,0.05375
40.0,2,adam,50500,1.0,0.012764071400346098,0.13225003207849215,9.966386913235476e-05,0.1321503682093598,2.6082451182056012e-05,0.05375
40.0,2,adam,51000,1.0,0.012745839236675004,0.1335024278809151,8.341305316346066e-05,0.13341901482775165,2.3569521023603972e-05,0.05375
40.0,2,adam,51500,1.0,0.012750446259101416,0.13305657820745576,8.657746255988084e-05,0.13297000074489587,2.44307910788703e-05,0.05375
40.0,2,adam,52000,1.0,0.012778997910784549,0.13273180406703564,0.00011446701622899437,0.13261733705080664,2.512873696889205e-05,0.05375
40.0,2,adam,52500,1.0,0.012801449566884525,0.13261559556027477,0.00013664688742799852,0.13247894867284676,2.5408101380227053e-05,0.05375
40.0,2,adam,53000,1.0,0.012865616399170814,0.13276807444551933,0.00020257880570430224,0.13256549563981504,2.5228932795979923e-05,0.05375
40.0,2,adam,53500,1.0,0.012747788623438464,0.1322867716132407,8.349659102557721e-05,0.13220327502221513,2.5972230428450807e-05,0.05375
40.0,2,adam,54000,1.0,0.012745351623869515,0.13255737772688544,8.198612136249057e-05,0.13247539160552296,2.5412643106314536e-05,0.05375
40.0,2,adam,54500,1.0,0.012798958707163882,0.13318767093922482,0.0001324948758770496,0.13305517606334777,2.4268500911476688e-05,0.05375
40.0,2,adam,55000,1.0,0.01282645592670743,0.13308009246796368,0.00016331732900250504,0.13291677513896116,2.45317305961222e-05,0.05375
40.0,2,adam,55500,1.0,0.012870763288478264,0.13316861040125805,0.00020567978336876515,0.13296293061788927,2.44457945144586e-05,0.05375
40.0,2,adam,56000,1.0,0.012752336107923928,0.1328784128384284,8.816052019481891e-05,0.1327902523182336,2.4783163980083093e-05,0.05375
40.0,2,adam,56500,1.0,0.0129190653743975,0.1329604438913881,0.00025699443118401403,0.1327034494602041,2.4950904488114302e-05,0.05375
40.0,2,adam,57000,1.0,0.012750819621032975,0.13273587758731367,8.700336430151767e-05,0.13264887422301216,2.5065869292713175e-05,0.05375
40.0,2,adam,57500,1.0,0.012783762413024143,0.1329897612502683,0.00012060813257087486,0.13286915311769742,2.4626347406676564e-05,0.05375
40.0,2,adam,58000,1.0,0.012746609739144417,0.1325956890127036,8.31705402661399e-05,0.13251251847243747,2.533781155118347e-05,0.05375
40.0,2,adam,58500,1.0,0.013001136884576069,0.1332543373042303,0.0003350027664584409,0.13291933453777185,2.4532442462938712e-05,0.05375
40.0,2,adam,59000,1.0,0.01279067950882715,0.13279538005667424,0.00012676954974473643,0.1326686105069295,2.5024733478555917e-05,0.05375
40.0,2,adam,59500,1.0,0.012752355658282762,0.13255992688240695,8.961259443660487e-05,0.13247031428797035,2.5421490352769805e-05,0.05375
40.0,2,adam,59999,1.0,0.012746898424924664,0.13287857346603466,8.21960724804523e-05,0.1327963773935542,2.4771231275632797e-05,0.05375
40.0,2,lbfgs,0,,,0.06213708481543617,0.00034381559053174614,0.061793269224904426,,
40.0,2,lbfgs,1,,,0.05806110691779736,0.0003613591523815175,0.057699747765415844,,
40.0,2,lbfgs,2,,,0.05654620043535933,0.0002615285440287579,0.05628467189133057,,
40.0,2,lbfgs,3,,,0.05593781736709174,0.0002999663230788082,0.055637851044012934,,
40.0,2,lbfgs,4,,,0.0556784966827738,0.00031918685914678356,0.055359309823627016,,
40.0,2,lbfgs,5,,,0.05530666024106477,0.0002980428091554099,0.055008617431909365,,
