horizon,seed,phase,step,epsilon,loss_weighted,loss_total,loss_start,loss_residual,min_weight,awake_fraction
27.0,0,adam,0,0.01,1.7346951216676432,1.7348449088090343,1.7112104307919258,0.023634478017108447,0.9873824994353759,1.0
27.0,0,adam,500,0.01,0.044555969030245626,0.045041472709237036,0.0007063324631154583,0.04433514024612158,0.9770457857657207,1.0
27.0,0,adam,1000,0.01,0.037140829306224275,0.037504578810762405,0.000121931427070157,0.03738264738369225,0.9801111298991769,1.0
27.0,0,adam,1500,0.01,0.03545063749864435,0.03577849308028774,0.00046338210984660444,0.03531511097044114,0.9811600480622698,1.0
27.0,0,adam,2000,0.01,0.032966853707654335,0.03325896802222503,7.526430049815295e-05,0.033183703721726875,0.982242191295809,1.0
27.0,0,adam,2500,0.01,0.03166189087424024,0.03193330190008064,7.245701430751337e-06,0.03192605619864989,0.9828758069281162,1.0
27.0,0,adam,3000,0.01,0.03133988536023802,0.03160598531708837,3.0704443275840477e-06,0.03160291487276079,0.983046042318474,1.0
27.0,0,adam,3500,0.01,0.031192574015176024,0.031456265501690645,3.6747099220185483e-06,0.031452590791768625,0.9831237783871946,1.0
27.0,0,adam,4000,0.01,0.031296271114950557,0.03155867346433994,0.00019125146842407882,0.031367421995915856,0.9831641220583198,1.0
27.0,0,adam,4500,0.01,0.031202183554341772,0.03146406098722393,0.00012658715609752642,0.0313374738311264,0.9831834208147308,1.0
27.0,0,adam,5000,0.01,0.031048447455296165,0.03130978754007986,8.342605350682029e-06,0.03130144493472918,0.9831987668170363,1.0
27.0,0,adam,5500,0.01,0.031037887287478774,0.03129904839946538,1.0928393352523653e-05,0.031288120006112856,0.9832049108540822,1.0
27.0,0,adam,6000,0.01,0.03103949690031742,0.03130087796860638,1.7907266363538644e-06,0.031299087241970024,0.9831987436019827,1.0
27.0,0,adam,6500,0.01,0.031060512452520405,0.03132186400255532,2.5122316309336428e-05,0.03129674168624599,0.983197475614909,1.0
27.0,0,adam,7000,0.01,0.0316119984318174,0.031873049849741354,0.000597595858932477,0.031275453990808874,0.9832071152188621,1.0
27.0,0,adam,7500,0.01,0.031046595640313198,0.03130758094500141,3.4237594689123755e-05,0.03127334335031229,0.9832119271312112,1.0
27.0,0,adam,8000,0.01,0.031407613621166154,0.031669014448862484,0.00036651550376284273,0.03130249894509964,0.9831993398243465,1.0
27.0,0,adam,8500,0.01,0.03108250249273253,0.03134339088085069,7.715499327361622e-05,0.03126623588757707,0.9832143054359685,1.0
27.0,0,adam,9000,0.01,0.03099632250961666,0.03125704660903138,2.772366800289394e-06,0.03125427424223109,0.983219751046648,1.0
27.0,0,adam,9500,0.01,0.030997441130188826,0.031258139061355036,6.6831897674573746e-06,0.03125145587158758,0.98322038489483,1.0
27.0,0,adam,10000,0.01,0.03099811073059065,0.03125877350107633,9.556725860857058e-06,0.031249216775215475,0.9832219283253394,1.0
27.0,0,adam,10500,0.01,0.031040484081211846,0.03130122512026555,4.77210344132727e-05,0.03125350408585228,0.9832196467976853,1.0
27.0,0,adam,11000,0.01,0.03101441487324602,0.03127532102954623,1.0171404278648716e-05,0.03126514962526758,0.983213858050941,1.0
27.0,0,adam,11500,0.01,0.03103841232488385,0.03129907881190545,5.127699559300281e-05,0.031247801816312443,0.9832226345258464,1.0
27.0,0,adam,12000,0.01,0.030985979098586823,0.031246574494540966,2.5688000075662436e-06,0.0312440056945334,0.9832245779548549,1.0
27.0,0,adam,12500,0.01,0.03134606055473251,0.03160699649283245,0.0003435484265479605,0.031263448066284484,0.9832139819090777,1.0
27.0,0,adam,13000,0.01,0.030992874464666864,0.031253521519643904,9.031718124825732e-06,0.031244489801519077,0.9832225777394895,1.0
27.0,0,adam,13500,0.01,0.03099046632260299,0.031251067360748404,9.1272311042905e-06,0.03124194012964411,0.9832244241706137,1.0
27.0,0,adam,14000,0.01,0.03112337860511979,0.031384395021550306,0.000117842539144709,0.0312665524824056,0.9832104195519064,1.0
27.0,0,adam,14500,0.01,0.031003652296341496,0.03126427488469373,2.2141919110451576e-05,0.031242132965583275,0.9832236836962409,1.0
27.0,0,adam,15000,0.01,0.03110690489843397,0.03136757185785506,0.00012253561639493326,0.03124503624146013,0.983222667421689,1.0
27.0,0,adam,15500,0.01,0.03106530451452306,0.0313260938786408,7.550519821707737e-05,0.03125058868042372,0.9832186870155873,1.0
27.0,0,adam,16000,0.01,0.031165255612190877,0.03142641062630123,0.00015238002564603329,0.031274030600655194,0.9832066781555818,1.0
27.0,0,adam,16500,0.01,0.0309932541579978,0.03125404596011524,1.6093012994674726e-06,0.031252436658815774,0.9832177797770828,1.0
27.0,0,adam,17000,0.01,0.031026395434011072,0.03128703062452343,4.6714042908336796e-05,0.031240316581615097,0.9832233608018173,1.0
27.0,0,adam,17500,0.01,0.031081416773715887,0.031342070838632566,0.00010150450423628022,0.031240566334396286,0.9832232647576592,1.0
27.0,0,adam,18000,0.01,0.030987702157357543,0.03124835213870512,8.765224492634424e-06,0.031239586914212487,0.9832233533720035,1.0
27.0,0,adam,18500,0.01,0.031017908754187615,0.03127863026026117,3.512726675844244e-05,0.031243502993502727,0.9832210427323761,1.0
27.0,0,adam,19000,0.01,0.031017799716759928,0.03127847422943718,3.973512904508999e-05,0.03123873910039209,0.9832217395270807,1.0
27.0,0,adam,19500,0.01,0.030981816498059065,0.031242479361229838,4.107876394021658e-06,0.031238371484835815,0.9832226453429683,1.0
27.0,0,adam,20000,0.01,0.03105352231475285,0.031314828868943684,3.6317818365994746e-05,0.03127851105057769,0.9832031278830071,1.0
27.0,0,adam,20500,0.01,0.030984548671913244,0.03124519176823381,8.809286544788904e-06,0.03123638248168902,0.983223191789431,1.0
27.0,0,adam,21000,0.01,0.03098055507211998,0.031241267060447882,1.260045585699804e-06,0.03124000701486218,0.9832210970757557,1.0
27.0,0,adam,21500,0.01,0.03099670521679869,0.03125736909406851,2.2425913314939376e-05,0.03123494318075357,0.9832210388051411,1.0
27.0,0,adam,22000,0.01,0.03123830354170656,0.03149914829496045,0.00025225448528669005,0.03124689380967376,0.98321745566415,1.0
27.0,0,adam,22500,0.01,0.03097307362883695,0.031233712896585074,1.7860012714531357e-06,0.031231926895313622,0.9832225755600091,1.0
27.0,0,adam,23000,0.01,0.03097356087000414,0.03123422851973844,9.691951574842418e-07,0.031233259324580955,0.9832221031020132,1.0
27.0,0,adam,23500,0.01,0.030976945883255638,0.031237594333115397,5.918303937781028e-06,0.031231676029177615,0.983222228395375,1.0
27.0,0,adam,24000,0.01,0.030983919740418343,0.031244575931935557,1.3410297502478384e-05,0.031231165634433077,0.9832215268495883,1.0
27.0,0,adam,24500,0.01,0.03106377264735975,0.031324474144218864,9.356821079269998e-05,0.031230905933426166,0.9832192873501948,1.0
27.0,0,adam,25000,0.01,0.030985544514171473,0.031246240747773657,1.813794733039372e-05,0.031228102800443264,0.9832206475338565,1.0
27.0,0,adam,25500,0.01,0.031075200630296035,0.03133709564611397,4.028085720513919e-05,0.03129681478890883,0.9831782598416666,1.0
27.0,0,adam,26000,0.01,0.030971606126473997,0.031232286894760795,6.9340204060809346e-06,0.031225352874354715,0.9832207718658551,1.0
27.0,0,adam,26500,0.01,0.030977340236542278,0.031238078857062788,1.037867420098577e-05,0.031227700182861803,0.9832182271969567,1.0
27.0,0,adam,27000,0.01,0.030986027890951468,0.031246702032626375,2.522992153857895e-05,0.031221472111087795,0.9832197017188716,1.0
27.0,0,adam,27500,0.01,0.03097429904978083,0.031235163908719717,3.402836430362162e-06,0.031231761072289355,0.9832149024914664,1.0
27.0,0,adam,28000,0.01,0.03106050193004489,0.03132120095030781,0.000102581147116567,0.031218619803191246,0.9832173474606991,1.0
27.0,0,adam,28500,0.01,0.031238511114357624,0.031500037553320946,0.00023441208202074927,0.0312656254713002,0.983190462096985,1.0
27.0,0,adam,29000,0.01,0.031141847025146163,0.03140289951377957,0.00016498063342255102,0.03123791888035702,0.9832082611774106,1.0
27.0,0,adam,29500,0.01,0.030991550298033025,0.03125234615073675,3.467157107474625e-05,0.031217674579662003,0.9832147690401354,1.0
27.0,0,adam,30000,0.01,0.030953032386915567,0.031213759617425767,5.249096280489762e-06,0.031208510521145278,0.9832147506970473,1.0
27.0,0,adam,30500,0.01,0.030993868073093993,0.03125486187179504,3.4099385740879797e-05,0.031220762486054158,0.9832054527638922,1.0
27.0,0,adam,31000,0.01,0.030949160611222052,0.031209926801129377,4.266939611753875e-06,0.031205659861517625,0.9832126648043397,1.0
27.0,0,adam,31500,0.01,0.030954402035781838,0.031215260155395896,1.0128008156716376e-05,0.03120513214723918,0.9832086162627964,1.0
27.0,0,adam,32000,0.01,0.030938561472487938,0.03119930574620899,3.2580076719909108e-06,0.031196047738537,0.9832113259711694,1.0
27.0,0,adam,32500,0.01,0.030937482504839957,0.031198265888906257,4.307311842447072e-06,0.03119395857706381,0.9832095715971233,1.0
27.0,0,adam,33000,0.01,0.03094934643048991,0.03121014956304793,1.8100817222080446e-05,0.03119204874582585,0.9832085123840714,1.0
27.0,0,adam,33500,0.01,0.030948009150979176,0.031208995786379846,1.1876390962968788e-05,0.03119711939541688,0.9832006341214159,1.0
27.0,0,adam,34000,0.01,0.031313041704633914,0.03157402516791801,0.000376656612952483,0.031197368554965528,0.9831998484846127,1.0
27.0,0,adam,34500,0.01,0.031134166087327497,0.03139516607570156,0.00019911375858812586,0.03119605231711343,0.9832002892022373,1.0
27.0,0,adam,35000,0.01,0.030961844356889704,0.031222722889017816,3.8333440527175814e-05,0.03118438944849064,0.9832032924621562,1.0
27.0,0,adam,35500,0.01,0.030953083721787185,0.03121398317179643,2.8339222815165218e-05,0.031185643948981264,0.9832030373920944,1.0
27.0,0,adam,36000,0.01,0.031000706058372643,0.031261721654936105,7.340671744973422e-05,0.031188314937486368,0.9831992195639832,1.0
27.0,0,adam,36500,0.01,0.03096758118039938,0.03122868412772195,3.7660534217071745e-05,0.03119102359350488,0.9831934641473452,1.0
27.0,0,adam,37000,0.01,0.030926934330547638,0.03118793526108313,2.2316895848776317e-06,0.031185703571498254,0.9831994352153406,1.0
27.0,0,adam,37500,0.01,0.03099502255777307,0.03125608989000861,7.018063745559459e-05,0.031185909252553018,0.9831945769473482,1.0
27.0,0,adam,38000,0.01,0.0309277379524517,0.031188710673036177,8.114441764211807e-06,0.031180596231271965,0.9831993825876423,1.0
27.0,0,adam,38500,0.01,0.030959503923492684,0.031220486662502607,4.174178780456038e-05,0.031178744874698048,0.9831986754579115,1.0
27.0,0,adam,39000,0.01,0.030922603986383957,0.031183542815059858,8.536348968665303e-06,0.03117500646609119,0.9831991243695969,1.0
27.0,0,adam,39500,0.01,0.03091442392621366,0.031175361650067138,2.223280129100452e-06,0.031173138369938038,0.9831989233086939,1.0
27.0,0,adam,40000,0.01,0.03099305226984406,0.03125398204445518,8.29920494707732e-05,0.03117098999498441,0.9831979222810251,1.0
27.0,0,adam,40500,0.01,0.03098927514725046,0.031250691207530774,5.816839703905325e-05,0.03119252281049172,0.9831810888454635,1.0
27.0,0,adam,41000,0.01,0.030908328082698108,0.03116928358022541,2.0773853564429546e-06,0.031167206194868964,0.983196923334971,1.0
27.0,0,adam,41500,0.01,0.0309448998049163,0.03120612080589598,2.914453370368143e-05,0.0311769762721923,0.9831858167718281,1.0
27.0,0,adam,42000,0.01,0.030938214370880134,0.031199233272679677,3.820106713933694e-05,0.03116103220554034,0.9831925824019015,1.0
27.0,0,adam,42500,0.01,0.030900068567490925,0.031161005112440684,1.1981451555054185e-05,0.03114902366088563,0.9831935186899414,1.0
27.0,0,adam,43000,0.01,0.030873538268580657,0.031134452579304642,4.605600204558181e-06,0.031129846979100085,0.9831903366721287,1.0
27.0,0,adam,43500,0.01,0.03083696552109724,0.031097754432192277,1.4569912489620135e-05,0.031083184519702656,0.9831859072108007,1.0
27.0,0,adam,44000,0.01,0.030661683166438233,0.030920102743790142,7.804091349128365e-05,0.030842061830298858,0.9832393007908121,1.0
27.0,0,adam,44500,0.01,0.030388625042695593,0.030644920586505513,0.0001234181377977479,0.030521502448707764,0.9832582998278139,1.0
27.0,0,adam,45000,0.01,0.029895792096055553,0.030145649944988154,4.276264155419343e-05,0.03010288730343396,0.9834476429785184,1.0
27.0,0,adam,45500,0.01,0.030456547597575524,0.030714858702903955,6.635882285195937e-06,0.030708222820618757,0.9831881299792589,1.0
27.0,0,adam,46000,0.01,0.030382011553979852,0.030627547609003235,0.00016429833462082893,0.030463249274382407,0.9837450439501662,1.0
27.0,0,adam,46500,0.1,0.029903917051128753,0.032564564424450805,4.197892863478024e-05,0.03252258549581603,0.839471994634531,1.0
27.0,0,adam,47000,0.1,0.02347028900399731,0.025045327071008098,1.986814739031176e-05,0.025025458923617787,0.8748434366135944,1.0
27.0,0,adam,47500,0.1,0.02618523929077347,0.028247082383388834,8.563734487867413e-05,0.02816144503851016,0.8526607529639697,1.0
27.0,0,adam,48000,0.1,0.007969772876509415,0.008149161628155382,6.345283534770006e-05,0.008085708792807683,0.9526238498523278,1.0
27.0,0,adam,48500,0.1,0.01597881249304834,0.016664950620516508,0.0002493653187935056,0.016415585301723,0.916005006164485,1.0
27.0,0,adam,49000,0.1,0.010844295518542813,0.011152115109533253,0.00019048775899915422,0.010961627350534098,0.9432246372245087,1.0
27.0,0,adam,49500,0.1,0.009325066881215541,0.009555629346459782,0.00011869823429325146,0.00943693111216653,0.9508972803478821,1.0
27.0,0,adam,50000,0.1,0.03114517742202004,0.03403189550278719,1.9234831035066716e-05,0.034012660671752126,0.8326958874600906,1.0
27.0,0,adam,50500,0.1,0.01453477566107456,0.01512047703101756,2.9075374820871427e-06,0.015117569493535474,0.9221079254441144,1.0
27.0,0,adam,51000,0.1,0.03201813075007344,0.035105449390832676,6.026510391477692e-05,0.0350451842869179,0.8279065014351915,1.0
27.0,0,adam,51500,0.1,0.03094615156675009,0.033830691987257286,3.6096607146845936e-05,0.03379459538011044,0.8331464935682622,1.0
27.0,0,adam,52000,0.1,0.03010644729123626,0.03282226834908124,2.7751324277665334e-05,0.03279451702480357,0.8379074477151996,1.0
27.0,0,adam,52500,1.0,0.0010533415015185864,0.0010860511498399358,3.3257127647159273e-07,0.0010857185785634641,0.9326615111453226,1.0
27.0,0,adam,53000,10.0,0.0001267284643957247,0.0001313057061412488,1.599343868613269e-07,0.00013114577175438747,0.9277255191236476,1.0
27.0,0,adam,53500,10.0,0.00016231033939403575,0.000165446588008213,3.129053350385895e-05,0.00013415605450435407,0.9367234470331718,1.0
27.0,0,adam,54000,10.0,0.0002220586471670818,0.00022462274119901547,0.00012415439954832153,0.00010046834165069396,0.9460692762629437,1.0
27.0,0,adam,54500,10.0,5.2340303042757836e-05,5.277678391994109e-05,1.0938480450078357e-05,4.183830346986273e-05,0.976444913989648,1.0
27.0,0,adam,55000,10.0,3.0400100950131396e-05,3.057300514634195e-05,4.282250195435876e-06,2.629075495090607e-05,0.984884076947938,1.0
27.0,0,adam,55500,10.0,8.952468643297182e-05,9.123301565527422e-05,9.147205152483342e-06,8.208581050279088e-05,0.9550880475528467,1.0
27.0,0,adam,56000,100.0,0.00011550259721951717,0.00011953553962737443,7.906439419466602e-05,4.047114543270842e-05,0.8000503678344216,1.0
27.0,0,adam,56500,100.0,0.00010195507176248054,0.0001117289821440378,4.6795572931675635e-05,6.493340921236215e-05,0.6657179042977617,1.0
27.0,0,adam,57000,100.0,0.00020349675890027807,0.00023080825972829984,0.00010019943337405353,0.0001306088263542463,0.3964533903134211,0.19074074074074074
27.0,0,adam,57500,100.0,2.417396336900817e-05,2.4921786718551887e-05,7.287710287390634e-06,1.7634076431161253e-05,0.9101812411765853,1.0
27.0,0,adam,58000,100.0,7.154199015147023e-05,7.35592730418562e-05,4.43729705436693e-05,2.918630249818691e-05,0.8575209864072785,1.0
27.0,0,adam,58500,100.0,0.00021663507953006267,1.5400834878768797,1.601631551229781e-06,1.5400818862453285,0.0,0.06296296296296296
27.0,0,adam,59000,100.0,0.0002260671038348684,6.743799100461686,2.3434991764247752e-06,6.74379675696251,0.0,0.046296296296296294
27.0,0,adam,59500,100.0,0.00021888322251422112,6.737571989334994,2.5359081263010844e-06,6.737569453426868,0.0,0.044444444444444446
27.0,0,adam,60000,100.0,0.0004124313605930396,5.599570409093802,0.00020056038346298263,5.59936984871034,0.0,0.044444444444444446
27.0,0,adam,60500,100.0,0.0006814911248766899,4.627641060293073,0.0004566203649038833,4.627184439928169,0.0,0.05
27.0,0,adam,61000,100.0,0.0002220202753624755,3.2911791048195767,1.4711440856943065e-06,3.291177633675491,0.0,0.04259259259259259
27.0,0,adam,61500,100.0,0.0003083144194057598,2.8855728769662745,1.1496580668737475e-05,2.8855613803856057,0.0,0.06481481481481481
27.0,0,adam,62000,100.0,0.00020948221147416645,2.3326072798584887,7.636099186510103e-07,2.33260651624857,0.0,0.040740740740740744
27.0,0,adam,62500,100.0,0.0007569230143499291,3.5973075724696484,0.000551745040503813,3.5967558274291447,0.0,0.08888888888888889
27.0,0,adam,63000,100.0,0.00022893075595020683,3.396160576100516,3.075773990533966e-05,3.3961298183606106,0.0,0.12222222222222222
27.0,0,adam,63500,100.0,0.0002567070779164483,0.4626602576478099,5.3284888450461604e-05,0.4626069727593594,0.0,0.12407407407407407
27.0,0,adam,64000,100.0,0.0002513339081669488,0.821452403670664,4.8945211246433574e-05,0.8214034584594175,0.0,0.12222222222222222
27.0,0,adam,64500,100.0,0.0002476115219204818,1.8125272129072834,4.5457855932612177e-05,1.8124817550513508,0.0,0.12777777777777777
27.0,0,adam,65000,100.0,0.00024683613308815677,1.1522929470820165,4.594184183232137e-05,1.152247005240184,0.0,0.12962962962962962
27.0,0,adam,65500,100.0,0.00032404920642251447,1.737491346073673,8.924974711353164e-05,1.7374020963265595,0.0,0.12222222222222222
27.0,0,adam,66000,100.0,0.0002005112098734808,1.3882643958101488,2.7179399348383475e-06,1.388261677870214,0.0,0.17037037037037037
27.0,0,adam,66500,100.0,0.00020664531265818738,2.3358766659611496,8.272376421801896e-07,2.3358758387235072,0.0,0.15185185185185185
27.0,0,adam,67000,100.0,0.0002078332275159167,1.9402668130143743,5.869914159581031e-06,1.9402609431002147,0.0,0.21666666666666667
27.0,0,adam,67500,100.0,0.00020505160553523644,2.103050415083553,4.1041002993299606e-06,2.103046310983254,0.0,0.2388888888888889
27.0,0,adam,68000,100.0,0.0002351372028549123,2.187846435828356,4.005232659803642e-05,2.187806383501758,0.0,0.15925925925925927
27.0,0,adam,68500,100.0,0.00022996930896785253,1.9149458522769214,3.1527363805570215e-05,1.9149143249131158,0.0,0.25
27.0,0,adam,69000,100.0,0.00024201039474512238,1.8569537604501607,4.872305146697324e-05,1.8569050373986937,0.0,0.25
27.0,0,adam,69500,100.0,0.00026078030384727363,1.945820704170547,6.954559409615686e-05,1.9457511585764509,0.0,0.24814814814814815
27.0,0,adam,70000,100.0,0.00020092692335899203,1.4440166220765844,8.878664748626265e-06,1.444007743411836,0.0,0.1537037037037037
27.0,0,adam,70500,100.0,0.00019978627811521543,0.7646553573039254,3.549815933829476e-06,0.7646518074879916,0.0,0.22777777777777777
27.0,0,adam,71000,100.0,0.00024417372366324856,0.45732176683821507,4.563592926602849e-05,0.45727613090894903,0.0,0.26296296296296295
27.0,0,adam,71500,100.0,0.0002499872439327427,0.2864678885909442,5.160329062567005e-05,0.28641628530031854,0.0,0.35555555555555557
27.0,0,adam,72000,100.0,0.00021185992369560818,0.27356331949004953,9.387797791451382e-06,0.27355393169225806,0.0,0.2074074074074074
27.0,0,adam,72500,100.0,0.000246827448975992,0.2862142723310379,5.22193517028865e-05,0.286162052979335,0.0,0.22777777777777777
27.0,0,adam,73000,100.0,0.00023624424254787825,0.2649353833909486,3.10643050867194e-05,0.2649043190858619,0.0,0.27037037037037037
27.0,0,adam,73500,100.0,0.00026907512605240226,0.3615784762589891,7.882882761086523e-05,0.36149964743137825,0.0,0.28888888888888886
27.0,0,adam,74000,100.0,0.00027319048435170927,0.4743484505210337,7.028787936204886e-05,0.47427816264167166,0.0,0.2759259259259259
27.0,0,adam,74500,100.0,0.00020796115183018349,0.5904548377976121,1.7354106190442853e-05,0.5904374836914217,0.0,0.29444444444444445
27.0,0,adam,75000,100.0,0.0003940842068304361,0.9057321635506126,0.00019970502405788104,0.9055324585265547,0.0,0.10740740740740741
27.0,0,adam,75500,100.0,0.00026675408411230156,1.4153012114691907,7.646510117179683e-05,1.415224746368019,0.0,0.2537037037037037
27.0,0,adam,76000,100.0,0.00023945742819067445,1.814647024217367,4.186361285223321e-05,1.8146051606045146,0.0,0.38333333333333336
27.0,0,adam,76500,100.0,0.00040772451135302924,5.252917488227042,0.0002040423641207412,5.252713445862922,0.0,0.2740740740740741
27.0,0,adam,77000,100.0,0.00020674570207930448,7.8919818614725274,1.700622175953586e-05,7.891964855250768,0.0,0.3425925925925926
27.0,0,adam,77500,100.0,0.00023477522684304302,8.422628015691414,3.6058345543376436e-05,8.42259195734587,0.0,0.30185185185185187
27.0,0,adam,78000,100.0,0.0002164914677601423,7.505329726862231,2.6186124709714946e-05,7.505303540737522,0.0,0.14629629629629629
27.0,0,adam,78500,100.0,0.00023412352654939998,7.427340003865886,1.936980160231862e-05,7.427320634064284,0.0,0.387037037037037
27.0,0,adam,79000,100.0,0.00019836184338714783,6.541150208636998,8.813914114061316e-06,6.541141394722884,0.0,0.2351851851851852
27.0,0,adam,79500,100.0,0.00027495446905312484,5.187445741486769,7.292267604645177e-05,5.187372818810723,0.0,0.37777777777777777
27.0,0,adam,80000,100.0,0.0001960987083453865,4.407340570499117,1.1024873278373225e-06,4.407339468011789,0.0,0.35555555555555557
27.0,0,adam,80500,100.0,0.00023288116439579287,4.311509666541275,4.100499879359235e-05,4.311468661542481,0.0,0.37222222222222223
27.0,0,adam,81000,100.0,0.00021627084002564124,3.4901349257357346,2.24341350326928e-05,3.490112491600702,0.0,0.22037037037037038
27.0,0,adam,81500,100.0,0.0002495773631639279,3.316351330213567,4.094187758045426e-05,3.3163103883359866,0.0,0.37592592592592594
27.0,0,adam,82000,100.0,0.0005466326155067996,3.0239397870907534,0.00034674203244930413,3.023593045058304,0.0,0.11481481481481481
27.0,0,adam,82500,100.0,0.00021062605324833142,2.8699064884992507,1.736487800492766e-05,2.869889123621246,0.0,0.32222222222222224
27.0,0,adam,83000,100.0,0.00019068287236362333,3.2728903945344565,1.5252888584052185e-06,3.272888869245598,0.0,0.12222222222222222
27.0,0,adam,83500,100.0,0.00027758424372353456,3.11150530022287,8.658186481092639e-05,3.111418718358059,0.0,0.23333333333333334
27.0,0,adam,84000,100.0,0.00019182246589676628,2.73168135098124,7.762930925109875e-07,2.7316805746881476,0.0,0.37407407407407406
27.0,0,adam,84500,100.0,0.00020672555063531154,2.7228778608770297,7.155072090641462e-06,2.722870705804939,0.0,0.37037037037037035
27.0,0,adam,85000,100.0,0.00022219567099331528,2.4645047714840564,2.6087330574837777e-05,2.4644786841534816,0.0,0.37592592592592594
27.0,0,adam,85500,100.0,0.00019972165040146777,2.4596257985281036,9.039125939782661e-07,2.4596248946155095,0.0,0.3611111111111111
27.0,0,adam,86000,100.0,0.0002119092109054042,2.4442548741852077,1.835429697907978e-05,2.4442365198882285,0.0,0.3592592592592593
27.0,0,adam,86500,100.0,0.00019438979983813244,2.6039489013895585,2.99784473741689e-06,2.603945903544821,0.0,0.2833333333333333
27.0,0,adam,87000,100.0,0.00020155707197022524,2.4015021702886723,3.2798683234332943e-06,2.4014988904203487,0.0,0.34814814814814815
27.0,0,adam,87500,100.0,0.0004999806804482127,2.250659466813988,0.000300897951388445,2.2503585688625996,0.0,0.3685185185185185
27.0,0,adam,88000,100.0,0.0001986578216953462,2.7998773544343094,2.232075256369505e-06,2.7998751223590532,0.0,0.29074074074074074
27.0,0,adam,88500,100.0,0.00026904848155584737,2.0869993154570916,6.746796886566784e-05,2.086931847488226,0.0,0.21666666666666667
27.0,0,adam,89000,100.0,0.00025372963574689833,2.273256688221334,5.387440446010351e-05,2.273202813816874,0.0,0.35
27.0,0,adam,89500,100.0,0.0002112715462284304,2.299987486780387,1.6014347002645133e-05,2.299971472433384,0.0,0.10555555555555556
27.0,0,adam,90000,100.0,0.00019228133093158203,2.261225342164437,1.4229309875085342e-08,2.261225327935127,0.0,0.38333333333333336
27.0,0,adam,90500,100.0,0.00027839606508707937,2.2708657558411867,8.503264190076351e-05,2.270780723199286,0.0,0.22777777777777777
27.0,0,adam,91000,100.0,0.00020606925789795052,2.0175437181381977,1.6818971800152167e-05,2.0175268991663975,0.0,0.2777777777777778
27.0,0,adam,91500,100.0,0.0004198657424625971,1.997053356469228,0.00022866126453868128,1.9968246952046895,0.0,0.34814814814814815
27.0,0,adam,92000,100.0,0.00024371160155067513,1.8238889521003565,1.1970576552601128e-05,1.8238769815238038,0.0,0.3685185185185185
27.0,0,adam,92500,100.0,0.00019348668946071596,1.8679937387723513,5.894174833204565e-06,1.8679878445975182,0.0,0.31296296296296294
27.0,0,adam,93000,100.0,0.00019197756622192787,1.6968965464571135,2.699979102163996e-06,1.6968938464780114,0.0,0.3685185185185185
27.0,0,adam,93500,100.0,0.00019316064386178724,1.381699329340913,2.040632455106289e-06,1.381697288708458,0.0,0.2574074074074074
27.0,0,adam,94000,100.0,0.00019790424202134393,1.4085970162646906,2.687685359305461e-06,1.4085943285793312,0.0,0.3574074074074074
27.0,0,adam,94500,100.0,0.00021314237953479553,1.1725279994187814,2.3213842726278737e-05,1.172504785576055,0.0,0.3574074074074074
27.0,0,adam,95000,100.0,0.00020090602585400846,0.7985615388650447,9.311795536322606e-07,0.798560607685491,0.0,0.37592592592592594
27.0,0,adam,95500,100.0,0.00020275096681412444,0.4209691225170936,3.822529794970064e-06,0.42096529998729865,0.0,0.2740740740740741
27.0,0,adam,96000,100.0,0.00022983394790124971,0.3152651405159332,2.7004283665585854e-05,0.3152381362322676,0.0,0.362962962962963
27.0,0,adam,96500,100.0,0.00022127949510937687,0.15826515240112707,3.4913833731517014e-05,0.15823023856739554,0.0,0.34814814814814815
27.0,0,adam,97000,100.0,0.0002051496629245796,0.3057528767567406,6.795384962913738e-06,0.3057460813717777,0.0,0.4759259259259259
27.0,0,adam,97500,100.0,0.00023279568581183391,0.5473016650052693,3.5426607791809906e-05,0.5472662383974776,0.0,0.43703703703703706
27.0,0,adam,98000,100.0,0.0002229011920089723,1.0451174583208038,2.2688417470486772e-05,1.0450947699033333,0.0,0.21666666666666667
27.0,0,adam,98500,100.0,0.000254725993312358,1.3634949733445147,5.7909828682740494e-05,1.363437063515832,0.0,0.412962962962963
27.0,0,adam,99000,100.0,0.0001946634224629085,1.572880753699318,3.94888879671857e-06,1.5728768048105213,0.0,0.2611111111111111
27.0,0,adam,99500,100.0,0.0002107051607369633,1.6947552791727023,1.4648282598774335e-05,1.6947406308901036,0.0,0.4166666666666667
27.0,0,adam,100000,100.0,0.0002355606624327254,1.4365964428815272,1.7636183440088642e-05,1.4365788066980871,0.0,0.4351851851851852
27.0,0,adam,100500,100.0,0.00019869044381567232,1.325161207950379,1.6947511710846422e-06,1.3251595131992078,0.0,0.45925925925925926
27.0,0,adam,101000,100.0,0.00023820448831286762,1.384848863219281,3.898988675623896e-05,1.3848098733325247,0.0,0.4074074074074074
27.0,0,adam,101500,100.0,0.00024012536048985915,1.7838334262531648,3.79737624815885e-05,1.7837954524906832,0.0,0.42407407407407405
27.0,0,adam,102000,100.0,0.0002324894812660601,2.078666787982751,3.8864010806698526e-05,2.0786279239719443,0.0,0.40925925925925927
27.0,0,adam,102500,100.0,0.0002592286841005874,2.5662977652166705,7.093390099660383e-05,2.566226831315674,0.0,0.10925925925925926
27.0,0,adam,103000,100.0,0.00022985282380271144,2.745188607308132,3.84151798323792e-05,2.7451501921282997,0.0,0.43703703703703706
27.0,0,adam,103500,100.0,0.00019616817585031948,3.137854832926061,3.2087704391503108e-06,3.137851624155622,0.0,0.30185185185185187
27.0,0,adam,104000,100.0,0.00021190793297291125,3.4878816562138377,1.5183963098134511e-05,3.4878664722507398,0.0,0.4740740740740741
27.0,0,adam,104500,100.0,0.00021918651731941112,4.133036298391443,2.6294543462277367e-05,4.13301000384798,0.0,0.22777777777777777
27.0,0,adam,105000,100.0,0.00021544633398062627,4.5228711293229615,7.064377873620239e-06,4.522864064945088,0.0,0.4759259259259259
27.0,0,adam,105500,100.0,0.00019262665752145373,5.3949934223755776,2.6653998098720174e-06,5.394990756975767,0.0,0.42962962962962964
27.0,0,adam,106000,100.0,0.00019210301788849518,6.102657773954399,7.236404393744952e-07,6.10265705031396,0.0,0.4648148148148148
27.0,0,adam,106500,100.0,0.00020822717117058084,6.969763211165015,1.8461403987175887e-05,6.969744749761028,0.0,0.42777777777777776
27.0,0,adam,107000,100.0,0.00021147197817214018,7.476420496638703,2.088163516941336e-05,7.476399615003533,0.0,0.4722222222222222
27.0,0,adam,107500,100.0,0.0002103407753101687,8.594722993178872,1.1298445507513824e-05,8.594711694733364,0.0,0.42777777777777776
27.0,0,adam,108000,100.0,0.0001968658608229286,8.587009667632191,4.150665923330851e-06,8.587005516966268,0.0,0.3925925925925926
27.0,0,adam,108500,100.0,0.00022380192607678915,9.335068829098194,3.472224686959385e-05,9.335034106851325,0.0,0.4444444444444444
27.0,0,adam,109000,100.0,0.00021819904334333722,8.724368353632656,2.6432806491693446e-05,8.724341920826165,0.0,0.4703703703703704
27.0,0,adam,109500,100.0,0.0002863951535279214,9.291929976045108,9.69877842950039e-05,9.291832988260813,0.0,0.48333333333333334
27.0,0,adam,110000,100.0,0.00021832839019084106,9.526226592549332,2.869628325340701e-05,9.526197896266078,0.0,0.34629629629629627
27.0,0,adam,110500,100.0,0.00019337542459460822,8.795486581101505,2.754053457390733e-06,8.795483827048047,0.0,0.42407407407407405
27.0,0,adam,111000,100.0,0.0002382816089736783,9.614262312085337,4.4828307093326e-05,9.614217483778244,0.0,0.43148148148148147
27.0,0,adam,111500,100.0,0.000202034663146971,8.90752669102587,1.3448137046444663e-06,8.907525346212166,0.0,0.48333333333333334
27.0,0,adam,112000,100.0,0.00020002035741199459,9.125584763262065,3.432488267547218e-06,9.125581330773798,0.0,0.5092592592592593
27.0,0,adam,112500,100.0,0.0001940171741864193,8.478462561270014,4.249542312706502e-06,8.478458311727701,0.0,0.43148148148148147
27.0,0,adam,113000,100.0,0.0001894894078116367,7.903447577617169,1.6489711296540846e-06,7.90344592864604,0.0,0.4444444444444444
27.0,0,adam,113500,100.0,0.000190184239530007,6.335792717344989,6.470189668799466e-07,6.335792070326022,0.0,0.48148148148148145
27.0,0,adam,114000,100.0,0.00019801862438210383,5.015833153975867,2.730040228010229e-06,5.01583042393564,0.0,0.49444444444444446
27.0,0,adam,114500,100.0,0.000204347891745901,4.485458536323896,1.3786989806696078e-05,4.485444749334089,0.0,0.35185185185185186
27.0,0,adam,115000,100.0,0.000237322796271081,4.431318408577173,4.627067180922254e-05,4.4312721379053635,0.0,0.4425925925925926
27.0,0,adam,115500,100.0,0.00020867095899361753,4.124890862360833,1.566282374175254e-05,4.124875199537091,0.0,0.4648148148148148
27.0,0,adam,116000,100.0,0.00019486379287983094,3.824473787425369,2.1528973354465443e-06,3.8244716345280336,0.0,0.412962962962963
27.0,0,adam,116500,100.0,0.0003036604768401019,4.071507887109815,9.736622098505587e-05,4.07141052088883,0.0,0.4111111111111111
27.0,0,adam,117000,100.0,0.00021074709251140135,3.895139837409257,1.0066298822030166e-05,3.895129771110435,0.0,0.4759259259259259
27.0,0,adam,117500,100.0,0.00019802460765076192,3.7384865506250224,7.1516475616154265e-06,3.7384793989774607,0.0,0.3962962962962963
27.0,0,adam,118000,100.0,0.00019153911669666075,3.40946341584108,1.2888719308324313e-06,3.409462126969149,0.0,0.412962962962963
27.0,0,adam,118500,100.0,0.00019506978451653726,3.452447222439268,1.882774892001839e-06,3.452445339664376,0.0,0.40185185185185185
27.0,0,adam,119000,100.0,0.0002078009195561906,3.127017416392962,1.1114679209445869e-05,3.1270063017137524,0.0,0.42962962962962964
27.0,0,adam,119500,100.0,0.0001930373710286171,3.0303023928352575,1.5777938408532765e-06,3.0303008150414166,0.0,0.42407407407407405
27.0,0,adam,120000,100.0,0.00020354399397428093,2.870591515771042,1.866560011937631e-06,2.87058964921103,0.0,0.5
27.0,0,adam,120500,100.0,0.00033161777924262006,2.6865032500530823,0.0001374647384411091,2.686365785314641,0.0,0.43703703703703706
27.0,0,adam,121000,100.0,0.00019010486293877268,2.4915085074711363,7.727667460743991e-07,2.49150773470439,0.0,0.4166666666666667
27.0,0,adam,121500,100.0,0.00019781151966177476,2.360303450903931,2.313508234573951e-06,2.3603011373956964,0.0,0.40555555555555556
27.0,0,adam,122000,100.0,0.00024384348836948086,2.369718585039734,3.8973699115642576e-05,2.3696796113406187,0.0,0.387037037037037
27.0,0,adam,122500,100.0,0.000274215479998354,2.1583181989501536,7.909054777202639e-05,2.1582391084023818,0.0,0.42777777777777776
27.0,0,adam,123000,100.0,0.00019802057365666205,2.0690316469820047,2.9596996754637467e-06,2.069028687282329,0.0,0.412962962962963
27.0,0,adam,123500,100.0,0.00019283223231652698,1.8528996850148314,3.3404782134972876e-06,1.8528963445366178,0.0,0.48703703703703705
27.0,0,adam,124000,100.0,0.00019923268692167566,1.6644849648935283,1.0403618677382172e-05,1.6644745612748508,0.0,0.4
27.0,0,adam,124500,100.0,0.00020803865233131778,1.6135518253140047,2.0415026763040012e-06,1.6135497838113284,0.0,0.47962962962962963
27.0,0,adam,125000,100.0,0.00022060480024099107,1.474812159611816,3.4584131704104684e-07,1.4748118137704989,0.0,0.45555555555555555
27.0,0,adam,125500,100.0,0.00018941243018866827,1.3145550506044137,8.464079397059259e-07,1.314554204196474,0.0,0.3814814814814815
27.0,0,adam,126000,100.0,0.00021957944019528104,1.1933763160058197,6.510646154403969e-07,1.1933756649412044,0.0,0.35185185185185186
27.0,0,adam,126500,100.0,0.00019682479610878817,0.9910791148199132,7.58943615320464e-06,0.99107152538376,0.0,0.4166666666666667
27.0,0,adam,127000,100.0,0.00019697896218740356,0.8118320056934908,2.395864758470252e-07,0.8118317661070149,0.0,0.40555555555555556
27.0,0,adam,127500,100.0,0.00019116697916514146,0.6294475029580237,2.1886569964312357e-06,0.6294453143010272,0.0,0.4425925925925926
27.0,0,adam,128000,100.0,0.00021250264292788787,0.16202365454192136,1.4748313107634994e-05,0.16200890622881373,0.0,0.5074074074074074
27.0,0,adam,128500,100.0,0.00022392228538492494,0.12175453678331971,2.7441958237011336e-05,0.1217270948250827,4.5387351136771555e-285,0.49444444444444446
27.0,0,adam,129000,100.0,0.0002433121502376593,0.15154225304740604,4.5544393919705784e-05,0.15149670865348633,0.0,0.3925925925925926
27.0,0,adam,129500,100.0,0.0002698862767621839,0.22692166840053973,7.681670830553623e-05,0.2268448516922342,0.0,0.4777777777777778
27.0,0,adam,130000,100.0,0.0001965670252513461,0.29238052465508485,5.395833510216768e-06,0.2923751288215746,0.0,0.512962962962963
27.0,0,adam,130500,100.0,0.0002229894252242362,0.377304051482699,2.890297688293935e-05,0.37727514850581606,0.0,0.5462962962962963
27.0,0,adam,131000,100.0,0.00019972302313511919,0.4584452514155742,6.891272304184567e-06,0.45843836014327,0.0,0.4962962962962963
27.0,0,adam,131500,100.0,0.000206565144043151,0.579655174779658,3.954774334470045e-06,0.5796512200053235,0.0,0.5111111111111111
27.0,0,adam,132000,100.0,0.00022109307152989941,0.6850429789482899,2.9726793198657126e-05,0.6850132521550912,0.0,0.4537037037037037
27.0,0,adam,132500,100.0,0.00019375230179825267,0.7395699102558162,2.8179178853621715e-06,0.7395670923379308,0.0,0.5222222222222223
27.0,0,adam,133000,100.0,0.00027546336627212335,0.8364571706574488,8.002317078924318e-05,0.8363771474866596,0.0,0.5037037037037037
27.0,0,adam,133500,100.0,0.0002084240858844978,0.9269996831464452,2.048518524192198e-05,0.9269791979612033,0.0,0.49444444444444446
27.0,0,adam,134000,100.0,0.0001914618358334268,0.9910463517267991,2.883722362289925e-06,0.9910434680044369,0.0,0.4722222222222222
27.0,0,adam,134500,100.0,0.00021217473541090874,1.075179067099311,2.0775926474743047e-05,1.0751582911728363,0.0,0.5111111111111111
27.0,0,adam,135000,100.0,0.00020351903842826712,1.167446543922861,1.2074259344691129e-05,1.1674344696635162,0.0,0.5037037037037037
27.0,0,adam,135500,100.0,0.00022423147054364303,1.2430845842066327,3.426787123385088e-05,1.2430503163353988,0.0,0.5
27.0,0,adam,136000,100.0,0.0003134907913911791,1.3161764327671703,0.0001120458573763876,1.3160643869097939,0.0,0.4759259259259259
27.0,0,adam,136500,100.0,0.00022279752794896775,1.2818241829415198,2.9050088517987382e-05,1.2817951328530017,0.0,0.5407407407407407
27.0,0,adam,137000,100.0,0.00019565228393063987,1.3395000643780095,1.6722881193539626e-06,1.3394983920898902,0.0,0.4648148148148148
27.0,0,adam,137500,100.0,0.00020564219691744282,1.3533827522860418,1.1558217950540794e-05,1.3533711940680913,0.0,0.6277777777777778
27.0,0,adam,138000,100.0,0.00020374214021087256,1.3746789415156861,8.75541066382453e-06,1.3746701861050223,0.0,0.5777777777777777
27.0,0,adam,138500,100.0,0.0002540095200143029,1.4245576813376146,2.1650428186127706e-05,1.4245360309094286,0.0,0.5388888888888889
27.0,0,adam,139000,100.0,0.00020626543504509635,1.3170722510350263,1.3329848736674082e-05,1.3170589211862898,0.0,0.5425925925925926
27.0,0,adam,139500,100.0,0.0002272324238407914,1.2952672698606287,3.713715148504904e-05,1.2952301327091436,0.0,0.47962962962962963
27.0,0,adam,140000,100.0,0.0002917194163675568,1.2683290995377734,8.861915087840596e-05,1.268240480386895,0.0,0.5018518518518519
27.0,0,adam,140500,100.0,0.0002134266822810098,1.1845531207712836,2.357856575905679e-05,1.1845295422055246,0.0,0.5388888888888889
27.0,0,adam,141000,100.0,0.00019813574131118223,1.1204813978722497,3.884728024400669e-06,1.1204775131442253,0.0,0.5018518518518519
27.0,0,adam,141500,100.0,0.00019760717808250624,1.0934962364680518,3.2061943330805156e-06,1.0934930302737187,0.0,0.49444444444444446
27.0,0,adam,142000,100.0,0.00020515348938230336,1.0709008999345555,7.559629789501079e-06,1.070893340304766,0.0,0.5166666666666667
27.0,0,adam,142500,100.0,0.0001958599162163736,1.0671896281299138,5.295714301031232e-07,1.0671890985584838,0.0,0.5074074074074074
27.0,0,adam,143000,100.0,0.00021463669133731675,1.069693406385992,2.1572530330979025e-05,1.069671833855661,0.0,0.49074074074074076
27.0,0,adam,143500,100.0,0.00019315786805437505,1.0546250222863682,3.399264407877628e-07,1.0546246823599275,0.0,0.5037037037037037
27.0,0,adam,144000,100.0,0.00021311005176096105,1.0128878669189505,2.2239354929171477e-05,1.0128656275640213,0.0,0.5074074074074074
27.0,0,adam,144500,100.0,0.0002064089090497006,0.9571375540828534,1.696852407543674e-05,0.957120585558778,0.0,0.512962962962963
27.0,0,adam,145000,100.0,0.00020229464498044172,0.9203067774472329,8.920068220248179e-06,0.9202978573790126,0.0,0.48148148148148145
27.0,0,adam,145500,100.0,0.00019920838884351745,0.8945919062821855,5.19716122409315e-07,0.8945913865660632,0.0,0.5462962962962963
27.0,0,adam,146000,100.0,0.00019488282915006491,0.8452045762277182,2.673104053463825e-06,0.8452019031236647,0.0,0.5166666666666667
27.0,0,adam,146500,100.0,0.00024337396015964818,0.8624119734019308,4.411602868980739e-05,0.862367857373241,0.0,0.3962962962962963
27.0,0,adam,147000,100.0,0.003650154046905856,0.9653238173660692,6.488744374827058e-05,0.965258929922321,0.0,0.001851851851851852
27.0,0,adam,147500,100.0,0.0017358414984365255,0.8640316634882903,5.383377771173641e-05,0.8639778297105786,0.0,0.001851851851851852
27.0,0,adam,148000,100.0,0.00018809750410472747,0.6786888949325749,7.728052861413857e-07,0.6786881221272888,0.0,0.3314814814814815
27.0,0,adam,148500,100.0,0.00020013091176701757,0.6224335674694187,4.962618518441045e-06,0.6224286048509002,0.0,0.3574074074074074
27.0,0,adam,149000,100.0,0.00023648216488287682,0.6611883965828566,4.011405955994019e-05,0.6611482825232966,0.0,0.55
27.0,0,adam,149500,100.0,0.00026901487166193174,0.7860883708236451,7.517302129781638e-05,0.7860131978023474,0.0,0.5277777777777778
27.0,0,adam,150000,100.0,0.0001895579539766664,0.7746851560009085,1.0791830470650439e-06,0.7746840768178614,0.0,0.5203703703703704
27.0,0,adam,150500,100.0,0.00018741533464889252,0.900641197619328,1.986387073017084e-07,0.9006409989806208,0.0,0.5092592592592593
27.0,0,adam,151000,100.0,0.00019579105554689657,1.0831917112196399,2.937791904432977e-07,1.0831914174404493,0.0,0.22777777777777777
27.0,0,adam,151500,100.0,0.00024213541228841745,1.2175703646061682,1.0567324227104206e-05,1.2175597972819412,0.0,0.5462962962962963
27.0,0,adam,152000,100.0,0.0002083911119757831,1.3498707504570333,1.173767710888645e-05,1.3498590127799244,0.0,0.4925925925925926
27.0,0,adam,152500,100.0,0.00025706376134676106,1.3425474713856422,6.17236536833363e-05,1.342485747731959,0.0,0.5018518518518519
27.0,0,adam,153000,100.0,0.0002000419157783027,1.4482156454947155,1.0204073601144684e-05,1.4482054414211143,0.0,0.5111111111111111
27.0,0,adam,153500,100.0,0.0002338762482145863,1.4828452915938979,3.837722452909897e-05,1.4828069143693687,0.0,0.5074074074074074
27.0,0,adam,154000,100.0,0.0002726043401697058,1.5881184738651786,8.329299031955732e-05,1.588035180874859,0.0,0.4981481481481482
27.0,0,adam,154500,100.0,0.00024187483558961014,1.7585478672734323,5.134048845626018e-05,1.758496526784976,0.0,0.5111111111111111
27.0,0,adam,155000,100.0,0.0035815042280127798,1.2666813542348176,6.391377480869605e-05,1.266617440460009,0.0,0.001851851851851852
27.0,0,adam,155500,100.0,0.0002591867550006151,0.629229640484178,1.297643429251281e-06,0.6292283428407487,0.0,0.009259259259259259
27.0,0,adam,156000,100.0,0.0002524725134778671,0.7698612261517762,1.9587029051702442e-07,0.7698610302814857,0.0,0.014814814814814815
27.0,0,adam,156500,100.0,0.0001928470896432148,0.8247495279796764,2.4326148422000985e-06,0.8247470953648341,0.0,0.08703703703703704
27.0,0,adam,157000,100.0,0.0002038866935036687,0.7720987317202948,1.2405419217513523e-05,0.7720863263010772,0.0,0.32222222222222224
27.0,0,adam,157500,100.0,0.00022144882157908868,1.6487199968906692,2.4606587006652455e-05,1.6486953903036625,0.0,0.48703703703703705
27.0,0,adam,158000,100.0,0.00022356981282196174,1.7739310293018884,3.341429024488531e-05,1.7738976150116434,0.0,0.4759259259259259
27.0,0,adam,158500,100.0,0.0002099275522121433,1.260981944500788,2.1200681038041876e-05,1.2609607438197499,0.0,0.412962962962963
27.0,0,adam,159000,100.0,0.00026591469056953885,1.3325246411888836,7.41474355892102e-05,1.3324504937532944,0.0,0.4074074074074074
27.0,0,adam,159500,100.0,0.00020134274198138464,0.9177935019139571,1.0846344975439907e-05,0.9177826555689818,0.0,0.524074074074074
27.0,0,adam,160000,100.0,0.00026220610951239846,0.9748561671884988,7.60658341171194e-05,0.9747801013543816,0.0,0.15925925925925927
27.0,0,adam,160500,100.0,0.00038321712284358214,0.7878312938093843,0.0001895737072480306,0.7876417201021363,0.0,0.43333333333333335
27.0,0,adam,161000,100.0,0.00022579276607816447,0.8894344499098314,3.322841200259057e-05,0.8894012214978289,0.0,0.5518518518518518
27.0,0,adam,161500,100.0,0.00027678344522038493,0.8375560064441183,7.917107091287836e-05,0.8374768353732054,0.0,0.48703703703703705
27.0,0,adam,162000,100.0,0.0002998650936687234,0.8796848223841853,9.334685859780193e-05,0.8795914755255875,0.0,0.4685185185185185
27.0,0,adam,162500,100.0,0.0002393058412413014,0.8224442789311639,4.887974464299712e-05,0.8223953991865209,0.0,0.4444444444444444
27.0,0,adam,163000,100.0,0.00023503531983550208,0.744211818506856,4.538204080932788e-05,0.7441664364660467,0.0,0.3685185185185185
27.0,0,adam,163500,100.0,0.0016194579438295407,1.3621435931699695,3.8142975245801164e-05,1.3621054501947236,0.0,0.001851851851851852
27.0,0,adam,164000,100.0,0.00035337911472226865,1.3490160468680543,3.8499694837645615e-06,1.3490121968985707,0.0,0.001851851851851852
27.0,0,adam,164500,100.0,0.00024055341653972707,1.5729158085057993,1.6512941938400276e-07,1.5729156433763798,0.0,0.018518518518518517
27.0,0,adam,165000,100.0,0.0002769689220777811,1.8251468506555888,6.092102007482425e-05,1.825085929635514,0.0,0.04259259259259259
27.0,0,adam,165500,100.0,0.00020272640882449875,1.6857422098483046,5.342897336478098e-07,1.685741675558571,0.0,0.09074074074074075
27.0,0,adam,166000,100.0,0.00019575588508862545,2.1954271612836402,1.1070350728116972e-06,2.1954260542485673,0.0,0.24814814814814815
27.0,0,adam,166500,100.0,0.00019018318880042114,2.2374681515351256,5.74641943889357e-07,2.2374675768931818,0.0,0.25
27.0,0,adam,167000,100.0,0.00020461220951529767,1.7640982636582228,1.2814920156903236e-05,1.764085448738066,0.0,0.15
27.0,0,adam,167500,100.0,0.00019976040936105834,0.9480525429295714,1.0056699319868339e-05,0.9480424862302516,0.0,0.2462962962962963
27.0,0,adam,168000,100.0,0.00022095000806527743,1.4780990785030874,1.8902961704940567e-05,1.4780801755413824,0.0,0.28888888888888886
27.0,0,adam,168500,100.0,0.00021439107153562928,2.2424796460735337,2.3038778515805298e-05,2.242456607295018,0.0,0.34814814814814815
27.0,0,adam,169000,100.0,0.0002605346559065659,1.8812037379844797,4.797056322880992e-05,1.881155767421251,0.0,0.3611111111111111
27.0,0,adam,169500,100.0,0.00021245661724477244,0.8344366118055442,1.6339737859417236e-05,0.8344202720676848,0.0,0.3037037037037037
27.0,0,adam,170000,100.0,0.0002282330816614549,0.7896516325818838,3.559548279844277e-05,0.7896160370990853,0.0,0.362962962962963
27.0,0,adam,170500,100.0,0.00023856336611462845,2.0514682683635823,3.4273115217624445e-05,2.051433995248365,0.0,0.49444444444444446
27.0,0,adam,171000,100.0,0.00019824712871654624,0.1858712044930836,9.543151256693068e-06,0.1858616613418269,0.0,0.2740740740740741
27.0,0,adam,171500,100.0,0.00020121327568064135,0.27115786956546295,8.5662780893092e-06,0.27114930328737363,0.0,0.44074074074074077
27.0,0,adam,172000,100.0,0.00022288771500699828,0.260828986937291,2.9452856417327763e-05,0.2607995340808737,0.0,0.5296296296296297
27.0,0,adam,172500,100.0,0.0001945659926192927,0.3930288145673601,1.0005863739417155e-07,0.39302871450872273,0.0,0.5388888888888889
27.0,0,adam,173000,100.0,0.00020209113522943063,0.4857928655056921,9.371796248646447e-06,0.48578349370944346,0.0,0.4962962962962963
27.0,0,adam,173500,100.0,0.00023257909160023115,0.6352469916340852,3.703291877445007e-05,0.6352099587153107,0.0,0.5185185185185185
27.0,0,adam,174000,100.0,0.00020609212929417078,0.7106165408709603,1.1527045242609745e-05,0.7106050138257176,0.0,0.43148148148148147
27.0,0,adam,174500,100.0,0.00021437993897979233,2.099831134566667,2.250063925785526e-05,2.099808633927409,0.0,0.47962962962962963
27.0,0,adam,175000,100.0,0.00021471590872486484,1.6264312331554922,2.1565152860179512e-05,1.626409668002632,0.0,0.5333333333333333
27.0,0,adam,175500,100.0,0.0002574890800930352,1.2440071846095573,5.3772565242505816e-05,1.2439534120443148,0.0,0.4888888888888889
27.0,0,adam,176000,100.0,0.00020417879958782408,1.3319978811493516,9.085392402848064e-06,1.3319887957569487,0.0,0.4074074074074074
27.0,0,adam,176500,100.0,0.00025322159947201595,1.5713461613404223,4.9871926066174344e-05,1.571296289414356,0.0,0.5351851851851852
27.0,0,adam,177000,100.0,0.00020105512685380557,1.415481667891812,1.1357491395784725e-05,1.4154703104004163,0.0,0.512962962962963
27.0,0,adam,177500,100.0,0.00021716963753095126,1.0814349502965768,2.9557140928869708e-05,1.081405393155648,0.0,0.48148148148148145
27.0,0,adam,178000,100.0,0.00022486431940342333,1.494875287720732,3.3190643958236716e-05,1.4948420970767737,0.0,0.5018518518518519
27.0,0,adam,178500,100.0,0.0002664291220772103,1.2595627305045995,3.7292194121608946e-05,1.259525438310478,0.0,0.512962962962963
27.0,0,adam,179000,100.0,0.00024346083925122763,1.1499711164351494,3.052518011508812e-05,1.1499405912550342,0.0,0.5574074074074075
27.0,0,adam,179500,100.0,0.00021202874384272964,1.2847398006594333,1.0485777483209288e-05,1.28472931488195,0.0,0.5111111111111111
27.0,0,adam,180000,100.0,0.00024811302036932065,1.3232559439148472,5.242905865812386e-05,1.3232035148561891,0.0,0.5666666666666667
27.0,0,adam,180500,100.0,0.0003240288909183706,1.0777204471905286,0.00012740892021050797,1.077593038270318,0.0,0.36666666666666664
27.0,0,adam,181000,100.0,0.0002248063972522271,1.3099496429411002,1.4471020002912801e-05,1.3099351719210972,0.0,0.5018518518518519
27.0,0,adam,181500,100.0,0.0002289521881424171,1.3054604143428206,3.857781026898796e-05,1.3054218365325516,0.0,0.5444444444444444
27.0,0,adam,182000,100.0,0.00021346143119856562,1.281709039265317,1.7780420035632997e-05,1.2816912588452813,0.0,0.5148148148148148
27.0,0,adam,182500,100.0,0.00019181806916468135,1.1383725615498064,3.076394111837389e-06,1.1383694851556945,0.0,0.6111111111111112
27.0,0,adam,183000,100.0,0.00026957670514801907,1.1411140510591278,8.066491443124779e-05,1.1410333861446966,0.0,0.5037037037037037
27.0,0,adam,183500,100.0,0.00021578176267754903,1.69135033098762,2.6418196175675504e-05,1.6913239127914443,0.0,0.4981481481481482
27.0,0,adam,184000,100.0,0.0002385024672992481,2.2303906867303005,1.0215788526157741e-05,2.2303804709417743,0.0,0.5277777777777778
27.0,0,adam,184500,100.0,0.0002589832289237076,1.7807142662714865,6.873120591635542e-05,1.78064553506557,0.0,0.5351851851851852
27.0,0,adam,185000,100.0,0.0002010835190118182,1.4208018972761522,1.2974927790544007e-05,1.4207889223483616,0.0,0.5388888888888889
27.0,0,adam,185500,100.0,0.00034174139087076155,1.6264800938218544,0.00013930424363200794,1.6263407895782225,0.0,0.5722222222222222
27.0,0,adam,186000,100.0,0.00028042884839629277,1.4774284402794406,7.281798682029795e-05,1.4773556222926203,0.0,0.48518518518518516
27.0,0,adam,186500,100.0,0.00027633414390682454,1.7109908698941134,8.096426835632912e-05,1.710909905625757,0.0,0.4925925925925926
27.0,0,adam,187000,100.0,0.0002345571675292406,1.544468443641983,4.675911596072597e-05,1.5444216845260224,0.0,0.5018518518518519
27.0,0,adam,187500,100.0,0.0005230056233797488,1.470394694345239,0.00033315338694711686,1.470061540958292,0.0,0.4759259259259259
27.0,0,adam,188000,100.0,0.0002205618705470508,1.474229588335263,1.3094222493527675e-05,1.4742164941127693,0.0,0.5351851851851852
27.0,0,adam,188500,100.0,0.00019473757952511738,1.1883325936629177,4.117449321748751e-06,1.188328476213596,0.0,0.5074074074074074
27.0,0,adam,189000,100.0,0.00025276334732798954,1.191641958903762,5.711947286074208e-05,1.1915848394309012,0.0,0.4888888888888889
27.0,0,adam,189500,100.0,0.00022481958777382195,1.5485730246747182,3.526147461086968e-05,1.5485377632001074,0.0,0.24074074074074073
27.0,0,adam,190000,100.0,0.00019190231018027397,1.2746045539876847,4.388579507310356e-06,1.2746001654081773,0.0,0.5018518518518519
27.0,0,adam,190500,100.0,0.0003176660117863918,1.6102233428397301,1.4554219564873106e-06,1.6102218874177736,0.0,0.5740740740740741
27.0,0,adam,191000,100.0,0.00020811576587289002,1.5846888927983411,1.1350347169630581e-05,1.5846775424511714,0.0,0.5037037037037037
27.0,0,adam,191500,100.0,0.00019455553971471743,1.7343156137523161,6.9221142480315e-07,1.7343149215408913,0.0,0.5296296296296297
27.0,0,adam,192000,100.0,0.00019572810276103966,3.0362917168361547,2.4290621813842176e-06,3.0362892877739736,0.0,0.4925925925925926
27.0,0,adam,192500,100.0,0.00021258349445763016,1.9636847186639201,1.9066400549412896e-05,1.9636656522633706,0.0,0.5074074074074074
27.0,0,adam,193000,100.0,0.00020314947685811516,0.9943294285128784,1.1652511281458617e-05,0.994317776001597,0.0,0.5018518518518519
27.0,0,adam,193500,100.0,0.00022239927815699673,0.0778249967278005,3.2544740197492857e-05,0.077792451987603,5.199706726084289e-181,0.5425925925925926
27.0,0,adam,194000,100.0,0.00029736784070121984,0.059337964028270226,9.89204131097624e-05,0.05923904361516046,4.048245334971607e-138,0.674074074074074
27.0,0,adam,194500,100.0,0.00024352142791132428,0.1102405049107959,4.9568533478846145e-05,0.11019093637731706,6.464126730878114e-256,0.6074074074074074
27.0,0,adam,195000,100.0,0.00021837378039772575,0.23919662971824834,2.9542417839466592e-05,0.23916708730040886,0.0,0.3611111111111111
27.0,0,adam,195500,100.0,0.0002701792609469228,0.31141082831590283,7.50740104141131e-05,0.3113357543054887,0.0,0.6296296296296297
27.0,0,adam,196000,100.0,0.00021687810197920635,0.377362265575555,2.788166304771897e-05,0.3773343839125073,0.0,0.2740740740740741
27.0,0,adam,196500,100.0,0.00022562921760162566,0.4194050319420179,3.2003292465590806e-05,0.4193730286495523,0.0,0.6277777777777778
27.0,0,adam,197000,100.0,0.00019741874092722651,0.49308329610624835,3.0929632380421116e-06,0.4930802031430103,0.0,0.5351851851851852
27.0,0,adam,197500,100.0,0.00019771241865685382,0.5570451392928932,1.070646910899671e-06,0.5570440686459823,0.0,0.5074074074074074
27.0,0,adam,198000,100.0,0.00022323872123244161,0.6181215257808547,2.650508319974548e-05,0.6180950206976549,0.0,0.6277777777777778
27.0,0,adam,198500,100.0,0.00021188241305010767,0.6657640924718352,1.676603504077107e-05,0.6657473264367945,0.0,0.6425925925925926
27.0,0,adam,199000,100.0,0.00021027529032620874,0.6908554368993303,1.6335143355203016e-05,0.6908391017559751,0.0,0.524074074074074
27.0,0,adam,199500,100.0,0.00020948564912133896,0.7061541677400045,1.0907452194797788e-05,0.7061432602878097,0.0,0.5407407407407407
27.0,0,adam,200000,100.0,0.00019901249133322284,0.6534218614673739,7.327948176761871e-07,0.6534211286725562,0.0,0.5148148148148148
27.0,0,adam,200500,100.0,0.0002250148509914572,0.6150132809264841,2.7467733632178115e-05,0.614985813192852,0.0,0.5425925925925926
27.0,0,adam,201000,100.0,0.00023629185194064614,0.6011449821412784,3.693073705516061e-05,0.6011080514042233,0.0,0.6277777777777778
27.0,0,adam,201500,100.0,0.0002697462736089819,0.5944600613026685,7.371064535733284e-05,0.5943863506573112,0.0,0.6111111111111112
27.0,0,adam,202000,100.0,0.00023130634150857267,0.5912263574273938,3.3667288143515566e-05,0.5911926901392504,0.0,0.5925925925925926
27.0,0,adam,202500,100.0,0.00022113941026196803,0.5894269156132774,2.3946237337288187e-05,0.5894029693759402,0.0,0.5833333333333334
27.0,0,adam,203000,100.0,0.00022476633782490826,0.5907306826220589,2.693603331834275e-05,0.5907037465887405,0.0,0.6018518518518519
27.0,0,adam,203500,100.0,0.00026678855191108574,0.5869884825389403,6.915072548247092e-05,0.5869193318134578,0.0,0.5888888888888889
27.0,0,adam,204000,100.0,0.00022923852007506306,0.585524851536744,3.31054295517023e-05,0.5854917461071923,0.0,0.524074074074074
27.0,0,adam,204500,100.0,0.00023619844613252891,0.5830859738264123,3.915073463074878e-05,0.5830468230917815,0.0,0.6222222222222222
27.0,0,adam,205000,100.0,0.00021863411025013806,0.5817383646545427,2.0033608109575038e-05,0.5817183310464331,0.0,0.6407407407407407
27.0,0,adam,205500,100.0,0.00024095601964515555,0.5790460116120432,4.606826916721831e-05,0.578999943342876,0.0,0.5055555555555555
27.0,0,adam,206000,100.0,0.0001991735473534596,0.5767974587898257,3.555998213449615e-06,0.5767939027916122,0.0,0.6333333333333333
27.0,0,adam,206500,100.0,0.00019867393826857895,0.5745277587990554,2.9737998454209406e-06,0.57452478499921,0.0,0.6259259259259259
27.0,0,adam,207000,100.0,0.0002508671087354235,0.5728092159886911,5.559263923843038e-05,0.5727536233494527,0.0,0.6203703703703703
27.0,0,adam,207500,100.0,0.000237817732162896,0.5700237080164715,4.353986415959183e-05,0.5699801681523119,0.0,0.6074074074074074
27.0,0,adam,208000,100.0,0.00024654478223795146,0.5676420745901471,5.221080228060022e-05,0.5675898637878666,0.0,0.6018518518518519
27.0,0,adam,208500,100.0,0.00020645476639909207,0.5644809658998075,1.3338065768202879e-05,0.5644676278340393,0.0,0.5333333333333333
27.0,0,adam,209000,100.0,0.00020281544588044199,0.5596980523536764,1.0091621659584586e-05,0.5596879607320169,0.0,0.5370370370370371
27.0,0,adam,209500,100.0,0.00019637059393191295,0.5528747674237572,3.644101005677258e-06,0.5528711233227515,0.0,0.5444444444444444
27.0,0,adam,210000,100.0,0.0002592678714299785,0.5436744819652339,6.560137423390394e-05,0.543608880591,0.0,0.5796296296296296
27.0,0,adam,210500,100.0,0.00022702071015192346,0.5768192275320166,3.843114365609965e-05,0.5767807963883606,0.0,0.412962962962963
27.0,0,adam,211000,100.0,0.00022017510135179807,0.5667422472932385,2.767758497163288e-05,0.5667145697082668,0.0,0.6296296296296297
27.0,0,adam,211500,100.0,0.00022185769645527973,0.6004651823429987,1.8800097144001193e-05,0.6004463822458547,0.0,0.5518518518518518
27.0,0,adam,212000,100.0,0.00021379341835578712,0.602943373613441,4.754524716594169e-06,0.6029386190887244,0.0,0.6129629629629629
27.0,0,adam,212500,100.0,0.0001884702144764395,0.5668646291175434,3.8150241595794164e-07,0.5668642476151274,0.0,0.587037037037037
27.0,0,adam,213000,100.0,0.00020474188717008738,0.4744237003444201,1.695731690038648e-05,0.47440674302751973,0.0,0.4962962962962963
27.0,0,adam,213500,100.0,0.0002141199712396255,0.4795822639923365,1.930817253881034e-05,0.4795629558197977,0.0,0.6296296296296297
27.0,0,adam,214000,100.0,0.00021978769030098804,0.4929714484133109,2.6976340858566203e-05,0.49294447207245234,0.0,0.5611111111111111
27.0,0,adam,214500,100.0,0.00019164018769521617,0.5510653538087796,3.4674877813527014e-06,0.5510618863209983,0.0,0.6222222222222222
27.0,0,adam,215000,100.0,0.00027496574928758034,0.6535697992101868,8.409912586177617e-05,0.6534857000843249,0.0,0.5981481481481481
27.0,0,adam,215500,100.0,0.00022170619206317885,0.6611605026361516,3.15420562132289e-05,0.6611289605799383,0.0,0.6074074074074074
27.0,0,adam,216000,100.0,0.00020768557275706678,0.7117208585425808,1.9495434138967487e-05,0.7117013631084419,0.0,0.5425925925925926
27.0,0,adam,216500,100.0,0.0002335275741176451,0.82954142241498,3.5494364372495754e-05,0.8295059280506075,0.0,0.5962962962962963
27.0,0,adam,217000,100.0,0.0001949007384846251,0.9092622744510501,1.830892258754801e-06,0.9092604435587913,0.0,0.6129629629629629
27.0,0,adam,217500,100.0,0.00019083655532680752,1.0903923712041934,1.6676138869090877e-06,1.0903907035903064,0.0,0.3888888888888889
27.0,0,adam,218000,100.0,0.0001918706859453973,1.0888001281808584,8.573516430339196e-07,1.0887992708292153,0.0,0.6259259259259259
27.0,0,adam,218500,100.0,0.00021370748261879507,1.1448663944633222,2.1602374347195014e-05,1.144844792088975,0.0,0.4740740740740741
27.0,0,adam,219000,100.0,0.0002030610755948898,1.1996778347832513,3.756877109508969e-06,1.199674077906142,0.0,0.6462962962962963
27.0,0,adam,219500,100.0,0.0002474210866107145,1.2368134966758328,5.396684945236389e-05,1.2367595298263805,0.0,0.587037037037037
27.0,0,adam,220000,100.0,0.0002508793685248517,1.4239771324871917,5.824351887028056e-05,1.4239188889683214,0.0,0.6111111111111112
27.0,0,adam,220500,100.0,0.00019487520735464992,1.407096374242624,5.640968367987356e-06,1.407090733274256,0.0,0.6129629629629629
27.0,0,adam,221000,100.0,0.00019848983409159846,1.5572424596321108,3.7814265131929624e-06,1.5572386782055976,0.0,0.6296296296296297
27.0,0,adam,221500,100.0,0.00021606329953578404,1.6419707506193035,2.406564667781344e-05,1.6419466849726256,0.0,0.5407407407407407
27.0,0,adam,222000,100.0,0.0001959156406455885,1.5950637962219518,5.532494475177287e-07,1.5950632429725042,0.0,0.6240740740740741
27.0,0,adam,222500,100.0,0.00020189037468610124,1.7684843007386244,1.0359010718363461e-05,1.768473941727906,0.0,0.6129629629629629
27.0,0,adam,223000,100.0,0.0003619786826835015,1.9522109087141248,0.00016764406362387396,1.952043264650501,0.0,0.5018518518518519
27.0,0,adam,223500,100.0,0.00026295890215119857,1.9885544585315436,6.308094718444561e-05,1.9884913775843591,0.0,0.7407407407407407
27.0,0,adam,224000,100.0,0.00020031357563864716,1.9428263668512977,8.370442902233251e-06,1.9428179964083956,0.0,0.6166666666666667
27.0,0,adam,224500,100.0,0.00020495899764515294,1.9868060899716173,1.6228251847325317e-05,1.9867898617197701,0.0,0.5277777777777778
27.0,0,adam,225000,100.0,0.0002077262003208091,2.0900387713433592,2.686416857869256e-06,2.0900360849265014,0.0,0.6703703703703704
27.0,0,adam,225500,100.0,0.0002211998478748424,2.022560560458587,3.401872833121526e-05,2.022526541730256,0.0,0.5944444444444444
27.0,0,adam,226000,100.0,0.00019429806778226995,2.102966643481739,3.6674452889121666e-06,2.10296297603645,0.0,0.6259259259259259
27.0,0,adam,226500,100.0,0.00019473529258789182,2.1994795857782323,5.972582882030639e-06,2.1994736131953503,0.0,0.6481481481481481
27.0,0,adam,227000,100.0,0.00021758791708684666,2.12430978618234,2.983075520878261e-05,2.124279955427131,0.0,0.5833333333333334
27.0,0,adam,227500,100.0,0.00022382508502001862,2.4099830607098136,3.078810420169904e-05,2.409952272605612,0.0,0.5444444444444444
27.0,0,adam,228000,100.0,0.00024615565647225976,2.227351652206621,5.8562155625896846e-05,2.227293090050995,0.0,0.6074074074074074
27.0,0,adam,228500,100.0,0.00029500487212391873,2.4368098004364303,0.00010350462406554188,2.436706295812365,0.0,0.6203703703703703
27.0,0,adam,229000,100.0,0.00019157140683651996,2.3523816893971268,3.6463411503877765e-06,2.3523780430559764,0.0,0.6296296296296297
27.0,0,adam,229500,100.0,0.00019262859344075552,2.3246721256745517,3.418683382229113e-06,2.3246687069911696,0.0,0.6611111111111111
27.0,0,adam,230000,100.0,0.00020278751894187288,2.5783298488489557,1.3010483066671302e-05,2.578316838365889,0.0,0.6703703703703704
27.0,0,adam,230500,100.0,0.00020098631832117278,2.337868442887617,1.0917977802283966e-05,2.337857524909815,0.0,0.6351851851851852
27.0,0,adam,231000,100.0,0.0002200613198772353,2.2376443734856317,2.9734080434865725e-05,2.237614639405197,0.0,0.6537037037037037
27.0,0,adam,231500,100.0,0.00020450770479007302,2.562610107224863,1.5689620183959958e-05,2.562594417604679,0.0,0.6370370370370371
27.0,0,adam,232000,100.0,0.00019531995057297296,2.5173576551198953,4.396897025899122e-06,2.5173532582228693,0.0,0.37037037037037035
27.0,0,adam,232500,100.0,0.000210079387555252,2.5892357016162286,6.598337345654478e-06,2.589229103278883,0.0,0.6277777777777778
27.0,0,adam,233000,100.0,0.00022641078604645573,2.4800097208627943,3.6251875685410925e-05,2.479973468987109,0.0,0.5074074074074074
27.0,0,adam,233500,100.0,0.00019452532030667512,2.4190708617451366,3.084969825314556e-07,2.419070553248154,0.0,0.6925925925925925
27.0,0,adam,234000,100.0,0.0002113381234577581,2.5189546309925768,1.955811875765993e-05,2.518935072873819,0.0,0.6907407407407408
27.0,0,adam,234500,100.0,0.00020463721530891775,2.416567660283978,1.2546644966277414e-05,2.4165551136390118,0.0,0.6611111111111111
27.0,0,adam,235000,100.0,0.00020810866291255399,2.403861082652005,1.4459281013640409e-05,2.403846623370991,0.0,0.6481481481481481
27.0,0,adam,235500,100.0,0.00022798614296017076,2.4856594716690337,3.7216180818560195e-05,2.4856222554882152,0.0,0.5259259259259259
27.0,0,adam,236000,100.0,0.00020813627001679954,2.528843588589233,1.7299437170013557e-05,2.528826289152063,0.0,0.6611111111111111
27.0,0,adam,236500,100.0,0.00019016755413410854,2.4230374548899727,8.407479236545905e-07,2.423036614142049,0.0,0.6444444444444445
27.0,0,adam,237000,100.0,0.00018997609207624361,2.449818739680187,1.4871332653394794e-06,2.4498172525469215,0.0,0.6277777777777778
27.0,0,adam,237500,100.0,0.00026766843420516383,2.6032310077818774,7.586901768965677e-05,2.603155138764188,0.0,0.6018518518518519
27.0,0,adam,238000,100.0,0.0003049399617651647,2.583247302988406,0.00011106103209675447,2.5831362419563093,0.0,0.6166666666666667
27.0,0,adam,238500,100.0,0.0002228344076715052,2.6418094027740837,3.3957208054040684e-05,2.64177544556603,0.0,0.6537037037037037
27.0,0,adam,239000,100.0,0.00019703626334076845,2.5897787900837934,9.544532398587554e-06,2.5897692455513948,0.0,0.4074074074074074
27.0,0,adam,239500,100.0,0.00019382953202516908,2.709822043525219,5.214162508166683e-06,2.709816829362711,0.0,0.6537037037037037
27.0,0,adam,239999,100.0,0.00022669380204147607,2.8060053007775236,3.171215763419405e-05,2.8059735886198895,0.0,0.6351851851851852
27.0,0,lbfgs,0,,,0.031401731183789694,3.205988733807101e-08,0.03140169912390236,,
27.0,0,lbfgs,1,,,0.02652159728336714,5.896194316739201e-06,0.0265157010890504,,
27.0,0,lbfgs,2,,,0.0022471919464001158,2.8567253937065866e-06,0.002244335221006409,,
27.0,0,lbfgs,3,,,0.0014786708578852746,3.966249271304714e-06,0.0014747046086139698,,
27.0,0,lbfgs,4,,,0.0013802119616388778,3.267676663978455e-06,0.0013769442849748993,,
27.0,0,lbfgs,5,,,0.0013500319319668449,3.1787290481575897e-06,0.0013468532029186873,,
27.0,1,adam,0,0.01,1.8268971093191884,1.8269232922391208,1.8170464706889593,0.009876821550161386,0.9946962397843631,1.0
27.0,1,adam,500,0.1,0.07190145936860563,0.09011897911905546,8.307109604994186e-05,0.09003590802300553,0.6192006176726929,1.0
27.0,1,adam,1000,0.1,0.06340556481248283,0.07706315850478218,0.0004716249567563403,0.07659153354802584,0.6633308591976333,1.0
27.0,1,adam,1500,0.1,0.05979186357821947,0.07172210241176372,0.0004889013381603189,0.0712332010736034,0.6825160646948644,1.0
27.0,1,adam,2000,0.1,0.05928857135883698,0.07098395653359803,0.0005068781867751421,0.07047707834682289,0.6852491915871431,1.0
27.0,1,adam,2500,0.1,0.05917103815717278,0.07081452605446936,0.0005018668653369945,0.07031265918913236,0.6858399906842202,1.0
27.0,1,adam,3000,0.1,0.05964124796875787,0.07142519608192285,0.0006781606325746307,0.07074703544934823,0.6842034694451969,1.0
27.0,1,adam,3500,0.1,0.05864552859325727,0.07005040313134654,0.0004994791630393862,0.06955092396830716,0.6886493070200351,1.0
27.0,1,adam,4000,0.1,0.058507233517197735,0.06984190073888463,0.0005104331493928508,0.06933146758949178,0.6894745070545774,1.0
27.0,1,adam,4500,0.1,0.058293953403863716,0.06953396902734345,0.0005001753520162502,0.06903379367532719,0.6905941164405385,1.0
27.0,1,adam,5000,0.1,0.058153347642542236,0.06932751678178606,0.0004996572438091481,0.0688278595379769,0.6913501568186108,1.0
27.0,1,adam,5500,0.1,0.05829609231540169,0.06943976625678916,0.0007079357447770547,0.06873183051201211,0.6917051052056068,1.0
27.0,1,adam,6000,0.1,0.05786210793574123,0.0688900882194536,0.0005350243491373417,0.06835506387031626,0.6930670860167413,1.0
27.0,1,adam,6500,0.1,0.05770922943142428,0.06866175295209054,0.0005535245477558423,0.0681082284043347,0.693948600976636,1.0
27.0,1,adam,7000,0.1,0.057563664838829014,0.06846712769489476,0.0005178904841306366,0.06794923721076412,0.6945071728763599,1.0
27.0,1,adam,7500,0.1,0.05874819592490273,0.07010179100487424,0.0006965796192873711,0.06940521138558686,0.689005247699857,1.0
27.0,1,adam,8000,0.1,0.057643243440646426,0.06846765597274937,0.0007832367420415349,0.06768441923070784,0.6954269949004036,1.0
27.0,1,adam,8500,0.1,0.057489223279689854,0.06831139255096273,0.0006308198504626341,0.0676805727005001,0.6954695362122713,1.0
27.0,1,adam,9000,0.1,0.05732553996729606,0.0681177577418649,0.0005318155145002633,0.06758594222736464,0.6958801233745736,1.0
27.0,1,adam,9500,0.1,0.058317988157630944,0.0692493720011063,0.001207458955373922,0.06804191304573237,0.6941996104112964,1.0
27.0,1,adam,10000,0.1,0.058146735000029336,0.06924215078494474,0.0006639502954396647,0.06857820048950507,0.692165470193118,1.0
27.0,1,adam,10500,0.1,0.05812482706247214,0.0690097212420526,0.0011194333168936634,0.06789028792515893,0.6947141173743284,1.0
27.0,1,adam,11000,0.1,0.05728733460623539,0.06801195229477523,0.0006453222032075338,0.0673666300915677,0.6966528150346936,1.0
27.0,1,adam,11500,0.1,0.057577217099087634,0.06836026451580976,0.0008029907939254837,0.06755727372188428,0.6959116037558202,1.0
27.0,1,adam,12000,0.1,0.05711880474027247,0.06783353860814209,0.0005003523870928892,0.0673331862210492,0.6967426154006273,1.0
27.0,1,adam,12500,0.1,0.05795366384962421,0.06893452912077751,0.0007286982374306778,0.06820583088334684,0.6934508944048724,1.0
27.0,1,adam,13000,0.1,0.0571246882350094,0.06784867650662124,0.0004673574545386171,0.06738131905208262,0.69662519242255,1.0
27.0,1,adam,13500,0.1,0.057099988226401055,0.06766750680554581,0.0008055917885303982,0.06686191501701541,0.6986509643588598,1.0
27.0,1,adam,14000,0.1,0.057164183655875764,0.06790212174792676,0.00047043639746476766,0.06743168535046198,0.6964923763341547,1.0
27.0,1,adam,14500,0.1,0.057432133461194405,0.06810305852595978,0.0008918634372048483,0.06721119508875494,0.6973209775351323,1.0
27.0,1,adam,15000,0.1,0.05684287069501316,0.06743856916643842,0.00046491436821163206,0.06697365479822678,0.6982109660286655,1.0
27.0,1,adam,15500,0.1,0.05676688324757452,0.0673155810828857,0.0004996412930834071,0.06681593978980228,0.6988036971156459,1.0
27.0,1,adam,16000,0.1,0.05666929526051779,0.06716878276888026,0.0005077220358638339,0.06666106073301643,0.6994282389065974,1.0
27.0,1,adam,16500,0.1,0.05673277835086159,0.06721694956679397,0.0006011916975778236,0.06661575786921614,0.699618429800895,1.0
27.0,1,adam,17000,0.1,0.05659252375882864,0.0670467671493302,0.0005274995989339815,0.06651926755039621,0.6999946448853058,1.0
27.0,1,adam,17500,0.1,0.05670200182565894,0.06722183574745073,0.0004646787429086164,0.06675715700454211,0.6991687423342487,1.0
27.0,1,adam,18000,0.1,0.05651807266902767,0.0669008781461113,0.00060709804570625,0.06629378010040506,0.7009002464152626,1.0
27.0,1,adam,18500,0.1,0.05650358757970627,0.06685733250698461,0.0006649917591663317,0.06619234074781828,0.7012704264476269,1.0
27.0,1,adam,19000,0.1,0.056259392086504954,0.06657568515082797,0.0004942499118883433,0.06608143523893963,0.7017584705535599,1.0
27.0,1,adam,19500,0.1,0.056660296482194596,0.06691480171186674,0.0010820513785324086,0.06583275033333433,0.7025557089317467,1.0
27.0,1,adam,20000,0.1,0.055310961965337274,0.06522719147101076,0.00048613802288994265,0.06474105344812082,0.707014794557502,1.0
27.0,1,adam,20500,0.1,0.05491446243123373,0.06466499583646387,0.00047174166479714796,0.06419325417166673,0.7091121026946888,1.0
27.0,1,adam,21000,0.1,0.055418094554207674,0.06521071952450955,0.0009816198656078228,0.06422909965890172,0.7085345821002104,1.0
27.0,1,adam,21500,0.1,0.05474611522922239,0.06437694561351709,0.0006212227795557423,0.06375572283396135,0.7106779648701766,1.0
27.0,1,adam,22000,0.1,0.05530384717238756,0.06487946310058453,0.0015087592909131557,0.06337070380967137,0.711398787377269,1.0
27.0,1,adam,22500,0.1,0.05471618040433206,0.06444276979272175,0.0004888704897304517,0.0639538993029913,0.7093904899177054,1.0
27.0,1,adam,23000,0.1,0.05427414848652191,0.06375214085174907,0.0003295776263803207,0.06342256322536875,0.7127005905015958,1.0
27.0,1,adam,23500,0.1,0.054201226091429175,0.06367112164543777,0.00048140698398993996,0.06318971466144783,0.7128117268302548,1.0
27.0,1,adam,24000,0.1,0.054177046704429285,0.06367040322648926,0.0004915635795310139,0.06317883964695825,0.7124823164724304,1.0
27.0,1,adam,24500,0.1,0.05442098096323131,0.06398953329133196,0.0005349085160869493,0.06345462477524501,0.7115016016850404,1.0
27.0,1,adam,25000,0.1,0.05423758488583224,0.06367458381996688,0.0006500512263744534,0.06302453259359242,0.713240534787388,1.0
27.0,1,adam,25500,0.1,0.053990723040697866,0.06335027945771299,0.0004501986155434523,0.06290008084216954,0.7143222694357105,1.0
27.0,1,adam,26000,0.1,0.053999482461663674,0.06339971963246065,0.0005174147568920688,0.06288230487556858,0.7137764893513611,1.0
27.0,1,adam,26500,0.1,0.053963886411080755,0.06334590023234517,0.0005066443695603811,0.06283925586278478,0.7140137378219747,1.0
27.0,1,adam,27000,0.1,0.053886618352372344,0.0632408205130048,0.0004984901858567328,0.06274233032714806,0.7144016727972842,1.0
27.0,1,adam,27500,0.1,0.06258652971220682,0.07439264125575412,0.003418442152984075,0.07097419910277004,0.683605472250049,1.0
27.0,1,adam,28000,0.1,0.05398263922701437,0.06338515239099922,0.0004890601777989705,0.06289609221320025,0.7137419632989511,1.0
27.0,1,adam,28500,0.1,0.053836112842970095,0.0631734638281575,0.0004920815235658997,0.0626813823045916,0.7146067628381256,1.0
27.0,1,adam,29000,0.1,0.05382698146624731,0.06315490429450943,0.0005070615579322872,0.06264784273657714,0.7147482676375856,1.0
27.0,1,adam,29500,0.1,0.053825342467944653,0.06314745455307388,0.0005184600240829486,0.06262899452899094,0.7148257119977729,1.0
27.0,1,adam,30000,0.1,0.05377688579595588,0.0630912359702256,0.0004890666282827647,0.06260216934194283,0.7148987537952481,1.0
27.0,1,adam,30500,0.1,0.05376341112970515,0.06307293703201859,0.0004867251402027071,0.06258621189181589,0.7149592059860801,1.0
27.0,1,adam,31000,0.1,0.05388054149616113,0.06322977872654671,0.0004990502847796203,0.0627307284417671,0.714462765587552,1.0
27.0,1,adam,31500,0.1,0.05375607671004815,0.06306205130792668,0.0004838366550701201,0.06257821465285655,0.7150235720194746,1.0
27.0,1,adam,32000,0.1,0.05387992823780161,0.06322401543590662,0.0005124923905991061,0.06271152304530751,0.7144972503864068,1.0
27.0,1,adam,32500,0.1,0.05383929861427128,0.06312650332670587,0.0006190073273456811,0.06250749599936019,0.7152578111402937,1.0
27.0,1,adam,33000,0.1,0.05368501727918246,0.0629425265098429,0.0005382581775612098,0.06240426833228169,0.7156604157480392,1.0
27.0,1,adam,33500,0.1,0.0536498476979593,0.06293229022291848,0.00044077367982028296,0.06249151654309819,0.7153315562322151,1.0
27.0,1,adam,34000,0.1,0.05377988462479203,0.06300331673895361,0.0007204654878528378,0.06228285125110078,0.7161404480651561,1.0
27.0,1,adam,34500,0.1,0.053642412174006504,0.06285730301956935,0.0005986206173032494,0.0622586824022661,0.7162423261898371,1.0
27.0,1,adam,35000,0.1,0.05377895503982861,0.06310370332480189,0.0004617953691322171,0.06264190795566968,0.7147694679327316,1.0
27.0,1,adam,35500,0.1,0.05366615312772395,0.06288019955591972,0.0006267458520164396,0.06225345370390328,0.71625682908525,1.0
27.0,1,adam,36000,0.1,0.054618640604081246,0.06416368028290191,0.0007357034147722491,0.06342797686812966,0.711801166283353,1.0
27.0,1,adam,36500,0.1,0.05357194383206214,0.06279869352034728,0.0004945618834591825,0.062304131636888097,0.7160967145166629,1.0
27.0,1,adam,37000,0.1,0.0538095083473564,0.06314149897074801,0.00045090170373025216,0.06269059726701776,0.7146707362090859,1.0
27.0,1,adam,37500,0.1,0.05355412106755,0.06270900479428174,0.0006604519193201093,0.062048552874961624,0.7170911114503331,1.0
27.0,1,adam,38000,0.1,0.053550036259490195,0.06279184232965648,0.0004226835898523787,0.0623691587398041,0.7158873865188777,1.0
27.0,1,adam,38500,0.1,0.05347733783295671,0.062652398922696,0.000514349807660435,0.06213804911503557,0.7167864423139713,1.0
27.0,1,adam,39000,0.1,0.05342342024464893,0.06258229471194739,0.0005118429307835554,0.06207045178116383,0.7170066795953592,1.0
27.0,1,adam,39500,0.1,0.05342331286533603,0.06256928381800485,0.0005454114243147344,0.062023872393690116,0.7171813132664064,1.0
27.0,1,adam,40000,0.1,0.053392870716393925,0.06256547863319738,0.00044939571484763107,0.06211608291834974,0.716819566928823,1.0
27.0,1,adam,40500,0.1,0.053420173840485016,0.06256917417339596,0.0005402921563859971,0.06202888201700996,0.7171851045923289,1.0
27.0,1,adam,41000,0.1,0.05343013934622622,0.06253011420365587,0.0006755372546634051,0.06185457694899246,0.7178279859298757,1.0
27.0,1,adam,41500,0.1,0.053339650032111545,0.062436880849697646,0.0005890721139223978,0.06184780873577525,0.7179098886617652,1.0
27.0,1,adam,42000,0.1,0.053323756560265716,0.062479040209661635,0.0004154452463629877,0.06206359496329865,0.7171126009619109,1.0
27.0,1,adam,42500,0.1,0.053280009521722106,0.062371108568708915,0.0005488258834792538,0.061822282685229664,0.7179179530253852,1.0
27.0,1,adam,43000,0.1,0.05323994257613798,0.06230750325705606,0.0005770457646259945,0.061730457492430064,0.7182427570102285,1.0
27.0,1,adam,43500,0.1,0.05331364171430376,0.06246730457892165,0.0004421163980084822,0.06202518818091317,0.7170357317478355,1.0
27.0,1,adam,44000,0.1,0.05414501173076543,0.0635525324343907,0.000637846426899926,0.06291468600749077,0.713586724716221,1.0
27.0,1,adam,44500,0.1,0.05328262079968569,0.06231976565290558,0.0007388612215779753,0.061580904431327604,0.718621674245422,1.0
27.0,1,adam,45000,0.1,0.05313972143953704,0.06212881424747166,0.0007207763501312311,0.06140803789734043,0.7192921687172206,1.0
27.0,1,adam,45500,0.1,0.05300187284584398,0.06198072603670776,0.0006111133305715808,0.06136961270613618,0.7194319290106258,1.0
27.0,1,adam,46000,0.1,0.05304902772161467,0.062083820967402614,0.0005034695965965598,0.06158035137080606,0.7186412933934843,1.0
27.0,1,adam,46500,0.1,0.052545625554882874,0.061401206107188376,0.00046197778648675606,0.06093922832070162,0.7211246271040294,1.0
27.0,1,adam,47000,0.1,0.05202372491769636,0.06071896344829055,0.00034325577831811037,0.06037570766997244,0.7236126673192448,1.0
27.0,1,adam,47500,0.1,0.05114569116599515,0.059455737992428925,0.0005203845494838207,0.05893535344294511,0.729055922408955,1.0
27.0,1,adam,48000,0.1,0.050769190465313314,0.05892698617577747,0.0005706824800626077,0.05835630369571486,0.7311867145654987,1.0
27.0,1,adam,48500,0.1,0.05062570320364277,0.058774909918712315,0.00044516484893790257,0.05832974506977441,0.7312734369159971,1.0
27.0,1,adam,49000,0.1,0.05029637579472593,0.058320681649071865,0.00047262248401130615,0.057848059165060556,0.73312063794868,1.0
27.0,1,adam,49500,0.1,0.05021854094776158,0.05819156308217607,0.0005361954774244703,0.0576553676047516,0.7338858345355134,1.0
27.0,1,adam,50000,0.1,0.05006334663288765,0.05800490432193532,0.00046701712215388837,0.05753788719978143,0.7343923659259172,1.0
27.0,1,adam,50500,0.1,0.05003532301983532,0.057981281412698434,0.00042942181206607626,0.05755185960063236,0.7343473714090665,1.0
27.0,1,adam,51000,0.1,0.0502002283490111,0.05809817028272214,0.000727291217800018,0.05737087906492212,0.7350282022339726,1.0
27.0,1,adam,51500,0.1,0.05015627403148881,0.05810533933205878,0.0005200314937387263,0.057585307838320055,0.7343638345093053,1.0
27.0,1,adam,52000,0.1,0.04975852963827154,0.057547772157786975,0.0005770663545476287,0.056970705803239347,0.7366568405990463,1.0
27.0,1,adam,52500,0.1,0.04987081604011158,0.05776202465149644,0.0004141219108298024,0.05734790274066664,0.7351414917929703,1.0
27.0,1,adam,53000,0.1,0.0495951133409195,0.057344453736462776,0.0005151316385548885,0.056829322097907885,0.7372811102041071,1.0
27.0,1,adam,53500,0.1,0.049533980721323735,0.05727355559827087,0.0004669975463059048,0.05680655805196496,0.7374155702782544,1.0
27.0,1,adam,54000,0.1,0.04958454808530687,0.05732034963964354,0.000553517009481695,0.05676683263016184,0.7375134702398042,1.0
27.0,1,adam,54500,0.1,0.05054791521140163,0.058364835056642944,0.0013266891441075152,0.05703814591253543,0.7362983179991791,1.0
27.0,1,adam,55000,0.1,0.04947620954051883,0.057188128389657644,0.0004990360858463646,0.05668909230381128,0.7378018772892815,1.0
27.0,1,adam,55500,0.1,0.04952456565799083,0.05722912525370176,0.0005771557907748914,0.05665196946292687,0.73791760474606,1.0
27.0,1,adam,56000,0.1,0.04976809428227204,0.05749024634004706,0.0007967931796556043,0.056693453160391455,0.7376470923895265,1.0
27.0,1,adam,56500,0.1,0.049520461101898616,0.057245114285800175,0.000541316102758885,0.05670379818304129,0.7376071096067086,1.0
27.0,1,adam,57000,0.1,0.04940471031186169,0.057099204704185426,0.00048181679272918095,0.05661738791145624,0.7380495580196145,1.0
27.0,1,adam,57500,0.1,0.04977594544597078,0.05764357489535608,0.0003483656181202966,0.05729520927723578,0.7354472540493824,1.0
27.0,1,adam,58000,0.1,0.049503380403084336,0.05726105629488387,0.00039540075988261415,0.05686565553500126,0.7370961367621812,1.0
27.0,1,adam,58500,0.1,0.04941442442783864,0.05708715808406727,0.0005763239811085858,0.056510834102958686,0.7383880981824663,1.0
27.0,1,adam,59000,0.1,0.049482269973523396,0.05718547960170578,0.000583440048980989,0.05660203955272479,0.7379416029858027,1.0
27.0,1,adam,59500,0.1,0.04979794376355435,0.05752944223406066,0.0008606751663793346,0.05666876706768133,0.737543823668134,1.0
27.0,1,adam,60000,0.1,0.04945135516300002,0.057073647970501164,0.0007762180307056787,0.05629742993979549,0.739186168942592,1.0
27.0,1,adam,60500,0.1,0.04929512945036522,0.05692692918125254,0.0005681670667457741,0.056358762114506765,0.7390231092283714,1.0
27.0,1,adam,61000,0.1,0.04923730376041756,0.05688376438188752,0.0004671282476178789,0.056416636134269636,0.7387870623238696,1.0
27.0,1,adam,61500,0.1,0.049400301666393524,0.05712144312335186,0.0003130453038179949,0.05680839781953386,0.7376574603954593,1.0
27.0,1,adam,62000,0.1,0.049368717774202014,0.056902902485325056,0.0010087656632529018,0.05589413682207216,0.7405820241312712,1.0
27.0,1,adam,62500,0.1,0.04935540640321857,0.057137458509086234,0.00015960863469411036,0.056977849874392125,0.7367340911155299,1.0
27.0,1,adam,63000,0.1,0.04930358227524508,0.056996403467960116,0.0001789815637495276,0.05681742190421059,0.738068806713397,1.0
27.0,1,adam,63500,0.1,0.04904298116346498,0.05661307697633376,0.0004617216760920209,0.05615135530024174,0.7399657840447746,1.0
27.0,1,adam,64000,0.1,0.049268333653499266,0.05690148971619601,0.000482313668077947,0.056419176048118067,0.7394127894802993,1.0
27.0,1,adam,64500,0.1,0.0491266654107018,0.05670741814705825,0.00048821789364655437,0.0562192002534117,0.7398786339830803,1.0
27.0,1,adam,65000,0.1,0.04896665090468059,0.05652186084447134,0.000406276347052254,0.05611558449741909,0.7402671772642629,1.0
27.0,1,adam,65500,0.1,0.04917706194468101,0.056775546961471794,0.0004780395013898657,0.05629750746008193,0.7397071706980444,1.0
27.0,1,adam,66000,0.1,0.04910518389204202,0.05666734309576235,0.0004907622413567749,0.05617658085440558,0.740238135193198,1.0
27.0,1,adam,66500,0.1,0.04904169411808969,0.056559672619678925,0.0005533982545227574,0.056006274365156164,0.7408907096453977,1.0
27.0,1,adam,67000,0.1,0.04890084456988517,0.05640851412277029,0.0004376589936376346,0.05597085512913265,0.741056669363375,1.0
27.0,1,adam,67500,0.1,0.04916477000806204,0.05676427227466863,0.00042848367073460594,0.056335788603934026,0.7396390750391911,1.0
27.0,1,adam,68000,0.1,0.04872985411090534,0.05615636741315736,0.0004889214422367201,0.05566744597092064,0.7422895774774688,1.0
27.0,1,adam,68500,0.1,0.04873572296239091,0.05619275492333403,0.0004133810812843423,0.05577937384204969,0.741809662928839,1.0
27.0,1,adam,69000,0.1,0.048486898338310144,0.05583337716758456,0.0004861495648186653,0.0553472276027659,0.7435858972459352,1.0
27.0,1,adam,69500,0.1,0.048164040406178346,0.055422839049868784,0.00043418412531215345,0.05498865492455663,0.7452670548941562,1.0
27.0,1,adam,70000,0.1,0.047198110194679024,0.054049609737572384,0.0007106505460960666,0.05333895919147632,0.7517510280879243,1.0
27.0,1,adam,70500,0.1,0.046634788087574444,0.053392924853235164,0.0004254615950969201,0.052967463258138246,0.7532656679993407,1.0
27.0,1,adam,71000,0.1,0.046491130967730936,0.05322239311401163,0.00036119423823100774,0.05286119887578063,0.7536546837506182,1.0
27.0,1,adam,71500,0.1,0.04638146423915214,0.05304100885699275,0.0004869405867585911,0.05255406827023416,0.7546786425516832,1.0
27.0,1,adam,72000,0.1,0.0462198694804834,0.0527972117034483,0.0005976353022383172,0.052199576401209986,0.7559981750656242,1.0
27.0,1,adam,72500,0.1,0.0455710175691364,0.051964416485028295,0.0005090986703379403,0.05145531781469036,0.7591122251259049,1.0
27.0,1,adam,73000,0.1,0.04541673236246522,0.05177846669060792,0.0004412600033197612,0.05133720668728816,0.7596617585043852,1.0
27.0,1,adam,73500,0.1,0.045262803920383364,0.05152243094182178,0.0005864512863026974,0.05093597965551908,0.7615184365728151,1.0
27.0,1,adam,74000,0.1,0.04485002746032208,0.05106418205852,0.0003968701815672431,0.05066731187695276,0.7621955459500934,1.0
27.0,1,adam,74500,0.1,0.044148091347116176,0.05015101583811876,0.00039912488869015754,0.049751890949428605,0.7658849560819126,1.0
27.0,1,adam,75000,0.1,0.04433175240302932,0.050115178139208925,0.0006521759253276852,0.04946300221388124,0.7704174029604542,1.0
27.0,1,adam,75500,0.1,0.0446607379321818,0.05073699271612329,0.000575380128334488,0.0501616125877888,0.7646600954785424,1.0
27.0,1,adam,76000,0.1,0.044395442325438524,0.0503761570073386,0.0007600450347943382,0.049616111972544265,0.766261538864763,1.0
27.0,1,adam,76500,0.1,0.044437712769522485,0.0504598382307365,0.0005837299301913301,0.04987610830054517,0.7656304945747486,1.0
27.0,1,adam,77000,0.1,0.04483292485676682,0.05087402461943052,0.0005275972185127434,0.05034642740091778,0.7656847764104087,1.0
27.0,1,adam,77500,0.1,0.0442191082911278,0.04996693985842717,0.0005408343176235528,0.04942610554080362,0.7712846752721074,1.0
27.0,1,adam,78000,0.1,0.05030051913832803,0.05722534126169129,0.003500388015533089,0.053724953246158204,0.7500316239441576,1.0
27.0,1,adam,78500,0.1,0.03756220968857083,0.0419782110795864,0.0003497233879323362,0.041628487691654066,0.79499750236807,1.0
27.0,1,adam,79000,0.1,0.04522231103665579,0.05150892884541039,0.000474397808379482,0.05103453103703091,0.7610965107611319,1.0
27.0,1,adam,79500,0.1,0.0451768437226635,0.05144519265380862,0.0004909898642033388,0.05095420278960528,0.7614092965397056,1.0
27.0,1,adam,80000,0.1,0.04534920231982044,0.051660985495109044,0.0005230630640616293,0.051137922431047415,0.7606496479131196,1.0
27.0,1,adam,80500,0.1,0.0451315651476847,0.05138446812556247,0.0004938375644931056,0.050890630561069364,0.7616790235565599,1.0
27.0,1,adam,81000,0.1,0.045197004512048784,0.0514690815752588,0.0004968612196885378,0.05097222035557026,0.7613608935073399,1.0
27.0,1,adam,81500,0.1,0.04522230427690812,0.05148398448910751,0.0005546200330713888,0.050929364456036116,0.7614841265126248,1.0
27.0,1,adam,82000,0.1,0.045055659173485134,0.05129595247568428,0.0004532553501416892,0.050842697125542596,0.7618575379170102,1.0
27.0,1,adam,82500,0.1,0.04509112223593755,0.051349192224015766,0.00043476015237327656,0.050914432071642486,0.761516572193619,1.0
27.0,1,adam,83000,0.1,0.04500708343295198,0.051203460343528386,0.0005451162167256304,0.05065834412680276,0.7625473425261923,1.0
27.0,1,adam,83500,0.1,0.044985517902898675,0.05117226893688716,0.0005545346944152926,0.05061773424247187,0.7626864232112556,1.0
27.0,1,adam,84000,0.1,0.04501199462992165,0.05124646580728578,0.0004234124493494467,0.05082305335793633,0.761925843943094,1.0
27.0,1,adam,84500,0.1,0.045484664406430626,0.05170919669985246,0.0009394530217554013,0.05076974367809706,0.7620350964186877,1.0
27.0,1,adam,85000,0.1,0.04497731333188147,0.05120239204982785,0.0004183586036045515,0.0507840334462233,0.7620258157207569,1.0
27.0,1,adam,85500,0.1,0.04491505224316311,0.051119103963382234,0.0004189823859772232,0.05070012157740501,0.7624138981738845,1.0
27.0,1,adam,86000,0.1,0.045191293075847745,0.0514764005801882,0.00043498993156538895,0.05104141064862281,0.7610209818098032,1.0
27.0,1,adam,86500,0.1,0.044911329974100314,0.05111564355882847,0.00041146545579743855,0.05070417810303103,0.7624154700984043,1.0
27.0,1,adam,87000,0.1,0.0449907855578732,0.05121711038129116,0.00041853289250472003,0.05079857748878644,0.7620389771179664,1.0
27.0,1,adam,87500,0.1,0.04512830169040972,0.051295325155113286,0.0007638358937342107,0.05053148926137908,0.7630258591597907,1.0
27.0,1,adam,88000,0.1,0.04490098023647616,0.05110138542785634,0.0004101371024652719,0.05069124832539107,0.762476535451408,1.0
27.0,1,adam,88500,0.1,0.04489599773011307,0.05104048563322683,0.0005950180263894673,0.05044546760683736,0.7634173544983729,1.0
27.0,1,adam,89000,0.1,0.04546691388481293,0.051820328231987074,0.00048261785073230954,0.051337710381254766,0.7598522874441824,1.0
27.0,1,adam,89500,0.1,0.04511266513903439,0.05127068897461968,0.0007823285302799075,0.05048836044433977,0.7631938487433555,1.0
27.0,1,adam,90000,0.1,0.04501124178532507,0.051249295373464225,0.0004044132179664457,0.05084488215549778,0.761848217043515,1.0
27.0,1,adam,90500,0.1,0.044796408253084924,0.05094764535951757,0.00046978376155975296,0.050477861597957814,0.7633260966979705,1.0
27.0,1,adam,91000,0.1,0.044787410346663135,0.05093623769034403,0.00046806591048092377,0.050468171779863104,0.7633391491583253,1.0
27.0,1,adam,91500,0.1,0.044905360951636816,0.051045123794963454,0.0006310984285783094,0.050414025366385146,0.7635106493675686,1.0
27.0,1,adam,92000,0.1,0.04482037216819432,0.050949977275000204,0.0005695468992782906,0.050380430375721916,0.7636848265391596,1.0
27.0,1,adam,92500,0.1,0.04486039946318718,0.05098371791870811,0.0006328806788631446,0.050350837239844966,0.7638101127277606,1.0
27.0,1,adam,93000,0.1,0.04477586988155863,0.05093126542824769,0.0004299470183928071,0.05050131840985488,0.763278629960561,1.0
27.0,1,adam,93500,0.1,0.044794134585356846,0.050909371899889214,0.0005907581921374285,0.050318613707751786,0.7639274128705701,1.0
27.0,1,adam,94000,0.1,0.04485252388919621,0.05104104026097013,0.00039510699136569363,0.05064593326960444,0.7626825722719696,1.0
27.0,1,adam,94500,0.1,0.04482671698026459,0.05093043918831907,0.0006630091866345087,0.050267430001684564,0.7641394490501116,1.0
27.0,1,adam,95000,0.1,0.04470870186173117,0.050830800055503556,0.00047586934549671654,0.05035493071000684,0.7638133298095456,1.0
27.0,1,adam,95500,0.1,0.044851230268568375,0.05103901075369128,0.00039518416364635496,0.050643826590044926,0.7626633377391622,1.0
27.0,1,adam,96000,0.1,0.04476005806367389,0.05091333623874559,0.0004197135243851506,0.05049362271436044,0.7633024153487824,1.0
27.0,1,adam,96500,0.1,0.04463097565090317,0.05074638987027555,0.00040958614841579016,0.05033680372185976,0.7639380210616288,1.0
27.0,1,adam,97000,0.1,0.044553976804500094,0.05063298371560437,0.000462222460510072,0.050170761255094294,0.7645879095648147,1.0
27.0,1,adam,97500,0.1,0.04459432546680522,0.05064590416587916,0.0005973047267639108,0.05004859943911525,0.7650652584018951,1.0
27.0,1,adam,98000,0.1,0.044494587689027656,0.05056123897160783,0.00043529425079555877,0.05012594472081227,0.7648267579985185,1.0
27.0,1,adam,98500,0.1,0.0444781359403539,0.05054511810414845,0.00041117961387902353,0.050133938490269425,0.7648387277467494,1.0
27.0,1,adam,99000,0.1,0.04507731682478334,0.051175134232333136,0.0009563368267560422,0.050218797405577095,0.7642484557116742,1.0
27.0,1,adam,99500,0.1,0.04449921322709604,0.0505659994797666,0.00042784658705214367,0.050138152892714456,0.7648307445226764,1.0
27.0,1,adam,100000,0.1,0.04464452806560479,0.050674493391621715,0.0007334621855252483,0.04994103120609647,0.7654116118664781,1.0
27.0,1,adam,100500,0.1,0.04482272735550106,0.050984279268750536,0.0004174974161935104,0.05056678185255702,0.7631358611121087,1.0
27.0,1,adam,101000,0.1,0.04428777572300489,0.050290251878736356,0.00043941565057806936,0.049850836228158286,0.7659425244224214,1.0
27.0,1,adam,101500,0.1,0.04427633515464853,0.05025192445459164,0.0005421746647308754,0.049709749789860765,0.7664299706314326,1.0
27.0,1,adam,102000,0.1,0.04435307398630228,0.050396852328706346,0.0003374284277592244,0.05005942390094712,0.7651972077118949,1.0
27.0,1,adam,102500,0.1,0.04434645772032031,0.050383320001768664,0.0003720092395406673,0.050011310762228,0.7653105722517493,1.0
27.0,1,adam,103000,0.1,0.04417808205671625,0.05015680595512881,0.00038940227440410335,0.04976740368072471,0.766347567512746,1.0
27.0,1,adam,103500,0.1,0.044289881487253734,0.050170300005463846,0.0009120078639249207,0.04925829214153892,0.7680957296943612,1.0
27.0,1,adam,104000,0.1,0.044171799388480225,0.050129847595339144,0.0004728779849354619,0.04965696961040368,0.7667054588115055,1.0
27.0,1,adam,104500,0.1,0.04412783425528844,0.05006824380181355,0.0004734963065069407,0.04959474749530661,0.7670136935129601,1.0
27.0,1,adam,105000,0.1,0.04414609043865479,0.050079877371991925,0.0005171863244445551,0.04956269104754737,0.7671215641517788,1.0
27.0,1,adam,105500,0.1,0.04409091078054705,0.050060043443022055,0.00028159672289868867,0.04977844672012337,0.7665330816711947,1.0
27.0,1,adam,106000,0.1,0.043985050087839005,0.049886744376782345,0.0004703701188058916,0.04941637425797645,0.7677271667464394,1.0
27.0,1,adam,106500,0.1,0.04388767463371003,0.04975928954209656,0.000467080099650865,0.049292209442445695,0.76827736736117,1.0
27.0,1,adam,107000,0.1,0.04398337771699935,0.049900175901315784,0.0004755315065354339,0.04942464439478035,0.7675017054419043,1.0
27.0,1,adam,107500,0.1,0.042979360337997534,0.04858502535441312,0.00047156576426392636,0.0481134595901492,0.7736640298246773,1.0
27.0,1,adam,108000,0.1,0.04199409366922295,0.047317301177644225,0.000438151495069767,0.04687914968257446,0.778960948982736,1.0
27.0,1,adam,108500,0.1,0.041544622054287404,0.046737086495614436,0.0007132265362434539,0.04602385995937098,0.7814806077843744,1.0
27.0,1,adam,109000,0.1,0.04056134463079616,0.045519120820404546,0.00046203048063501285,0.04505709033976953,0.7859692737218837,1.0
27.0,1,adam,109500,0.1,0.04026799495816031,0.04513477644926255,0.000469522041447396,0.04466525440781516,0.787700432653,1.0
27.0,1,adam,110000,0.1,0.04008963192668307,0.044915021171411496,0.0004295653506405034,0.04448545582077099,0.7885026219205616,1.0
27.0,1,adam,110500,0.1,0.03984427648544764,0.04458821451521541,0.00047662638307422665,0.04411158813214119,0.7901281512701304,1.0
27.0,1,adam,111000,0.1,0.03995460797724087,0.04473551686027211,0.00043501072109768883,0.044300506139174425,0.7894153533229157,1.0
27.0,1,adam,111500,0.1,0.03940575981295265,0.044045192821358,0.0004194928669548853,0.043625699954403116,0.7922867330513585,1.0
27.0,1,adam,112000,0.1,0.03896395504659873,0.043482389953299144,0.0004493789221378967,0.04303301103116125,0.7947422248368887,1.0
27.0,1,adam,112500,0.1,0.03898358575174762,0.04351537398673531,0.00041124623299109374,0.04310412775374421,0.7943868321458282,1.0
27.0,1,adam,113000,0.1,0.03911329496487877,0.04362702871516162,0.0006194566268336536,0.04300757208832797,0.7948226174110747,1.0
27.0,1,adam,113500,0.1,0.03889368204175081,0.04339812416839404,0.00041169676933673025,0.04298642739905731,0.7949364496336376,1.0
27.0,1,adam,114000,0.1,0.039103695009258324,0.04365656758020794,0.0004197879488936786,0.04323677963131426,0.7938934764463507,1.0
27.0,1,adam,114500,0.1,0.038861221381366565,0.04334083265853244,0.0004713682032492443,0.042869464455283196,0.7954763175546908,1.0
27.0,1,adam,115000,0.1,0.03893059004755966,0.043423212775694595,0.0004935166302097564,0.042929696145484836,0.7951641564767228,1.0
27.0,1,adam,115500,0.1,0.0388895894976299,0.043390591557084954,0.0004008320745102252,0.042989759482574726,0.7949671761687226,1.0
27.0,1,adam,116000,0.1,0.03892399290730043,0.04338657535562931,0.0006065282518279239,0.042780047103801386,0.795825972422649,1.0
27.0,1,adam,116500,0.1,0.038964154437888254,0.043486196167326054,0.0003882713960150163,0.04309792477131104,0.794500866199301,1.0
27.0,1,adam,117000,0.1,0.038773404764387745,0.04323429781749621,0.00045323186568591294,0.0427810659518103,0.7958267519728781,1.0
27.0,1,adam,117500,0.1,0.03876358771112579,0.04322526693352766,0.0004377947908120767,0.04278747214271559,0.7957941075730901,1.0
27.0,1,adam,118000,0.1,0.03876799044031656,0.043234187714255676,0.0004288789204471619,0.04280530879380851,0.7956868587958524,1.0
27.0,1,adam,118500,0.1,0.03879120314091618,0.04326247375047265,0.000429884707401612,0.04283258904307104,0.7956084593394805,1.0
27.0,1,adam,119000,0.1,0.03908514957306825,0.043550677785823236,0.0007829810175162565,0.04276769676830698,0.7957289040275508,1.0
27.0,1,adam,119500,0.1,0.03884821910891279,0.04334865807026729,0.000337905804383048,0.043010752265884244,0.7949350130779653,1.0
27.0,1,adam,120000,0.1,0.03890126005683017,0.04341412012052898,0.0003364775912111348,0.043077642529317846,0.7946327731113287,1.0
27.0,1,adam,120500,0.1,0.03880001899977102,0.043297277331953696,0.0002653718027790046,0.04303190552917469,0.7949624386763515,1.0
27.0,1,adam,121000,0.1,0.0387461343735535,0.04311874587939291,0.0008819417410036816,0.04223680413838923,0.7976743664201034,1.0
27.0,1,adam,121500,0.1,0.038800905877807795,0.04330740597837455,0.00038722778921415906,0.04292017818916039,0.7949167064837525,1.0
27.0,1,adam,122000,0.1,0.03867480103279371,0.04312269790030616,0.00045049872115870255,0.042672199179147455,0.7960363007373591,1.0
27.0,1,adam,122500,0.1,0.03863155449818242,0.04305766256352022,0.00044871908975270216,0.042608943473767515,0.7964881645915326,1.0
27.0,1,adam,123000,0.1,0.039547909029088696,0.044324113762438805,0.00010362031198919506,0.04422049345044961,0.7892363326085031,1.0
27.0,1,adam,123500,0.1,0.03935891610837632,0.04374700110357365,0.0015363930847548388,0.04221060801881881,0.7972208055715853,1.0
27.0,1,adam,124000,0.1,0.03862336578986711,0.043050568819271336,0.0004522736000195215,0.04259829521925181,0.7964570510562347,1.0
27.0,1,adam,124500,0.1,0.03891055201921826,0.04329965261730589,0.0010594685067212774,0.04224018411058461,0.7973068267977923,1.0
27.0,1,adam,125000,0.1,0.038612181320641654,0.043044921574032606,0.00044069463735297063,0.04260422693667964,0.7963173952767588,1.0
27.0,1,adam,125500,0.1,0.03855403015939035,0.04296321654938281,0.00045305943010079717,0.042510157119282015,0.7968157090032169,1.0
27.0,1,adam,126000,0.1,0.038524726763876714,0.042831270681329275,0.0009083706529207313,0.041922900028408545,0.7991038921115993,1.0
27.0,1,adam,126500,0.1,0.03904005705361654,0.04352395904484781,0.0008988532342996213,0.04262510581054819,0.7950935255161762,1.0
27.0,1,adam,127000,0.1,0.03868300915939094,0.04312311346948528,0.0005853532074085974,0.04253776026207669,0.796002723137022,1.0
27.0,1,adam,127500,0.1,0.03845888763174619,0.04285658714868846,0.00041903195410376376,0.0424375551945847,0.7969664862867337,1.0
27.0,1,adam,128000,0.1,0.03833910935834133,0.04270236227391181,0.00042842267082707333,0.04227393960308474,0.797665361288382,1.0
27.0,1,adam,128500,0.1,0.03829782858458203,0.042649932023859874,0.00042318478411042964,0.042226747239749444,0.797894816308068,1.0
27.0,1,adam,129000,0.1,0.03820566057171578,0.042497861988610844,0.0005212481327122918,0.04197661385589855,0.799205759955015,1.0
27.0,1,adam,129500,0.1,0.03824972494288709,0.04258361891362518,0.00045586162793442744,0.04212775728569075,0.7982967211978838,1.0
27.0,1,adam,130000,0.1,0.038695146611394914,0.043151896822706114,0.00040915386320994606,0.04274274295949617,0.7956675085881363,1.0
27.0,1,adam,130500,0.1,0.03827312837000157,0.042605754666288076,0.00047659073257386983,0.04212916393371421,0.7983484165215708,1.0
27.0,1,adam,131000,0.1,0.03854378728851036,0.04296523699168376,0.0005766181877061821,0.042388618803977575,0.7964459783655129,1.0
27.0,1,adam,131500,0.1,0.03828215614896403,0.042637134375674415,0.0004603219634895859,0.04217681241218483,0.7978436241183434,1.0
27.0,1,adam,132000,0.1,0.038246898699801045,0.04258563527647207,0.00046449750970184667,0.04212113776677023,0.7981854262413713,1.0
27.0,1,adam,132500,0.1,0.03834889757753231,0.04270587214840979,0.0004856382441375876,0.0422202339042722,0.7978359418819994,1.0
27.0,1,adam,133000,0.1,0.03827570417357813,0.04262253454599839,0.00044665397898571344,0.04217588056701268,0.7980456371553654,1.0
27.0,1,adam,133500,0.1,0.03821953145740141,0.04255648912521041,0.0004255360989739279,0.04213095302623648,0.7982189940389405,1.0
27.0,1,adam,134000,0.1,0.038202629895645504,0.04252533735618037,0.00046406081701658565,0.042061276539163785,0.7985219327372793,1.0
27.0,1,adam,134500,0.1,0.03828887576242942,0.042642842942331345,0.000420385602691743,0.0422224573396396,0.7978474957310352,1.0
27.0,1,adam,135000,0.1,0.03820843291012672,0.04253879076416667,0.0004216580476900005,0.042117132716476664,0.7983455428546277,1.0
27.0,1,adam,135500,0.1,0.03820864569800048,0.042526804286897237,0.0004774122575698862,0.04204939202932735,0.798622633866083,1.0
27.0,1,adam,136000,0.1,0.0384375566788564,0.042773641652808336,0.0006411844343759794,0.042132457218432354,0.7982541653938264,1.0
27.0,1,adam,136500,0.1,0.03817240953060536,0.042490109077876745,0.0004390990211079649,0.04205101005676878,0.7986135958479391,1.0
27.0,1,adam,137000,0.1,0.03822300213653969,0.042560099580427946,0.00040981214079715655,0.04215028743963079,0.7982054817446307,1.0
27.0,1,adam,137500,0.1,0.03820387015769499,0.04250798100736576,0.0005258708758472105,0.04198211013151855,0.7988997730836296,1.0
27.0,1,adam,138000,0.1,0.03816400005742606,0.04247082621795067,0.0004677750751021791,0.04200305114284849,0.7988297675497911,1.0
27.0,1,adam,138500,0.1,0.03825134398859978,0.042555056274337436,0.0005772029878718897,0.04197785328646555,0.7989068532910493,1.0
27.0,1,adam,139000,0.1,0.03813646780581991,0.04243781857945916,0.0003919405570354279,0.04204587802242374,0.7989506557187879,1.0
27.0,1,adam,139500,0.1,0.038015281648196106,0.042271914445047534,0.0004774294184492607,0.04179448502659827,0.7999393709703003,1.0
27.0,1,adam,140000,0.1,0.03811216295749411,0.042417896197604874,0.0004478951201154297,0.041970001077489445,0.7988429566461976,1.0
27.0,1,adam,140500,0.1,0.03829589815877005,0.04258768797901263,0.0007996657121726622,0.04178802226683997,0.7992061909565851,1.0
27.0,1,adam,141000,0.1,0.03822840687734303,0.0425775234247596,0.0004462361806059995,0.042131287244153603,0.7979737301814844,1.0
27.0,1,adam,141500,0.1,0.03816031940010808,0.04248603907122865,0.00045000968275962186,0.04203602938846903,0.7984721946198279,1.0
27.0,1,adam,142000,0.1,0.038182609579978086,0.042508792789569816,0.00045991110490281215,0.04204888168466701,0.7984268194690818,1.0
27.0,1,adam,142500,0.1,0.03810833238864177,0.04241929323203941,0.00043822272083733106,0.04198107051120208,0.7987667888474022,1.0
27.0,1,adam,143000,0.1,0.03818957248424884,0.04249255724938589,0.0005455070176432383,0.041947050231742646,0.7989298702858677,1.0
27.0,1,adam,143500,0.1,0.03811424606486015,0.042412152242000484,0.0004837873489410191,0.04192836489305946,0.7990076575967137,1.0
27.0,1,adam,144000,0.1,0.038053461552813646,0.042346166360097165,0.00043763077465894837,0.041908535585438215,0.7991237759489955,1.0
27.0,1,adam,144500,0.1,0.038043130740499614,0.04233478260903075,0.00042699290404328615,0.041907789704987465,0.7991241042476626,1.0
27.0,1,adam,145000,0.1,0.03830141717568151,0.04264361375479655,0.00046123187110317065,0.04218238188369338,0.7980304442224766,1.0
27.0,1,adam,145500,0.1,0.03821970976945652,0.04255352957049619,0.00042910841561588024,0.04212442115488031,0.7982097423034863,1.0
27.0,1,adam,146000,0.1,0.03804800701417324,0.04233676733348472,0.00042688896704471963,0.04190987836644,0.799185576570652,1.0
27.0,1,adam,146500,0.1,0.03798491834509411,0.04225747892589068,0.0004279924439165652,0.04182948648197411,0.7995197045205672,1.0
27.0,1,adam,147000,0.1,0.03807342226896674,0.04236603456930429,0.0004318091032591651,0.041934225466045125,0.7990956806632559,1.0
27.0,1,adam,147500,0.1,0.03829130593759033,0.042634004419918735,0.0004426696610362553,0.04219133475888248,0.7979898635818427,1.0
27.0,1,adam,148000,0.1,0.037798760085793796,0.04200933671178622,0.0004952634079500754,0.04151407330383615,0.8008840690981002,1.0
27.0,1,adam,148500,0.1,0.037752177849164896,0.04195232793796524,0.0004894931876985492,0.041462834750266686,0.8011167372982935,1.0
27.0,1,adam,149000,0.1,0.037697998408141635,0.041906842613349087,0.0004448459790159486,0.041461996634333136,0.8009202477461086,1.0
27.0,1,adam,149500,0.1,0.03784397010729784,0.042084310554398534,0.0004248386964186484,0.041659471857979885,0.8002379682419302,1.0
27.0,1,adam,150000,0.1,0.03765394316594844,0.041854234659067034,0.00044633539283819824,0.041407899266228836,0.8011043224505862,1.0
27.0,1,adam,150500,0.1,0.03764073976014119,0.04182523319554885,0.0004694137639703387,0.04135581943157851,0.8014502245217117,1.0
27.0,1,adam,151000,0.1,0.037594520490509147,0.041764887382438304,0.0004548969562234135,0.04130999042621489,0.8017605297927431,1.0
27.0,1,adam,151500,0.1,0.03755986340857232,0.04172335716738757,0.0004439833528395855,0.041279373814547986,0.8019162659121388,1.0
27.0,1,adam,152000,0.1,0.03759419582358954,0.04176652214527587,0.0004589090351914821,0.041307613110084386,0.8017175559947413,1.0
27.0,1,adam,152500,0.1,0.03751396706759602,0.041657172771825825,0.0004818446786358395,0.04117532809318999,0.802374819278636,1.0
27.0,1,adam,153000,0.1,0.0380721732573279,0.04237890533772268,0.0004025908967671449,0.04197631444095553,0.7989768670269873,1.0
27.0,1,adam,153500,0.1,0.03722308005014508,0.0413048622252494,0.00043384643486704525,0.04087101579038235,0.8039867943308685,1.0
27.0,1,adam,154000,0.1,0.03643215307896394,0.04031863721931459,0.0004487171653839167,0.039869920053930676,0.8090233934557212,1.0
27.0,1,adam,154500,0.1,0.03521654815760993,0.038836246132762056,0.0004309984176824904,0.03840524771507957,0.8151532771854771,1.0
27.0,1,adam,155000,0.1,0.03442545168153712,0.03786865860194003,0.00043945851160577456,0.03742920009033426,0.8195624591397352,1.0
27.0,1,adam,155500,0.1,0.03335610614375863,0.03657348188354151,0.0004352933237619296,0.03613818855977958,0.8252686897307117,1.0
27.0,1,adam,156000,0.1,0.032813096482734894,0.035929496919050445,0.000408687005228999,0.03552080991382145,0.8279741492071803,1.0
27.0,1,adam,156500,0.1,0.030080194771971405,0.03278066092903712,9.565812989060818e-05,0.03268500279914651,0.8397433924838593,1.0
27.0,1,adam,157000,0.1,0.028777902574478126,0.0312645006064783,2.971068522106462e-05,0.031234789921257236,0.8458048979820834,1.0
27.0,1,adam,157500,0.1,0.027777265877968284,0.030082664183042274,3.307402229185682e-05,0.030049590160750417,0.8509215491174033,1.0
27.0,1,adam,158000,0.1,0.027071961172899606,0.029257025898043642,2.6729424605015076e-05,0.029230296473438628,0.8542954565016007,1.0
27.0,1,adam,158500,0.1,0.026995356593675596,0.029155170058763415,9.844510217903281e-05,0.029056724956584384,0.85504743466267,1.0
27.0,1,adam,159000,0.1,0.026524211724862266,0.028616841807140102,2.413647689985533e-05,0.028592705330240248,0.8571571786520301,1.0
27.0,1,adam,159500,0.1,0.026331946718468942,0.028392412427360156,2.791190810331447e-05,0.028364500519256843,0.8582071952975645,1.0
27.0,1,adam,160000,0.1,0.026048923556109375,0.028064817053654614,2.361157702866249e-05,0.02804120547662595,0.8596311517560237,1.0
27.0,1,adam,160500,0.1,0.02582984143044561,0.0278114359462804,2.4123045712595794e-05,0.027787312900567806,0.8607651300650084,1.0
27.0,1,adam,161000,0.1,0.02748933017666397,0.029735523847427073,0.00011665032922526954,0.029618873518201805,0.8523572311317265,1.0
27.0,1,adam,161500,0.1,0.025483778214334604,0.027414773017144747,2.359899366961827e-05,0.02739117402347513,0.8625075823771021,1.0
27.0,1,adam,162000,0.1,0.025389034746824957,0.027307260636858968,3.423758511096756e-05,0.027273023051748002,0.8629313896684438,1.0
27.0,1,adam,162500,0.1,0.025288094560023493,0.027196895315979394,2.4152827411268612e-05,0.027172742488568127,0.8632404758356408,1.0
27.0,1,adam,163000,0.1,0.02523469167248132,0.027140231456562608,2.1414612538845193e-05,0.02711881684402376,0.8633475200665015,1.0
27.0,1,adam,163500,0.1,0.02531642967803678,0.027236067789712614,3.790824233981798e-05,0.027198159547372796,0.8628850341125112,1.0
27.0,1,adam,164000,0.1,0.025157834347675153,0.02705729889459385,1.9796148305977096e-05,0.027037502746287873,0.8635660804134246,1.0
27.0,1,adam,164500,0.1,0.025548727264658927,0.027503664521052573,7.757154782687026e-05,0.027426092973225704,0.8616177552363693,1.0
27.0,1,adam,165000,0.1,0.025122290984719464,0.02701959453636324,1.679267577327139e-05,0.027002801860589967,0.8636213182407088,1.0
27.0,1,adam,165500,0.1,0.025169051042406528,0.027068822800053544,5.911271147780408e-05,0.02700971008857574,0.863510415782368,1.0
27.0,1,adam,166000,0.1,0.02512351576549768,0.027023781111054523,1.4563117501327373e-05,0.027009217993553197,0.8635161440745609,1.0
27.0,1,adam,166500,0.1,0.025022197528240902,0.02690805375000694,2.003837711698044e-05,0.02688801537288996,0.8639761857625022,1.0
27.0,1,adam,167000,0.1,0.026299374379765046,0.028339343581209323,3.868170096108774e-06,0.028335475411113215,0.8591433936639633,1.0
27.0,1,adam,167500,0.1,0.025205419229436855,0.027093495310623845,7.931284291180479e-06,0.027085564026332665,0.8641098217504464,1.0
27.0,1,adam,168000,0.1,0.02469751025498098,0.02649720125258776,9.995927218524076e-06,0.02648720532536924,0.8671689696113464,1.0
27.0,1,adam,168500,0.1,0.02615066328594244,0.028196006026816132,7.18427241586913e-06,0.028188821754400264,0.8588705740752746,1.0
27.0,1,adam,169000,0.1,0.02519165646316065,0.027072701368868867,8.438797406846828e-06,0.02706426257146202,0.8644375528460976,1.0
27.0,1,adam,169500,0.1,0.0245987660660541,0.02639047430470663,5.745017235217387e-06,0.02638472928747141,0.867500040273557,1.0
27.0,1,adam,170000,0.1,0.024898752320633384,0.026731764236324507,1.838846920925095e-05,0.026713375767115254,0.8661219997369428,1.0
27.0,1,adam,170500,0.1,0.023757714923742436,0.02542199910120922,5.788841900087108e-06,0.02541621025930913,0.8720821869998582,1.0
27.0,1,adam,171000,0.1,0.023487486485457742,0.02510973481992681,1.7139463599932282e-06,0.025108020873566814,0.873636038747517,1.0
27.0,1,adam,171500,0.1,0.035590432409894714,0.03936031500636908,0.00044566049293737534,0.03891465451343171,0.8113330052682741,1.0
27.0,1,adam,172000,0.1,0.028800131290685663,0.031184777662973034,0.0003368783249379026,0.030847899338035133,0.8481044359901161,1.0
27.0,1,adam,172500,0.1,0.028555743135458417,0.030897711097494333,0.0003245471414523755,0.030573163956041958,0.8494837851966884,1.0
27.0,1,adam,173000,0.1,0.028312060046604588,0.030614945808995445,0.00031149849367791333,0.03030344731531753,0.8506679439557573,1.0
27.0,1,adam,173500,0.1,0.028097148363605284,0.030365135381199972,0.0002989301540559593,0.030066205227144014,0.8517500722310047,1.0
27.0,1,adam,174000,0.1,0.027867631916762347,0.030098267430418598,0.0002886305388472952,0.029809636891571303,0.8529476922767686,1.0
27.0,1,adam,174500,0.1,0.027638029199685676,0.029838848462160592,0.00024936979708164135,0.02958947866507895,0.85391374619374,1.0
27.0,1,adam,175000,0.1,0.027279018700455307,0.029422669964028616,0.00024964794928128886,0.029173022014747328,0.8557390228710784,1.0
27.0,1,adam,175500,0.1,0.02727892407473025,0.029435903051330602,0.00018728958936731232,0.02924861346196329,0.8552696340981205,1.0
27.0,1,adam,176000,0.1,0.027048159608808357,0.029183533310094895,0.00010527654348734511,0.02907825676660755,0.8560402907065874,1.0
27.0,1,adam,176500,0.1,0.0261774433555851,0.02816717899674727,0.00016728690947588555,0.027999892087271383,0.8607128647210303,1.0
27.0,1,adam,177000,0.1,0.025788808017062594,0.027724719125908917,0.00014103372002380993,0.027583685405885107,0.8625084007063848,1.0
27.0,1,adam,177500,0.1,0.02554605514549117,0.027430207336598518,0.00025362763466494254,0.027176579701933577,0.8643360924253793,1.0
27.0,1,adam,178000,0.1,0.025238192429028635,0.027112336083383995,6.291689577815104e-05,0.027049419187605842,0.8646452325554459,1.0
27.0,1,adam,178500,0.1,0.025286419437151385,0.027142767025673115,0.00034523064511295966,0.026797536380560157,0.8651783662236663,1.0
27.0,1,adam,179000,0.1,0.02494469113266806,0.026800163798822094,4.8256408930696454e-05,0.0267519073898914,0.8651729159282537,1.0
27.0,1,adam,179500,0.1,0.02497267633879495,0.026828711535027184,0.00013601208570979495,0.02669269944931739,0.8651258687343276,1.0
27.0,1,adam,180000,0.1,0.02478325320489748,0.026625386647077007,4.8560370450687334e-05,0.02657682627662632,0.8655105042687544,1.0
27.0,1,adam,180500,0.1,0.025826331902829625,0.027606862192615916,0.0010689063807094615,0.026537955811906454,0.8679316919321075,1.0
27.0,1,adam,181000,0.1,0.024149540109417306,0.025869492787545658,4.662649945340218e-05,0.025822866288092255,0.8700397048321495,1.0
27.0,1,adam,181500,0.1,0.025591225897502314,0.02744614726951037,0.0002352870712056262,0.027210860198304744,0.8653499009417489,1.0
27.0,1,adam,182000,0.1,0.019427507659349072,0.020461617874530512,0.0002252169821369222,0.02023640089239359,0.89825161352122,1.0
27.0,1,adam,182500,0.1,0.01953099391240112,0.02063333107552497,3.056064105313209e-05,0.020602770434471836,0.8947994969385011,1.0
27.0,1,adam,183000,0.1,0.007689163321016701,0.00785271001738265,2.61866124028671e-05,0.007826523404979783,0.9585188148521089,1.0
27.0,1,adam,183500,0.1,0.0034931875646250065,0.003526113941991774,1.7083027184374877e-05,0.0035090309148073993,0.9812542674949305,1.0
27.0,1,adam,184000,1.0,0.0015181242426192164,0.0015834826820824595,8.122403304147007e-06,0.0015753602787783125,0.9180196838743447,1.0
27.0,1,adam,184500,1.0,0.0006929937651600339,0.0007061292886973823,5.913810069730636e-06,0.0007002154786276516,0.9628557164592773,1.0
27.0,1,adam,185000,1.0,0.00036964120041870554,0.0003732337883186328,1.2571934334282482e-06,0.00037197659488520456,0.9805310396209144,1.0
27.0,1,adam,185500,10.0,0.0004382973057631159,0.0004790263170283499,2.193257008941254e-05,0.00045709374693893735,0.8015757578780199,1.0
27.0,1,adam,186000,10.0,0.0002537666616318345,0.00027149990556240807,9.249228680246574e-06,0.0002622506768821615,0.8689955023562715,1.0
27.0,1,adam,186500,10.0,0.00023327636911316704,0.0002490006984707657,7.600058636474326e-07,0.00024824069260711825,0.8742436134043968,1.0
27.0,1,adam,187000,10.0,0.0004558652457553893,0.00047740956457292675,0.0001892568459876094,0.00028815271858531735,0.8521042361119407,1.0
27.0,1,adam,187500,10.0,0.001928713158017728,19.49269788594469,1.318691001744807e-05,19.492684699034672,0.0,0.03518518518518519
27.0,1,adam,188000,10.0,0.0022787686727590737,26.9895594684662,3.579932038898439e-05,26.98952366914581,0.0,0.03888888888888889
27.0,1,adam,188500,10.0,0.0019865733035796247,30.736943012767284,1.3680815212321992e-05,30.736929331952073,0.0,0.03333333333333333
27.0,1,adam,189000,10.0,0.002055323501797445,36.90794782946277,3.008717295069862e-05,36.90791774228982,0.0,0.044444444444444446
27.0,1,adam,189500,10.0,0.001964510797295203,25.547537234146837,1.9256979777102095e-05,25.54751797716706,0.0,0.05740740740740741
27.0,1,adam,190000,10.0,0.0019140545022161882,4.870502207380384,6.888089062727507e-07,4.870501518571478,0.0,0.1537037037037037
27.0,1,adam,190500,10.0,0.0020374069492121822,1.6591585422879378,3.6777282821568077e-06,1.6591548645596557,0.0,0.16111111111111112
27.0,1,adam,191000,10.0,0.0019220117407846577,1.0331731106259978,1.2201895597687351e-05,1.0331609087304001,2.0214909194071742e-240,0.15555555555555556
27.0,1,adam,191500,10.0,0.001915150439811911,1.114806107623258,1.7119564029099816e-05,1.114788988059229,2.0675926884343954e-258,0.1574074074074074
27.0,1,adam,192000,10.0,0.001962431699434008,1.1540162636713436,6.292064372608347e-05,1.1539533430276174,3.001140144330747e-266,0.15925925925925927
27.0,1,adam,192500,10.0,0.002634407044361045,22.276874532419743,0.00012888084452656337,22.276745651575215,0.0,0.007407407407407408
27.0,1,adam,193000,10.0,0.0018050461989231631,1.1931411832432068,9.280597831170484e-05,1.1930483772648952,8.31929309183443e-270,0.16111111111111112
27.0,1,adam,193500,10.0,0.0018877248317470678,0.816847763749409,4.472723081172277e-06,0.8168432910263279,9.263755328622475e-183,0.2537037037037037
27.0,1,adam,194000,10.0,0.0018704882223764012,0.30341400742932284,1.5481075893155943e-05,0.3033985263534297,2.0970478735985102e-65,0.31851851851851853
27.0,1,adam,194500,10.0,0.0011795735469658948,0.0018571526531818896,8.719404243026239e-06,0.0018484332489388633,0.37704191878026505,0.575925925925926
27.0,1,adam,195000,10.0,0.0005719811345522106,0.0006767900085820632,1.4830073027720929e-05,0.0006619599355543423,0.7051282501332058,1.0
27.0,1,adam,195500,10.0,0.00031014611480464135,0.0003377338332560078,1.4317411020267272e-05,0.00032341642223574055,0.8353976485857566,1.0
27.0,1,adam,196000,10.0,0.00022804957951343062,0.0002396523509207762,2.2465582738292156e-05,0.00021718676818248403,0.8927709660740072,1.0
27.0,1,adam,196500,10.0,0.000191054893511884,0.00020036763924145883,1.5744968556345844e-05,0.00018462267068511298,0.9026517194762129,1.0
27.0,1,adam,197000,10.0,0.00019697777944550687,0.00020662219629465024,1.794997780727141e-05,0.00018867221848737882,0.901277296618082,1.0
27.0,1,adam,197500,10.0,0.0001796152281447637,0.00018769437458773366,9.17493147997263e-06,0.00017851944310776102,0.909989957550207,1.0
27.0,1,adam,198000,10.0,0.00023823961482359276,0.00025188243201365265,2.337505715402905e-05,0.0002285073748596236,0.8832926554463582,1.0
27.0,1,adam,198500,10.0,0.00012778641548111993,0.00012982931206697988,4.069911294947101e-05,8.913019911750887e-05,0.9538808808222315,1.0
27.0,1,adam,199000,10.0,0.0002141893804752396,0.0002236538175055364,3.2309141024246465e-05,0.00019134467648128993,0.9027244846445619,1.0
27.0,1,adam,199500,10.0,0.0001427755944154222,0.00014688418819831044,2.0530983219903567e-05,0.00012635320497840686,0.9350812699599923,1.0
27.0,1,adam,200000,10.0,0.00023351286027514478,0.0002448857114334342,3.445677434336567e-05,0.00021042893709006852,0.8932457215450805,1.0
27.0,1,adam,200500,10.0,0.00023388563200198742,0.00024710890018697965,2.0008515680727523e-05,0.0002271003845062521,0.8852491057735208,1.0
27.0,1,adam,201000,10.0,0.00011146527025644281,0.00011409040151425134,1.5125194394683082e-05,9.896520711956827e-05,0.9473902683150051,1.0
27.0,1,adam,201500,10.0,0.00010678432060949525,0.00010944437095429254,8.401115239697762e-06,0.00010104325571459478,0.9477911129840484,1.0
27.0,1,adam,202000,10.0,0.0002847019802746482,0.00029558450530736127,9.121506312743596e-05,0.0002043694421799253,0.8948776094906468,1.0
27.0,1,adam,202500,10.0,0.0002264601258842913,0.0002378243037085192,2.863918048080473e-05,0.00020918512322771446,0.8927985068284409,1.0
27.0,1,adam,203000,10.0,2.7983605894749713e-05,2.8172072405361655e-05,1.5520711668017406e-06,2.6620001238559913e-05,0.9859319270110156,1.0
27.0,1,adam,203500,10.0,0.00018228141921930872,0.00018916450248819178,2.65023947571745e-05,0.00016266210773101727,0.9163960550631869,1.0
27.0,1,adam,204000,10.0,0.00014022206083408794,0.00014523545877102495,7.271786550006017e-06,0.00013796367222101893,0.928297160192392,1.0
27.0,1,adam,204500,10.0,0.00021544033603861925,0.000225456582153159,2.918221719541248e-05,0.00019627436495774653,0.8997104200077122,1.0
27.0,1,adam,205000,10.0,0.00013166774854718772,0.00013558176426748986,1.395292449602401e-05,0.00012162883977146586,0.936270579948605,1.0
27.0,1,adam,205500,10.0,0.00016935050806682952,0.00017736613705616027,2.3158051858233884e-06,0.00017505033187033688,0.910190031906023,1.0
27.0,1,adam,206000,10.0,8.40753410220043e-05,8.571677980208611e-05,7.3054309818611e-06,7.8411348820225e-05,0.9585701767955577,1.0
27.0,1,adam,206500,100.0,8.547816115018605e-05,9.389490166581804e-05,3.517456619550977e-05,5.8720335470308264e-05,0.7275146266597631,1.0
27.0,1,adam,207000,100.0,0.00011028577435042795,0.0001501454653602935,1.3477972854554607e-05,0.0001366674925057389,0.47576008990332724,0.6518518518518519
27.0,1,adam,207500,100.0,0.00021309707497074826,0.14140695971570513,1.2036759855068974e-06,0.14140575603971964,0.0,0.03518518518518519
27.0,1,adam,208000,100.0,0.00021759609722572215,0.8512972939369702,8.395021453777431e-06,0.8512888989155164,0.0,0.12962962962962962
27.0,1,adam,208500,100.0,0.00020580903595755054,2.9843756971056914,5.035310780749598e-09,2.9843756920703806,0.0,0.1537037037037037
27.0,1,adam,209000,100.0,0.0002314878288964437,11.953164865190866,1.532525656151636e-05,11.953149539934305,0.0,0.1388888888888889
27.0,1,adam,209500,100.0,0.00021535999127655513,2.225593634142334,7.625271385260142e-06,2.2255860088709487,0.0,0.14814814814814814
27.0,1,adam,210000,100.0,0.00022061536547495625,9.134789739913813,1.5873656536300276e-05,9.134773866257277,0.0,0.1425925925925926
27.0,1,adam,210500,100.0,0.00026189496869847445,3.673934653734173,6.294117685715344e-05,3.673871712557316,0.0,0.1425925925925926
27.0,1,adam,211000,100.0,0.00024868326878115736,9.612299626044551,4.2346938005600456e-05,9.612257279106545,0.0,0.13518518518518519
27.0,1,adam,211500,100.0,0.00019453855848711117,11.68347788843987,1.9999108865964306e-06,11.683475888528983,0.0,0.14444444444444443
27.0,1,adam,212000,100.0,0.0002056696634190967,6.807552208964096,1.7820247832836604e-06,6.807550426939313,0.0,0.14814814814814814
27.0,1,adam,212500,100.0,0.000249115255451804,6.413792782433677,3.5517287005563696e-05,6.413757265146671,0.0,0.15
27.0,1,adam,213000,100.0,0.0002330214666393466,8.739785959275444,3.649007420413127e-05,8.73974946920124,0.0,0.10555555555555556
27.0,1,adam,213500,100.0,0.00020858533767188948,6.314583709154656,4.305583275175995e-06,6.314579403571381,0.0,0.17962962962962964
27.0,1,adam,214000,100.0,0.0002247218659092667,6.10802588012406,2.5723030739376025e-05,6.108000157093321,0.0,0.21851851851851853
27.0,1,adam,214500,100.0,0.0001963357258835925,5.959976500849615,5.240115054412861e-06,5.9599712607345605,0.0,0.16666666666666666
27.0,1,adam,215000,100.0,0.00019834323472845311,5.926508611995222,3.0778202295847145e-06,5.926505534174992,0.0,0.18703703703703703
27.0,1,adam,215500,100.0,0.00021451851801968782,6.196747207855119,1.927556234663252e-05,6.196727932292773,0.0,0.2351851851851852
27.0,1,adam,216000,100.0,0.00022267833482783624,5.823473518853314,2.116039909499093e-05,5.823452358454219,0.0,0.26481481481481484
27.0,1,adam,216500,100.0,0.00022707391523035903,7.182220385596297,2.3186930340286358e-05,7.182197198665957,0.0,0.2462962962962963
27.0,1,adam,217000,100.0,0.0002972904737254592,8.617979862662722,9.281035645782346e-05,8.617887052306264,0.0,0.03888888888888889
27.0,1,adam,217500,100.0,0.00020754019060785012,7.259184260292832,8.373257574828804e-06,7.259175887035258,0.0,0.2574074074074074
27.0,1,adam,218000,100.0,0.00023103969527624215,9.077408022918316,2.5546490710302127e-05,9.077382476427607,0.0,0.24074074074074073
27.0,1,adam,218500,100.0,0.00020067270247616062,7.447441193819751,7.793995222297241e-06,7.447433399824528,0.0,0.24814814814814815
27.0,1,adam,219000,100.0,0.00021219721326584212,7.420192638914333,2.0786268769440166e-05,7.420171852645564,0.0,0.2388888888888889
27.0,1,adam,219500,100.0,0.0002043255918698468,7.801749823101523,1.3227189771960493e-05,7.801736595911751,0.0,0.2759259259259259
27.0,1,adam,220000,100.0,0.00023847964469450792,8.641513571894793,4.172213519175696e-05,8.6414718497596,0.0,0.24259259259259258
27.0,1,adam,220500,100.0,0.00031504902039520275,9.051498897716723,0.00012010336684253442,9.05137879434988,0.0,0.2518518518518518
27.0,1,adam,221000,100.0,0.00029362302585324973,8.975896418644961,9.79237257025699e-05,8.975798494919259,0.0,0.2962962962962963
27.0,1,adam,221500,100.0,0.00021506358109300752,8.72739500351988,1.638108417010199e-05,8.72737862243571,0.0,0.21296296296296297
27.0,1,adam,222000,100.0,0.00026904199457898376,9.159925100705141,7.563449486966327e-05,9.159849466210272,0.0,0.2759259259259259
27.0,1,adam,222500,100.0,0.00019593725549691898,8.05469972854223,3.0304635834908553e-06,8.054696698078647,0.0,0.32592592592592595
27.0,1,adam,223000,100.0,0.0002829559284992843,7.192666216757953,8.713664354397312e-05,7.192579080114409,0.0,0.1388888888888889
27.0,1,adam,223500,100.0,0.00043206247797245945,6.838667349606546,0.00024219010584336932,6.838425159500703,0.0,0.08888888888888889
27.0,1,adam,224000,100.0,0.00021277511354558231,6.742325079543411,7.793650893622842e-06,6.7423172858925176,0.0,0.2796296296296296
27.0,1,adam,224500,100.0,0.0002004072684808161,6.75805471454808,9.845587069687141e-06,6.75804486896101,0.0,0.32592592592592595
27.0,1,adam,225000,100.0,0.00019403768105925282,7.113241317249081,4.4129063985211474e-06,7.113236904342682,0.0,0.30925925925925923
27.0,1,adam,225500,100.0,0.00022482914103554095,7.5056137242187395,2.8291062592788466e-05,7.5055854331561465,0.0,0.19074074074074074
27.0,1,adam,226000,100.0,0.00022172934221252757,8.934362506510197,3.217160059147193e-05,8.934330334909607,0.0,0.32407407407407407
27.0,1,adam,226500,100.0,0.00019622753096392947,9.166889476023266,3.7794389130248615e-06,9.166885696584353,0.0,0.34629629629629627
27.0,1,adam,227000,100.0,0.0002901983157472351,6.299728065358587,8.864099330427696e-05,6.2996394243652825,0.0,0.3351851851851852
27.0,1,adam,227500,100.0,0.0001910080038062968,6.6148551317191595,3.7642590886294238e-06,6.614851367460071,0.0,0.24074074074074073
27.0,1,adam,228000,100.0,0.0002572994082165106,7.911692851799,6.611952968920508e-05,7.91162673226931,0.0,0.34629629629629627
27.0,1,adam,228500,100.0,0.0002280433020324814,7.795969769433136,1.6940810177491027e-05,7.7959528286229585,0.0,0.2462962962962963
27.0,1,adam,229000,100.0,0.0001993386504625109,8.1833425956416,4.894902441041962e-06,8.183337700739159,0.0,0.29814814814814816
27.0,1,adam,229500,100.0,0.0001968921904576512,8.581875812242886,7.018082994920456e-06,8.581868794159892,0.0,0.1425925925925926
27.0,1,adam,230000,100.0,0.00041048077185061767,10.41115141885739,0.0002191688832293734,10.410932249974161,0.0,0.22592592592592592
27.0,1,adam,230500,100.0,0.00019675733351036268,8.32868220275665,7.503400825205711e-06,8.328674699355824,0.0,0.2814814814814815
27.0,1,adam,231000,100.0,0.000224450440293782,7.2623729485697,3.155279269207804e-05,7.262341395777008,0.0,0.4185185185185185
27.0,1,adam,231500,100.0,0.0001966152663426246,6.9402487679346105,1.1458894469736417e-06,6.940247622045163,0.0,0.26296296296296295
27.0,1,adam,232000,100.0,0.00019426862027576385,8.326407309859922,3.363676116316552e-06,8.326403946183806,0.0,0.2796296296296296
27.0,1,adam,232500,100.0,0.00020511720173027324,9.321435389917777,3.659493477428225e-06,9.3214317304243,0.0,0.3314814814814815
27.0,1,adam,233000,100.0,0.0001966836941061628,12.085163156555373,7.153143825434528e-06,12.085156003411548,0.0,0.40370370370370373
27.0,1,adam,233500,100.0,0.00019117305745004884,10.837451418360482,3.7076036983224257e-07,10.837451047600112,0.0,0.4111111111111111
27.0,1,adam,234000,100.0,0.00023546234695866007,11.252663196250097,3.36124936926238e-05,11.252629583756404,0.0,0.3962962962962963
27.0,1,adam,234500,100.0,0.00022291072207228856,8.490507569498188,1.9969699724795773e-05,8.490487599798463,0.0,0.3314814814814815
27.0,1,adam,235000,100.0,0.00020204894450770767,7.997427954277719,3.491404104891512e-06,7.997424462873615,0.0,0.2796296296296296
27.0,1,adam,235500,100.0,0.00025727807805263315,8.198774403246686,6.485360533452147e-05,8.198709549641352,0.0,0.3537037037037037
27.0,1,adam,236000,100.0,0.00021079068477565256,6.508483237920719,1.9903806129330178e-05,6.508463334114589,0.0,0.21666666666666667
27.0,1,adam,236500,100.0,0.0002347088279349829,5.711663677306314,4.37872758852536e-05,5.711619890030429,0.0,0.19074074074074074
27.0,1,adam,237000,100.0,0.00019602251905485838,5.623339338609743,4.844399214211837e-06,5.623334494210529,0.0,0.2388888888888889
27.0,1,adam,237500,100.0,0.00019761120992979565,5.706025382589149,7.547801317987584e-06,5.706017834787831,0.0,0.4722222222222222
27.0,1,adam,238000,100.0,0.0002600418710849067,5.804198571117388,6.792352527532121e-05,5.804130647592112,0.0,0.2537037037037037
27.0,1,adam,238500,100.0,0.00019848949549557208,4.371510009655505,6.036228028327974e-07,4.371509406032702,0.0,0.34074074074074073
27.0,1,adam,239000,100.0,0.00021153010553896163,4.679857120847741,1.1928514861053796e-06,4.679855927996255,0.0,0.34444444444444444
27.0,1,adam,239500,100.0,0.000283869759545001,4.007608264056782,9.529546328140612e-05,4.007512968593501,0.0,0.34074074074074073
27.0,1,adam,239999,100.0,0.00019768445992448635,3.059140048466341,5.424370034122094e-06,3.059134624096307,0.0,0.3388888888888889
27.0,1,lbfgs,0,,,0.0010485604493894293,2.388063398234679e-06,0.0010461723859911947,,
27.0,1,lbfgs,1,,,0.0008857515336180984,2.0665435284381654e-06,0.0008836849900896602,,
27.0,1,lbfgs,2,,,0.0007187474856258126,1.464550531103729e-06,0.0007172829350947089,,
27.0,1,lbfgs,3,,,0.0003512095589338188,4.844147048327611e-07,0.00035072514422898604,,
27.0,1,lbfgs,4,,,0.00022609833389398596,3.9741517940023376e-07,0.00022570091871458573,,
27.0,1,lbfgs,5,,,0.00014355840495743663,1.220368891862048e-07,0.00014343636806825043,,
27.0,2,adam,0,0.01,2.338878348907061,2.3388946006175395,2.3311122978235037,0.007782302794035828,0.9958142441923632,1.0
27.0,2,adam,500,1.0,0.024236613540968174,0.6267343662025866,0.0027168826572890885,0.6240174835452975,2.5578947963560568e-15,0.011111111111111112
27.0,2,adam,1000,1.0,0.019183585375602323,0.48550615356963656,9.319313528309987e-05,0.48541296043435345,4.5203824754179285e-12,0.07592592592592592
27.0,2,adam,1500,1.0,0.01898502588221047,0.23078130280955783,0.0002344145308406875,0.23054688827871714,4.100719447642633e-06,0.07407407407407407
27.0,2,adam,2000,1.0,0.018927768920936536,0.1862322670290338,0.0001894374119203554,0.18604282961711346,4.4621545340822906e-05,0.07592592592592592
27.0,2,adam,2500,1.0,0.018940046575742824,0.16829263085029122,0.00019015574149705002,0.16810247510879417,0.00011683131709218628,0.07777777777777778
27.0,2,adam,3000,1.0,0.019454296223034403,0.16047640202933613,0.000695110037896445,0.1597812919914397,0.00018264608167763318,0.07962962962962963
27.0,2,adam,3500,1.0,0.019067321370678923,0.15550506472106634,0.00030001438430015727,0.15520505033676618,0.00023359439382209212,0.07962962962962963
27.0,2,adam,4000,1.0,0.01937966169241161,0.15321639229702252,0.0006098068497482876,0.15260658544727423,0.00026858437151149734,0.07962962962962963
27.0,2,adam,4500,1.0,0.019123012018541392,0.1510937369261917,0.0003598360718831319,0.15073390085430857,0.00029687837173517323,0.07962962962962963
27.0,2,adam,5000,1.0,0.01935562822248022,0.14979199888430578,0.0005900440874516352,0.14920195479685414,0.00032237705225407834,0.07962962962962963
27.0,2,adam,5500,1.0,0.01895338328834755,0.14824801371452265,0.00019371621915136264,0.14805429749537127,0.0003427578271040335,0.07962962962962963
27.0,2,adam,6000,1.0,0.019278067830649406,0.14758911660716623,0.0005183247780304913,0.14707079182913574,0.00036135291975361453,0.07962962962962963
27.0,2,adam,6500,1.0,0.019292890906338,0.14703034983442834,0.0005352214646101185,0.1464951283698182,0.00037264612764479314,0.07962962962962963
27.0,2,adam,7000,1.0,0.018979768965664442,0.14620839377970457,0.0002262882092780492,0.1459821055704265,0.0003829681233496455,0.07962962962962963
27.0,2,adam,7500,1.0,0.0189602829790628,0.1455401844728608,0.0002088704906526923,0.1453313139822081,0.000396565484798906,0.07962962962962963
27.0,2,adam,8000,1.0,0.018939939089046096,0.1455345873658913,0.00018921360828576343,0.14534537375760553,0.0003962213964467922,0.07962962962962963
27.0,2,adam,8500,1.0,0.0189937697269667,0.14514728640409386,0.0002453282880652722,0.14490195811602857,0.00040573653701810644,0.07962962962962963
27.0,2,adam,9000,1.0,0.019175235889339778,0.1449576351218337,0.0004225584743844361,0.14453507664744927,0.0004139203504055234,0.07962962962962963
27.0,2,adam,9500,1.0,0.018985488244276684,0.144534421235043,0.00023655385596771947,0.1442978673790753,0.0004191436479582543,0.07962962962962963
27.0,2,adam,10000,1.0,0.018942078583111876,0.14413632377811977,0.00019080814156174897,0.14394551563655802,0.0004272239786561295,0.07962962962962963
27.0,2,adam,10500,1.0,0.019162984882187935,0.1447533206729974,0.00041422554366377546,0.14433909512933363,0.0004181728554052228,0.07962962962962963
27.0,2,adam,11000,1.0,0.019069432963749258,0.14425720149146307,0.0003148617025748346,0.14394233978888823,0.0004273493865891167,0.07962962962962963
27.0,2,adam,11500,1.0,0.018979049344422388,0.143956051870859,0.00022750414596036913,0.14372854772489863,0.00043222886162680625,0.07962962962962963
27.0,2,adam,12000,1.0,0.019191747047660628,0.14410678491717366,0.0004354284309062885,0.14367135648626736,0.000433645745635316,0.07962962962962963
27.0,2,adam,12500,1.0,0.01895681639846561,0.14362501207160316,0.00020430152451993432,0.14342071054708322,0.00043946392660889813,0.07962962962962963
27.0,2,adam,13000,1.0,0.019076347171847786,0.14367322200473726,0.0003209894536519351,0.1433522325510853,0.00044115260377059347,0.07962962962962963
27.0,2,adam,13500,1.0,0.018941463521550704,0.14351606956790283,0.000187867113366525,0.1433282024545363,0.0004416845768376283,0.07962962962962963
27.0,2,adam,14000,1.0,0.019022376931797307,0.14343775536174996,0.00026670306144165593,0.1431710523003083,0.0004454932682305054,0.07962962962962963
27.0,2,adam,14500,1.0,0.019250610895952133,0.14445597168788502,0.0005001962512733975,0.14395577543661162,0.00042690487066174184,0.07962962962962963
27.0,2,adam,15000,1.0,0.018933694156730813,0.14426611248112825,0.00017824175489268177,0.14408787072623558,0.000423973378788931,0.07962962962962963
27.0,2,adam,15500,1.0,0.01904871833842101,0.14425588508704262,0.00029647489881783637,0.14395941018822478,0.0004268709045950333,0.07962962962962963
27.0,2,adam,16000,1.0,0.01929292747240054,0.14436298681546192,0.0005428859078444877,0.14382010090761743,0.0004300359287955848,0.07962962962962963
27.0,2,adam,16500,1.0,0.01921080211664659,0.14369396113694538,0.0004547051729992446,0.14323925596394613,0.000443885768437517,0.07962962962962963
27.0,2,adam,17000,1.0,0.018960696579223214,0.14332265227594632,0.00020823169886856574,0.14311442057707774,0.00044679847475380256,0.07962962962962963
27.0,2,adam,17500,1.0,0.018963093508649224,0.1432464037702161,0.00020969874149156378,0.14303670502872454,0.00044870897590152206,0.07962962962962963
27.0,2,adam,18000,1.0,0.0190753040766484,0.14358984728411678,0.0003240230146722829,0.1432658242694445,0.000443164049135441,0.07962962962962963
27.0,2,adam,18500,1.0,0.01890930368004087,0.1437409413992526,0.00015603592660147725,0.1435849054726511,0.000435653106412837,0.07962962962962963
27.0,2,adam,19000,1.0,0.018937151318938167,0.14367766624472922,0.00018510141973387023,0.14349256482499534,0.0004378053468085265,0.07962962962962963
27.0,2,adam,19500,1.0,0.018925995123498036,0.143558524580053,0.0001736978389024165,0.14338482674115058,0.00044038800504377166,0.07962962962962963
27.0,2,adam,20000,1.0,0.0190431814839653,0.14395469284040055,0.0002873022013336309,0.14366739063906692,0.00043383544558610955,0.07962962962962963
27.0,2,adam,20500,1.0,0.01909608040868475,0.1437283069631166,0.0003410586355952388,0.14338724832752134,0.00044042398753659087,0.07962962962962963
27.0,2,adam,21000,1.0,0.018959598259591478,0.14353087378804247,0.00020592864048285411,0.1433249451475596,0.0004419053533715313,0.07962962962962963
27.0,2,adam,21500,1.0,0.01894933267599797,0.14334645334429105,0.0001976539735881229,0.14314879937070293,0.00044609213616630163,0.07962962962962963
27.0,2,adam,22000,1.0,0.018947694344049554,0.14332811908596135,0.0001963538281945946,0.14313176525776675,0.0004464971251547415,0.07962962962962963
27.0,2,adam,22500,1.0,0.018910676822586465,0.1433491151620916,0.00015955890469958436,0.143189556257392,0.00044511075593376976,0.07962962962962963
27.0,2,adam,23000,1.0,0.018932104027078733,0.14342176537904117,0.00018213419059010812,0.14323963118845107,0.0004439069894869024,0.07962962962962963
27.0,2,adam,23500,1.0,0.018898955534654364,0.14346330437459753,0.0001461712466105129,0.14331713312798702,0.00044212578708261835,0.07962962962962963
27.0,2,adam,24000,1.0,0.018949260389607866,0.14322048880823687,0.00019901474914259671,0.14302147405909427,0.00044920151044539134,0.07962962962962963
27.0,2,adam,24500,1.0,0.019152340170406217,0.14360367907121593,0.0003980112845660865,0.14320566778664984,0.00044487791947205306,0.07962962962962963
27.0,2,adam,25000,1.0,0.018939937149792932,0.14301876283741602,0.0001886126528216132,0.1428301501845944,0.0004539291878401091,0.07962962962962963
27.0,2,adam,25500,1.0,0.018929481531449386,0.1431501618034367,0.00017764681338022082,0.14297251499005648,0.00045046656980933937,0.07962962962962963
27.0,2,adam,26000,1.0,0.01896800929490191,0.14292163658198004,0.00021728531435973592,0.1427043512676203,0.0004570670525796842,0.07962962962962963
27.0,2,adam,26500,1.0,0.01895186830133169,0.14285270775303477,0.00020029671395232367,0.14265241103908244,0.00045839081795912424,0.07962962962962963
27.0,2,adam,27000,1.0,0.018931955102788663,0.14257156516644248,0.00018232321439263767,0.14238924195204986,0.00046492679290229395,0.07962962962962963
27.0,2,adam,27500,1.0,0.018961318442056868,0.1423481376306166,0.00021160756514437655,0.14213653006547222,0.00047135686240624855,0.07962962962962963
27.0,2,adam,28000,1.0,0.019091853671775877,0.14230822030419762,0.00034303577864937154,0.14196518452554827,0.0004757620332718972,0.07962962962962963
27.0,2,adam,28500,1.0,0.019085512954393234,0.1421079022079187,0.0003340997536479098,0.1417738024542708,0.0004808088198943767,0.07962962962962963
27.0,2,adam,29000,1.0,0.018939528025629124,0.14156390250848147,0.00019022770622778305,0.14137367480225368,0.0004913353165262138,0.07962962962962963
27.0,2,adam,29500,1.0,0.01893002628999387,0.14130813837800257,0.00018289151604622495,0.14112524686195635,0.0004979567057939862,0.07962962962962963
27.0,2,adam,30000,1.0,0.018977515554387377,0.14114366587997765,0.00023001743941292895,0.14091364844056473,0.0005037710363154797,0.07962962962962963
27.0,2,adam,30500,1.0,0.018994826052277283,0.13997690035423982,0.0002478657794702198,0.1397290345747696,0.0005371147770009283,0.07962962962962963
27.0,2,adam,31000,1.0,0.019169731970328813,0.14022667263337577,0.00041913975723128095,0.13980753287614447,0.0005350778217293452,0.07962962962962963
27.0,2,adam,31500,1.0,0.018930233674637247,0.13913383974741003,0.00018507199390503125,0.138948767753505,0.0005604352412807581,0.07962962962962963
27.0,2,adam,32000,1.0,0.01892627953835852,0.13877001155473034,0.00017929788081925561,0.1385907136739111,0.0005716709394485054,0.07962962962962963
27.0,2,adam,32500,1.0,0.018941217831000726,0.13723114799705377,0.0001961112456030327,0.13703503675145073,0.0006216996332606158,0.07962962962962963
27.0,2,adam,33000,1.0,0.019046575903295206,0.13664937562442211,0.00030475208899091364,0.1363446235354312,0.0006453539374252997,0.07962962962962963
27.0,2,adam,33500,1.0,0.019028158638338104,0.13609747280865017,0.0002813548001223174,0.13581611800852786,0.0006645001819602555,0.07962962962962963
27.0,2,adam,34000,1.0,0.018931094390273486,0.13511345846277223,0.00018689512382328357,0.13492656333894895,0.00069714429271859,0.07962962962962963
27.0,2,adam,34500,1.0,0.01892340140152946,0.13560993830067003,0.00018037088890465885,0.13542956741176537,0.0006786486449383358,0.07962962962962963
27.0,2,adam,35000,1.0,0.0189301252083954,0.13480801232230696,0.00018642191411978191,0.1346215904081872,0.0007088434833574923,0.07962962962962963
27.0,2,adam,35500,1.0,0.018936692037520735,0.13441290399488035,0.0001924505313601609,0.13422045346352018,0.0007244578501541346,0.07962962962962963
27.0,2,adam,36000,1.0,0.018931298380577825,0.13441436404821153,0.0001862183027944228,0.1342281457454171,0.0007242573659575128,0.07962962962962963
27.0,2,adam,36500,1.0,0.018926555865048534,0.13424725190371495,0.00018316254087057948,0.13406408936284436,0.0007305738824832665,0.07962962962962963
27.0,2,adam,37000,1.0,0.018929563769210737,0.13427353871477934,0.00018660314636495304,0.1340869355684144,0.0007295370914441449,0.07962962962962963
27.0,2,adam,37500,1.0,0.018944867585335666,0.13409075901755932,0.0002022977387369542,0.13388846127882237,0.0007372789557170189,0.07962962962962963
27.0,2,adam,38000,1.0,0.018917637266573365,0.13445035691867416,0.00017295702730635927,0.1342773998913678,0.00072158797445266,0.07962962962962963
27.0,2,adam,38500,1.0,0.018941855487299385,0.13406076814449067,0.00019839203024022692,0.13386237611425045,0.000738465925599098,0.07962962962962963
27.0,2,adam,39000,1.0,0.01892486255223926,0.13434133796696587,0.0001801685381680723,0.1341611694287978,0.0007266651374696445,0.07962962962962963
27.0,2,adam,39500,1.0,0.019010345257181257,0.1339427318671379,0.00026829870354742825,0.13367443316359048,0.000746018070038236,0.07962962962962963
27.0,2,adam,40000,1.0,0.018955874928163398,0.1343039311695089,0.00021169591354929876,0.1340922352559596,0.000729315795722888,0.07962962962962963
27.0,2,adam,40500,1.0,0.018954786435971607,0.13445046848449976,0.00021172991209385397,0.1342387385724059,0.0007243660147314774,0.07962962962962963
27.0,2,adam,41000,1.0,0.018925369866850797,0.13455010242287072,0.0001834287824765326,0.13436667364039417,0.0007188339655457532,0.07962962962962963
27.0,2,adam,41500,1.0,0.01892569993721651,0.13418046030530717,0.00018303316174374818,0.1339974271435634,0.0007331924394368547,0.07962962962962963
27.0,2,adam,42000,1.0,0.01892672797396054,0.13415796623463633,0.0001825235366125539,0.13397544269802378,0.0007343448639279317,0.07962962962962963
27.0,2,adam,42500,1.0,0.018948456097365857,0.13415458253500698,0.00020559443199378403,0.1339489881030132,0.0007350115775858677,0.07962962962962963
27.0,2,adam,43000,1.0,0.018986231380833378,0.13421956737512408,0.0002441730397510749,0.133975394335373,0.0007342607013174419,0.07962962962962963
27.0,2,adam,43500,1.0,0.019030394934523652,0.1343423075592379,0.0002871738823741599,0.13405513367686375,0.0007314443431976586,0.07962962962962963
27.0,2,adam,44000,1.0,0.01921080931732869,0.13559620219761787,0.0004629917589263085,0.13513321043869156,0.00069027477352325,0.07962962962962963
27.0,2,adam,44500,1.0,0.01910184168996149,0.13417594475018318,0.00036060947807215604,0.13381533527211104,0.0007401146212445535,0.07962962962962963
27.0,2,adam,45000,1.0,0.01893269816055317,0.13383486852720103,0.00019017547181368177,0.13364469305538734,0.0007473283273760769,0.07962962962962963
27.0,2,adam,45500,1.0,0.018987996806535554,0.13442893108332288,0.00024232294005199453,0.13418660814327088,0.0007261014445316936,0.07962962962962963
27.0,2,adam,46000,1.0,0.018909770291107072,0.13386315273055624,0.00016704109440671938,0.13369611163614953,0.0007452218367269978,0.07962962962962963
27.0,2,adam,46500,1.0,0.018960644424229976,0.13407158379282746,0.0002166570723379207,0.13385492672048954,0.0007388811982603708,0.07962962962962963
27.0,2,adam,47000,1.0,0.019003245318706268,0.1343723932182963,0.0002581316230021376,0.13411426159529416,0.0007286490057253887,0.07962962962962963
27.0,2,adam,47500,1.0,0.019062010495108493,0.1335537078286208,0.00032209790220269615,0.1332316099264181,0.0007635815309235203,0.07962962962962963
27.0,2,adam,48000,1.0,0.01892332160616305,0.1346421752673594,0.00018268153590671757,0.13445949373145266,0.000715260220741861,0.07962962962962963
27.0,2,adam,48500,1.0,0.018924924822632302,0.13418271535287024,0.00018301938776676255,0.13399969596510347,0.0007331463048951151,0.07962962962962963
27.0,2,adam,49000,1.0,0.018925561091262616,0.13397718705133319,0.00018297478506407194,0.1337942122662691,0.0007413241513409889,0.07962962962962963
27.0,2,adam,49500,1.0,0.018925590186685687,0.13391162464902978,0.00018261209504091613,0.13372901255398886,0.0007439815390026949,0.07962962962962963
27.0,2,adam,50000,1.0,0.018932051847985302,0.13387555823643318,0.00018855166422791062,0.13368700657220528,0.0007457850554149501,0.07962962962962963
27.0,2,adam,50500,1.0,0.018936003868069266,0.13374738593084864,0.0001937853005219831,0.13355360063032667,0.0007508838707379687,0.07962962962962963
27.0,2,adam,51000,1.0,0.018962846938691075,0.13372958039486751,0.00022171007827503697,0.13350787031659248,0.0007528228738950773,0.07962962962962963
27.0,2,adam,51500,1.0,0.018934540042317143,0.13396346045243826,0.00019129204296782493,0.13377216840947043,0.0007422046678065404,0.07962962962962963
27.0,2,adam,52000,1.0,0.018941283744429882,0.1339402160129141,0.00019737868414941456,0.13374283732876469,0.0007435960100948564,0.07962962962962963
27.0,2,adam,52500,1.0,0.01894541033106381,0.13367674067950194,0.00020452362701337955,0.13347221705248857,0.0007540762561395477,0.07962962962962963
27.0,2,adam,53000,1.0,0.018967817766573514,0.13335215767976388,0.00022692579147390703,0.13312523188828998,0.0007690287177252176,0.07962962962962963
27.0,2,adam,53500,1.0,0.018932755218596383,0.13412473885251058,0.00018951334327424625,0.13393522550923634,0.0007358859874124105,0.07962962962962963
27.0,2,adam,54000,1.0,0.01894291169482257,0.1336256022674136,0.00020199741961761413,0.13342360484779597,0.0007560616137702339,0.07962962962962963
27.0,2,adam,54500,1.0,0.018938901444203193,0.13358133801931446,0.00019807697674119361,0.13338326104257325,0.0007575195055199864,0.07962962962962963
27.0,2,adam,55000,1.0,0.019017568021026863,0.13303271180766313,0.00027629166134437007,0.13275642014631875,0.0007837845827264106,0.07962962962962963
27.0,2,adam,55500,1.0,0.018923789733476335,0.13365374728096804,0.0001830361366933045,0.13347071114427475,0.0007543916558484515,0.07962962962962963
27.0,2,adam,56000,1.0,0.01893362506601758,0.1336122440158074,0.00019062878521401512,0.1334216152305934,0.0007561849336736498,0.07962962962962963
27.0,2,adam,56500,1.0,0.018941559065000065,0.13382423410144537,0.0001986231014176038,0.13362561100002776,0.0007482887817165643,0.07962962962962963
27.0,2,adam,57000,1.0,0.019019320301924474,0.1329684412297265,0.0002798883422596693,0.13268855288746684,0.0007865312018165043,0.07962962962962963
27.0,2,adam,57500,1.0,0.0190565598365275,0.13424896291177474,0.0003110448136421041,0.13393791809813263,0.0007368872722417107,0.07962962962962963
27.0,2,adam,58000,1.0,0.019133250133415977,0.13341770137843517,0.000395121399476789,0.1330225799789584,0.0007724999300758744,0.07962962962962963
27.0,2,adam,58500,1.0,0.018926039488504437,0.13350786994467792,0.00018412399102471166,0.1333237459536532,0.0007603408064670162,0.07962962962962963
27.0,2,adam,59000,1.0,0.018974555580082007,0.1332743417320952,0.00023198237602692318,0.13304235935606828,0.0007733822236619545,0.07962962962962963
27.0,2,adam,59500,1.0,0.018923642927427372,0.13368620307569687,0.0001830353690453638,0.1335031677066515,0.0007530853178686178,0.07962962962962963
27.0,2,adam,60000,1.0,0.01892405554676889,0.13358720052888287,0.0001828769077786809,0.1334043236211042,0.0007571496775329835,0.07962962962962963
27.0,2,adam,60500,1.0,0.018931279019559228,0.1336500416023663,0.0001884481261617003,0.1334615934762046,0.0007547542403972614,0.07962962962962963
27.0,2,adam,61000,1.0,0.019366599577945003,0.13511979265514545,0.000628592513794905,0.13449120014135055,0.0007139885069629554,0.07962962962962963
27.0,2,adam,61500,1.0,0.018937810052960836,0.13360969040644086,0.000195156566118867,0.13341453384032198,0.0007568222200253122,0.07962962962962963
27.0,2,adam,62000,1.0,0.01915382253797457,0.13387629241732335,0.0004159934866229658,0.13346029893070038,0.0007546482048981175,0.07962962962962963
27.0,2,adam,62500,1.0,0.01893959924574202,0.13374170432030205,0.00019742438636053162,0.13354427993394152,0.0007516480878575854,0.07962962962962963
27.0,2,adam,63000,1.0,0.018969546986145988,0.1332388425341771,0.00022905792782569964,0.13300978460635138,0.0007732674324594718,0.07962962962962963
27.0,2,adam,63500,1.0,0.018921869841092964,0.1334170486525145,0.0001812291753802001,0.1332358194771343,0.0007640112296870311,0.07962962962962963
27.0,2,adam,64000,1.0,0.018935375657364664,0.13391064639614286,0.00019255067098015367,0.13371809572516272,0.0007447463335667143,0.07962962962962963
27.0,2,adam,64500,1.0,0.018962686943450775,0.13373002235661466,0.00021942668369914897,0.1335105956729155,0.0007525811927237534,0.07962962962962963
27.0,2,adam,65000,1.0,0.018912719827805406,0.13337103089008742,0.00017250882718570945,0.13319852206290173,0.0007640895987710917,0.07962962962962963
27.0,2,adam,65500,1.0,0.018939487039805376,0.13350833374405102,0.00019738508694066198,0.13331094865711035,0.0007609250115906892,0.07962962962962963
27.0,2,adam,66000,1.0,0.01892634190046432,0.1333096291097741,0.0001854282088224393,0.13312420090095164,0.0007682686641816192,0.07962962962962963
27.0,2,adam,66500,1.0,0.018996084564643908,0.1342497363526222,0.0002525951872481537,0.13399714116537403,0.0007333561202876772,0.07962962962962963
27.0,2,adam,67000,1.0,0.01894165005151406,0.13382702321579187,0.00019934439400827393,0.1336276788217836,0.0007484546352874712,0.07962962962962963
27.0,2,adam,67500,1.0,0.018905966857067472,0.13504763382748777,0.0001588204616226878,0.13488881336586508,0.0006995214802115595,0.07962962962962963
27.0,2,adam,68000,1.0,0.01892134685294239,0.13503729349474508,0.00018290607322415622,0.13485438742152092,0.000700524939223794,0.07962962962962963
27.0,2,adam,68500,1.0,0.018922058754379172,0.13458981400926268,0.0001830512232155347,0.13440676278604713,0.0007174874804671891,0.07962962962962963
27.0,2,adam,69000,1.0,0.019136402483305188,0.13527349316853912,0.00038954111778597805,0.13488395205075315,0.0006994332264080153,0.07962962962962963
27.0,2,adam,69500,1.0,0.018923208949015544,0.13404084233658614,0.00018173814933229986,0.13385910418725383,0.0007389458353878368,0.07962962962962963
27.0,2,adam,70000,1.0,0.01892829259929865,0.13419864186071015,0.0001853621305793699,0.13401327973013077,0.0007327974366744462,0.07962962962962963
27.0,2,adam,70500,1.0,0.018925266854632007,0.13391467611440694,0.00018327930857234363,0.1337313968058346,0.0007438522626748199,0.07962962962962963
27.0,2,adam,71000,1.0,0.01892487969673711,0.13375642116034658,0.00018347410735339187,0.1335729470529932,0.0007503144944517688,0.07962962962962963
27.0,2,adam,71500,1.0,0.018933683725332648,0.13379948012494586,0.00019305758116051067,0.13360642254378535,0.000748951884784741,0.07962962962962963
27.0,2,adam,72000,1.0,0.01906062246498352,0.13423413779027732,0.00031579590669336964,0.13391834188358395,0.0007372356915227724,0.07962962962962963
27.0,2,adam,72500,1.0,0.0189896952941954,0.13363333240363975,0.0002501957450229853,0.13338313665861676,0.0007581570718252015,0.07962962962962963
27.0,2,adam,73000,1.0,0.01895250484575889,0.13358212177059925,0.00021370599813977365,0.13336841577245948,0.0007585568434180073,0.07962962962962963
27.0,2,adam,73500,1.0,0.018929856960126085,0.13337852963763555,0.0001900464287080013,0.13318848320892754,0.0007659525581600542,0.07962962962962963
27.0,2,adam,74000,1.0,0.018949700423748293,0.13354965171196564,0.00020827460660997673,0.13334137710535568,0.0007599085983827984,0.07962962962962963
27.0,2,adam,74500,1.0,0.01895206472467641,0.1334291906585652,0.00021349275932146312,0.13321569789924373,0.0007647692128965469,0.07962962962962963
27.0,2,adam,75000,1.0,0.018923267886066103,0.1334744170206042,0.0001827322480781771,0.133291684772526,0.0007619299377398859,0.07962962962962963
27.0,2,adam,75500,1.0,0.018915267442026717,0.13340752027183936,0.0001760202579476415,0.13323150001389172,0.0007643693316063359,0.07962962962962963
27.0,2,adam,76000,1.0,0.019086767911478144,0.13339099945569693,0.00035086229390744435,0.1330401371617895,0.0007717578090618255,0.07962962962962963
27.0,2,adam,76500,1.0,0.0189228828425019,0.13340942916026283,0.00018356246445023922,0.1332258666958126,0.0007645480026077911,0.07962962962962963
27.0,2,adam,77000,1.0,0.018936645752853188,0.13347136093711134,0.00019623549637131109,0.13327512544074002,0.0007626339096126743,0.07962962962962963
27.0,2,adam,77500,1.0,0.019021079116697735,0.1347102621757964,0.0002772357735099418,0.13443302640228647,0.0007169270577152293,0.07962962962962963
27.0,2,adam,78000,1.0,0.018960139870245484,0.1338000908336828,0.00021887758884984424,0.13358121324483296,0.0007502598169191843,0.07962962962962963
27.0,2,adam,78500,1.0,0.018924711156661733,0.1333668751730913,0.00018449508800876685,0.1331823800850825,0.0007663601011095468,0.07962962962962963
27.0,2,adam,79000,1.0,0.019087771389428975,0.13277149333572794,0.0003518740942025337,0.1324196192415254,0.000797676922146328,0.07962962962962963
27.0,2,adam,79500,1.0,0.01892637072289545,0.13320147425478193,0.00018750794197627813,0.13301396631280565,0.0007733850105692269,0.07962962962962963
27.0,2,adam,80000,1.0,0.018920609799562737,0.13344043624830015,0.00018298481611094997,0.1332574514321892,0.0007630685416806733,0.07962962962962963
27.0,2,adam,80500,1.0,0.01895572663908769,0.13362019998736727,0.00021336429691083553,0.13340683569045644,0.0007578940160944267,0.07962962962962963
27.0,2,adam,81000,1.0,0.018934911253862565,0.1331131039131057,0.00019586074955077357,0.13291724316355494,0.0007769274969841487,0.07962962962962963
27.0,2,adam,81500,1.0,0.018963537580710437,0.13356986828628162,0.00022229566399457188,0.13334757262228705,0.0007597009720886217,0.07962962962962963
27.0,2,adam,82000,1.0,0.018923017555756,0.13323356488929378,0.0001847751667485923,0.1330487897225452,0.0007718855844388091,0.07962962962962963
27.0,2,adam,82500,1.0,0.0189415039373109,0.13335164116952447,0.00020084671205725853,0.13315079445746722,0.0007678311361708379,0.07962962962962963
27.0,2,adam,83000,1.0,0.01902043962379478,0.13400435318822934,0.0002781285640055466,0.1337262246242238,0.0007445378077466002,0.07962962962962963
27.0,2,adam,83500,1.0,0.018922909961149283,0.13312157508761718,0.0001839975400265834,0.1329375775475906,0.0007765241797545586,0.07962962962962963
27.0,2,adam,84000,1.0,0.01892328774397499,0.13308260413716627,0.00018394920684123924,0.13289865493032504,0.0007781566289068939,0.07962962962962963
27.0,2,adam,84500,1.0,0.01893613635135663,0.13306808290702773,0.00019775285181220607,0.13287033005521554,0.0007791716328814602,0.07962962962962963
27.0,2,adam,85000,1.0,0.018914231952786433,0.13303444816091536,0.00017464718998738354,0.13285980097092798,0.0007797572091552654,0.07962962962962963
27.0,2,adam,85500,1.0,0.018926579151140398,0.132931257509502,0.00018857763661184917,0.13274267987289015,0.0007846751749492975,0.07962962962962963
27.0,2,adam,86000,1.0,0.018916244440142817,0.13360779325931188,0.0001828681181652523,0.13342492514114662,0.0007559792575337542,0.07962962962962963
27.0,2,adam,86500,1.0,0.01891833537834654,0.13369264548540302,0.00018290888839764185,0.13350973659700538,0.0007527226312396276,0.07962962962962963
27.0,2,adam,87000,1.0,0.018920381423734374,0.13367731079493722,0.00018294929408116902,0.13349436150085606,0.0007534591268347441,0.07962962962962963
27.0,2,adam,87500,1.0,0.018921986294410175,0.13362947114386303,0.00018290757326215566,0.1334465635706009,0.0007555009152021265,0.07962962962962963
27.0,2,adam,88000,1.0,0.01895300286877317,0.13346283676375698,0.0002144333718029133,0.13324840339195407,0.0007635320943423343,0.07962962962962963
27.0,2,adam,88500,1.0,0.018924859718718937,0.13333297344831588,0.00018520091137128833,0.1331477725369446,0.0007677876889194933,0.07962962962962963
27.0,2,adam,89000,1.0,0.01892514481457396,0.13320664223544976,0.00018603946701577977,0.13302060276843397,0.0007730264966187608,0.07962962962962963
27.0,2,adam,89500,1.0,0.01892197522300312,0.13313400877782322,0.00018283684089293433,0.1329511719369303,0.0007759947115774076,0.07962962962962963
27.0,2,adam,90000,1.0,0.0189235658826279,0.1332748800567251,0.00018500570141356888,0.13308987435531153,0.0007702290257456372,0.07962962962962963
27.0,2,adam,90500,1.0,0.018942170416836497,0.13315695124660926,0.00020222717680192537,0.13295472406980732,0.0007759008693595304,0.07962962962962963
27.0,2,adam,91000,1.0,0.01892113859216361,0.1330082808032691,0.00018266691786865814,0.13282561388540043,0.0007812062866112214,0.07962962962962963
27.0,2,adam,91500,1.0,0.018921185586171407,0.133005149050892,0.00018282406552138928,0.1328223249853706,0.0007813430423133319,0.07962962962962963
27.0,2,adam,92000,1.0,0.018959394922101247,0.13309224529758887,0.00022292091728044972,0.1328693243803084,0.0007792389695689904,0.07962962962962963
27.0,2,adam,92500,1.0,0.018934676296457367,0.13283836033753507,0.00019808213088652105,0.13264027820664856,0.0007889179659335043,0.07962962962962963
27.0,2,adam,93000,1.0,0.018927501933507677,0.13312428391173978,0.00018887759101922407,0.13293540632072054,0.0007768635109446854,0.07962962962962963
27.0,2,adam,93500,1.0,0.01894229785936314,0.13294909116085207,0.00020632109774901936,0.13274277006310306,0.0007846062160292706,0.07962962962962963
27.0,2,adam,94000,1.0,0.01896350424424492,0.13304506434499302,0.00022356323090991714,0.1328215011140831,0.0007815027986859202,0.07962962962962963
27.0,2,adam,94500,1.0,0.018951884056995615,0.13235248358110413,0.00021779510659550565,0.13213468847450863,0.0008103218603542722,0.07962962962962963
27.0,2,adam,95000,1.0,0.018921485469266204,0.13264780053046743,0.0001845724301369394,0.13246322810033048,0.000796637059113809,0.07962962962962963
27.0,2,adam,95500,1.0,0.018936894495130915,0.13253948669638915,0.00019863668904489967,0.13234085000734425,0.0008020206484007468,0.07962962962962963
27.0,2,adam,96000,1.0,0.018968267204271885,0.13281561371561781,0.00022921940141692123,0.13258639431420088,0.000791675757955361,0.07962962962962963
27.0,2,adam,96500,1.0,0.018912114095521248,0.1334450883594349,0.0001822728440269699,0.13326281551540792,0.000762828102112643,0.07962962962962963
27.0,2,adam,97000,1.0,0.018917697014239728,0.13272057508300758,0.00018289307814568773,0.1325376820048619,0.0007930927598490977,0.07962962962962963
27.0,2,adam,97500,1.0,0.018920036478099943,0.13263051563001738,0.00018297543141189345,0.1324475401986055,0.0007970642689485059,0.07962962962962963
27.0,2,adam,98000,1.0,0.01891952510297769,0.1325463075375899,0.00018268763182856376,0.13236361990576131,0.0008006998210286153,0.07962962962962963
27.0,2,adam,98500,1.0,0.01893187019082495,0.13228818237573173,0.00019132978768254187,0.13209685258804918,0.0008128050771121227,0.07962962962962963
27.0,2,adam,99000,1.0,0.018971631529335134,0.13268182240796636,0.0002358467809055942,0.13244597562706076,0.0007970378731300485,0.07962962962962963
27.0,2,adam,99500,1.0,0.01892020051748917,0.13229331690518692,0.00018303816049251943,0.1321102787446944,0.0008117067011425742,0.07962962962962963
27.0,2,adam,100000,1.0,0.01893409661612829,0.1323895523193736,0.0001956690997092091,0.13219388321966438,0.000808219951382034,0.07962962962962963
27.0,2,adam,100500,1.0,0.0189294468001229,0.13219638895148145,0.00019548558392319313,0.13200090336755826,0.0008163405451956376,0.07962962962962963
27.0,2,adam,101000,1.0,0.018927802261575033,0.13226127926913658,0.000190480198710537,0.13207079907042604,0.0008134183369488566,0.07962962962962963
27.0,2,adam,101500,1.0,0.019219996175545886,0.13278835024103958,0.000475253833291814,0.13231309640774777,0.0008034797137698527,0.07962962962962963
27.0,2,adam,102000,1.0,0.018925501501758896,0.13189528289389135,0.00019077467299879856,0.13170450822089255,0.0008295835599818972,0.07962962962962963
27.0,2,adam,102500,1.0,0.018964544069666075,0.13233323641049077,0.0002262194095776911,0.13210701700091307,0.0008119100952545657,0.07962962962962963
27.0,2,adam,103000,1.0,0.018941336794087507,0.13194126991188704,0.0002043925875524559,0.1317368773243346,0.0008280935959320646,0.07962962962962963
27.0,2,adam,103500,1.0,0.01891896882520581,0.1319183115333389,0.0001852261882069295,0.13173308534513198,0.0008281580344084168,0.07962962962962963
27.0,2,adam,104000,1.0,0.0189552689351681,0.1323549440611745,0.00022340723119549028,0.13213153682997902,0.000810499197265344,0.07962962962962963
27.0,2,adam,104500,1.0,0.01890655384870111,0.13163569174109085,0.00017463103121468482,0.13146106070987618,0.0008403681565686308,0.07962962962962963
27.0,2,adam,105000,1.0,0.018915518226108447,0.13271349608881555,0.00018287093695231856,0.13253062515186323,0.000792813346030582,0.07962962962962963
27.0,2,adam,105500,1.0,0.018917858254481893,0.132118180757141,0.00018302760341982886,0.13193515315372117,0.0008191184856752053,0.07962962962962963
27.0,2,adam,106000,1.0,0.019049906222415737,0.1319976419186287,0.00031008391214144756,0.13168755800648727,0.0008304273030992907,0.07962962962962963
27.0,2,adam,106500,1.0,0.018918877381750597,0.13240731190564664,0.00018385068382724895,0.13222346122181938,0.0008065552169516864,0.07962962962962963
27.0,2,adam,107000,1.0,0.018948380209778355,0.1315390175974944,0.00021327034359613955,0.13132574725389826,0.0008465839734293824,0.07962962962962963
27.0,2,adam,107500,1.0,0.01896119689383133,0.1318257335889581,0.00022514497920197903,0.13160058860975613,0.0008341002671607038,0.07962962962962963
27.0,2,adam,108000,1.0,0.018931449600194567,0.1322047254620117,0.00020119066570316668,0.13200353479630852,0.0008158425989202305,0.07962962962962963
27.0,2,adam,108500,1.0,0.018982281393117997,0.1311546365636703,0.00025789639477798274,0.1308967401688923,0.0008656800264229776,0.07962962962962963
27.0,2,adam,109000,1.0,0.018916345521942123,0.13162399260512686,0.00018899447006423756,0.13143499813506263,0.0008411201251082401,0.07962962962962963
27.0,2,adam,109500,1.0,0.01891268172465622,0.13180585957244367,0.00018324162088543237,0.13162261795155825,0.0008327933152130592,0.07962962962962963
27.0,2,adam,110000,1.0,0.018966348161059646,0.13160463916198453,0.00023348454995871006,0.1313711546120258,0.0008444320348717221,0.07962962962962963
27.0,2,adam,110500,1.0,0.018901929822253118,0.13102997963478363,0.0001794350709676792,0.13085054456381595,0.0008677835184054447,0.07962962962962963
27.0,2,adam,111000,1.0,0.01894305367868152,0.13189099292246567,0.00021514927353639057,0.13167584364892929,0.000830601812232497,0.07962962962962963
27.0,2,adam,111500,1.0,0.018943621318294093,0.1312565903155759,0.0002158677661729111,0.131040722549403,0.0008593067438638528,0.07962962962962963
27.0,2,adam,112000,1.0,0.018906590905129514,0.1315565506817314,0.0001864737087578584,0.13137007697297354,0.0008438876996422925,0.07962962962962963
27.0,2,adam,112500,1.0,0.018907420134258366,0.13279391885757327,0.000182855078974488,0.1326110637785988,0.0007893366439504677,0.07962962962962963
27.0,2,adam,113000,1.0,0.018904665851934514,0.1321902500623746,0.00018276469972768088,0.1320074853626469,0.0008155316520225372,0.07962962962962963
27.0,2,adam,113500,1.0,0.01890211541552686,0.1318972970249697,0.00018274835248472245,0.13171454867248497,0.0008283620935980797,0.07962962962962963
27.0,2,adam,114000,1.0,0.018906974187886845,0.1315651520698181,0.00019276365172464038,0.13137238841809346,0.0008433911615672155,0.07962962962962963
27.0,2,adam,114500,1.0,0.018898008968902626,0.13198002122208688,0.00018208807461880336,0.13179793314746807,0.000824316225207932,0.07962962962962963
27.0,2,adam,115000,1.0,0.018901040952073695,0.13174125795519373,0.00018436838861900825,0.13155688956657471,0.000835084626298363,0.07962962962962963
27.0,2,adam,115500,1.0,0.01888941300809271,0.13163515351857302,0.00018033555438701595,0.131454817964186,0.0008393349483978501,0.07962962962962963
27.0,2,adam,116000,1.0,0.01888970314487806,0.13091598538153454,0.00019531415346554667,0.130720671228069,0.0008724152508882046,0.07962962962962963
27.0,2,adam,116500,1.0,0.0188992400686442,0.13148317593412645,0.00019272414046258017,0.13129045179366386,0.0008464445788206265,0.07962962962962963
27.0,2,adam,117000,1.0,0.018919078731550906,0.131096048345661,0.0002357055247571691,0.13086034282090384,0.0008652881019982547,0.07962962962962963
27.0,2,adam,117500,1.0,0.018936737443086014,0.1313451588053117,0.0002563151585196244,0.13108884364679207,0.0008547432844352482,0.07962962962962963
27.0,2,adam,118000,1.0,0.018923075553809645,0.13113157272951095,0.00024137184990429483,0.13089020087960665,0.0008638790093064065,0.07962962962962963
27.0,2,adam,118500,1.0,0.01891420872797247,0.13255690932235467,0.00024228239243742053,0.13231462692991725,0.0008001078515008046,0.07962962962962963
27.0,2,adam,119000,1.0,0.018963978966164783,0.1310184493479798,0.0002979267535441432,0.13072052259443565,0.0008713255606020041,0.07962962962962963
27.0,2,adam,119500,1.0,0.01886456571682597,0.1311676740603899,0.00018364928575823327,0.13098402477463167,0.0008594823433741901,0.07962962962962963
27.0,2,adam,120000,1.0,0.018928317861830173,0.13110577202256213,0.00022895044931834738,0.1308768215732438,0.0008656106759146975,0.07962962962962963
27.0,2,adam,120500,1.0,0.018945950064915593,0.1307203012704415,0.0002520980076992959,0.13046820326274222,0.0008842564768386683,0.07962962962962963
27.0,2,adam,121000,1.0,0.018771646790274345,0.13160491509431946,0.00016605573575160916,0.13143885935856786,0.0008338328085095964,0.07777777777777778
27.0,2,adam,121500,1.0,0.018767642559531558,0.1328599266421626,0.00017560715130590234,0.13268431949085668,0.0007796353839855743,0.07962962962962963
27.0,2,adam,122000,1.0,0.01875927595069267,0.13134431263614482,0.0002452804466377755,0.13109903218950705,0.0008452339019145294,0.07777777777777778
27.0,2,adam,122500,1.0,0.01866099132613271,0.13162997680099622,0.00021244142297437168,0.13141753537802184,0.0008269835915676355,0.07777777777777778
27.0,2,adam,123000,1.0,0.018656094494391876,0.13138424067897975,0.0002829706979385786,0.13110126998104116,0.000837016431290793,0.07777777777777778
27.0,2,adam,123500,1.0,0.018692602792882804,0.13114430119582257,0.00015225753223674195,0.13099204366358583,0.0008483560547890905,0.07222222222222222
27.0,2,adam,124000,1.0,0.018743807832400677,0.1329189333535209,0.0001545701531753473,0.13276436320034554,0.000774489895989289,0.07777777777777778
27.0,2,adam,124500,1.0,0.018755927173092716,0.13241916874964513,0.0001901842955891212,0.132228984454056,0.0007963907582611008,0.07962962962962963
27.0,2,adam,125000,1.0,0.01873237155847578,0.13226613307202806,0.00017701465166538783,0.13208911842036267,0.0008014345561417071,0.07962962962962963
27.0,2,adam,125500,1.0,0.01983881341307244,0.1347594721603713,0.0009310949450198479,0.13382837721535143,0.0007398999616894607,0.07592592592592592
27.0,2,adam,126000,1.0,0.018886159375456013,0.13386294609643476,0.00018236571253531998,0.13368058038389943,0.0007438510174818592,0.07962962962962963
27.0,2,adam,126500,1.0,0.019244782386721254,0.13306771636471074,0.0005222250430689194,0.1325454913216418,0.0007910499599935466,0.07962962962962963
27.0,2,adam,127000,1.0,0.018896669377116617,0.13377133082531015,0.000182719278717293,0.13358861154659285,0.0007479793633482977,0.07962962962962963
27.0,2,adam,127500,1.0,0.018887252507856247,0.133865597306762,0.000182594211469338,0.13368300309529266,0.0007437195469914123,0.07962962962962963
27.0,2,adam,128000,1.0,0.018864514775748704,0.13420201003069085,0.00018230252729065316,0.1340197075034002,0.0007289631839531888,0.07962962962962963
27.0,2,adam,128500,1.0,0.018942568930274843,0.13394170323321802,0.00029389874394320956,0.13364780448927482,0.0007429055604684588,0.07962962962962963
27.0,2,adam,129000,1.0,0.01883178299336045,0.133015028313559,0.0001778695723490181,0.13283715874120997,0.0007750907501739618,0.07962962962962963
27.0,2,adam,129500,1.0,0.018845370163169166,0.13245977545831675,0.00020276214684438097,0.13225701331147235,0.0008007118310682568,0.07962962962962963
27.0,2,adam,130000,1.0,0.01883303389581056,0.13326895345787168,0.00016068382846239467,0.13310826962940928,0.0007651279394189687,0.07962962962962963
27.0,2,adam,130500,1.0,0.01883131783399147,0.13222022966280658,0.00017930249552155922,0.13204092716728502,0.0008096642277588405,0.07962962962962963
27.0,2,adam,131000,1.0,0.01889761574498736,0.13586832674351118,0.00018152261405936777,0.1356868041294518,0.0006680327413329779,0.07962962962962963
27.0,2,adam,131500,1.0,0.018844145008847416,0.13360197246800012,0.0001835011240714853,0.13341847134392865,0.000751485755273267,0.07962962962962963
27.0,2,adam,132000,1.0,0.01903410407528768,0.13345212185291563,0.00044260972919909,0.13300951212371653,0.0007651558666297228,0.07962962962962963
27.0,2,adam,132500,1.0,0.018870724698339184,0.1334756720563117,0.000181317072639197,0.1332943549836725,0.0007583641920035049,0.07962962962962963
27.0,2,adam,133000,1.0,0.01888820135058621,0.13369504949246513,0.000181033170602189,0.13351401632186294,0.0007502190044939471,0.07962962962962963
27.0,2,adam,133500,1.0,0.018900746028743587,0.13364174533582102,0.00018251017941596864,0.13345923515640504,0.0007527083932757928,0.07962962962962963
27.0,2,adam,134000,1.0,0.018863792734034133,0.13285063166746472,0.00023240247983801726,0.1326182291876267,0.0007842165482949649,0.07962962962962963
27.0,2,adam,134500,1.0,0.018842069101642683,0.13223682376907858,0.0001734355797770488,0.13206338818930152,0.0008091994041757224,0.07962962962962963
27.0,2,adam,135000,1.0,0.01888927711918209,0.1332834879640009,0.00018240095395542032,0.1331010870100455,0.0007669484183822194,0.07962962962962963
27.0,2,adam,135500,1.0,0.0189274929521364,0.13389675536149023,0.00018763679467664874,0.13370911856681358,0.0007433377609549483,0.07962962962962963
27.0,2,adam,136000,1.0,0.01884232098862547,0.1329412145424558,0.00018612647718388133,0.13275508806527192,0.0007793619616896725,0.07962962962962963
27.0,2,adam,136500,1.0,0.018889906504567733,0.13480930749923387,0.0001653060014828549,0.13464400149775102,0.0007080767674272692,0.07962962962962963
27.0,2,adam,137000,1.0,0.01890372167084134,0.13310444399472948,0.00018336570945192123,0.13292107828527755,0.000775013194923357,0.07962962962962963
27.0,2,adam,137500,1.0,0.018899109404190255,0.13297994544372424,0.00022585774495474697,0.13275408769876948,0.0007809971493293458,0.07962962962962963
27.0,2,adam,138000,1.0,0.01892730148027727,0.13199936735915976,0.00020161127270962255,0.13179775608645014,0.0008240340106757078,0.07962962962962963
27.0,2,adam,138500,1.0,0.018881954805364386,0.13335575040644904,0.00018242263019272934,0.13317332777625632,0.0007638949849696496,0.07962962962962963
27.0,2,adam,139000,1.0,0.018885755270273644,0.13187229632780242,0.00027235746377847155,0.13159993886402396,0.0008261700214594788,0.07962962962962963
27.0,2,adam,139500,1.0,0.01889458682506493,0.14255645735321743,0.0001836455047043815,0.14237281184851305,0.0004655282392221982,0.07962962962962963
27.0,2,adam,140000,1.0,0.018899746056234977,0.13839710646900683,0.00018292435644118923,0.13821418211256564,0.0005824645293738542,0.07962962962962963
27.0,2,adam,140500,1.0,0.018898736726690984,0.13637469809594482,0.00018240460726083395,0.136192293488684,0.0006492732260509645,0.07962962962962963
27.0,2,adam,141000,1.0,0.018899602722875337,0.1353311545665681,0.00018094861721712558,0.13515020594935098,0.0006868526182453302,0.07962962962962963
27.0,2,adam,141500,1.0,0.01889675606002274,0.1347371072879627,0.00018026962577640486,0.1345568376621863,0.0007091931845787015,0.07962962962962963
27.0,2,adam,142000,1.0,0.01890244930037608,0.13415281604035725,0.0001864077116174376,0.13396640832873982,0.0007323231318371647,0.07962962962962963
27.0,2,adam,142500,1.0,0.01891490946837698,0.13358276707055036,0.00019518680741463659,0.1333875802631357,0.000755932403482103,0.07962962962962963
27.0,2,adam,143000,1.0,0.018899435846918833,0.1332556517254048,0.00018621788845304702,0.13306943383695174,0.0007688519417144357,0.07962962962962963
27.0,2,adam,143500,1.0,0.0189279323964497,0.13324226693531424,0.00020412597933643198,0.1330381409559778,0.0007706703265407104,0.07962962962962963
27.0,2,adam,144000,1.0,0.01889431609267529,0.13268478353615984,0.00019531773454064486,0.1324894658016192,0.0007925903043083592,0.07962962962962963
27.0,2,adam,144500,1.0,0.018883764467628367,0.13256276427477062,0.00018147385639792775,0.13238129041837268,0.0007973297748520214,0.07962962962962963
27.0,2,adam,145000,1.0,0.01892897980680233,0.13201502068750376,0.00022028810219041438,0.13179473258531335,0.0008231169232124997,0.07962962962962963
27.0,2,adam,145500,1.0,0.018932285280246697,0.13243027155623321,0.00025793073890112623,0.1321723408173321,0.0008052302736528054,0.07962962962962963
27.0,2,adam,146000,1.0,0.018863407938639852,0.1321445760609258,0.00019777307711235642,0.13194680298381345,0.0008144611039609441,0.07962962962962963
27.0,2,adam,146500,1.0,0.01882204840214352,0.1307495048449156,0.00015837285315961882,0.13059113199175598,0.000875909918067585,0.07962962962962963
27.0,2,adam,147000,1.0,0.018868277651020154,0.13121930829824685,0.00022179583701862775,0.13099751246122823,0.000856207992297294,0.07962962962962963
27.0,2,adam,147500,1.0,0.018935636592651656,0.13008201460824478,0.00029302447875106935,0.12978899012949371,0.0009134233739053441,0.07962962962962963
27.0,2,adam,148000,1.0,0.018831420123902667,0.13214507037858655,0.00015752559589564248,0.13198754478269092,0.0008132133438727448,0.07962962962962963
27.0,2,adam,148500,1.0,0.018853973596839765,0.13094407405241307,0.00016723559212756186,0.1307768384602855,0.0008683679478548898,0.07962962962962963
27.0,2,adam,149000,1.0,0.018838899894010115,0.1309239391516297,0.00016874124821785093,0.13075519790341184,0.0008685881116414363,0.07962962962962963
27.0,2,adam,149500,1.0,0.018865842957703525,0.13085465840324664,0.00022528184364915387,0.1306293765595975,0.0008730562077559184,0.07962962962962963
27.0,2,adam,150000,1.0,0.018837021771707808,0.13044481561145466,0.00016430999361011898,0.13028050561784454,0.0008912595190110805,0.07962962962962963
27.0,2,adam,150500,1.0,0.018835131764339118,0.13102683638678175,0.00018610657968648757,0.13084072980709527,0.000863277544819558,0.07962962962962963
27.0,2,adam,151000,1.0,0.018926947675955194,0.13012444441321966,0.0002916625648585718,0.12983278184836108,0.0009113299104243038,0.07962962962962963
27.0,2,adam,151500,1.0,0.018849920615346516,0.130423950235922,0.000164425206468311,0.13025952502945368,0.0008927576821757457,0.07962962962962963
27.0,2,adam,152000,1.0,0.018847846761088253,0.13043728282507008,0.00016995503530374518,0.13026732778976635,0.0008916074993470318,0.07962962962962963
27.0,2,adam,152500,1.0,0.018858330931288005,0.1304738292801465,0.00022748964564287262,0.13024633963450363,0.0008903161914471026,0.07962962962962963
27.0,2,adam,153000,1.0,0.01884111232761169,0.13049893939277313,0.00018270086518499537,0.13031623852758814,0.0008879338890516621,0.07962962962962963
27.0,2,adam,153500,1.0,0.018837643646173255,0.13028483555219583,0.00016281591409633939,0.1301220196380995,0.0008983754604272928,0.07962962962962963
27.0,2,adam,154000,1.0,0.01897019181812747,0.12954286621537697,0.0003442839629141459,0.12919858225246283,0.0009431731404080259,0.07962962962962963
27.0,2,adam,154500,1.0,0.01883083472201378,0.1304364706593843,0.00017373991259736339,0.13026273074678693,0.0008900347644333198,0.07962962962962963
27.0,2,adam,155000,1.0,0.018855930456725224,0.12996823831710458,0.00016835680691367952,0.1297998815101909,0.00091447821812935,0.07962962962962963
27.0,2,adam,155500,1.0,0.018840882649544775,0.13032175159571577,0.00019399186392763792,0.13012775973178814,0.0008965583050766845,0.07962962962962963
27.0,2,adam,156000,1.0,0.018863400130637448,0.13020839606716803,0.00023741003001040965,0.12997098603715762,0.0009029982401078082,0.07962962962962963
27.0,2,adam,156500,1.0,0.018891817284018918,0.129442226275246,0.00018561358919251712,0.12925661268605346,0.0009394714177272622,0.07962962962962963
27.0,2,adam,157000,1.0,0.01882761699855456,0.13011124529294715,0.0001589871498901239,0.12995225814305703,0.0009067105461421945,0.07962962962962963
27.0,2,adam,157500,1.0,0.01884671961291177,0.13009723774876517,0.00016603541638426366,0.1299312023323809,0.0009109183024329856,0.07962962962962963
27.0,2,adam,158000,1.0,0.018887241527828013,0.12967060505112268,0.00026262036178631773,0.12940798468933637,0.0009273106548672028,0.07962962962962963
27.0,2,adam,158500,1.0,0.018829384508505985,0.13014841571308242,0.00017943133392820342,0.12996898437915422,0.0009043516561294977,0.07962962962962963
27.0,2,adam,159000,1.0,0.01883649286528658,0.1305623839366035,0.00018111497228287822,0.13038126896432062,0.0008848036955943126,0.07962962962962963
27.0,2,adam,159500,1.0,0.018854726171918752,0.1302304999505367,0.000163341918460768,0.13006715803207594,0.0009016495565508565,0.07962962962962963
27.0,2,adam,160000,1.0,0.018840316527525665,0.1303308605874176,0.00016477422063967457,0.13016608636677793,0.0009005682975017507,0.07962962962962963
27.0,2,adam,160500,1.0,0.018991709179284708,0.12996676694992085,0.00020426965070393833,0.1297624972992169,0.0009217913361550885,0.07962962962962963
27.0,2,adam,161000,1.0,0.01886457317263429,0.12980525985538344,0.00022656582332532678,0.1295786940320581,0.0009220900004019753,0.07962962962962963
27.0,2,adam,161500,1.0,0.019153538169493337,0.18616064623378867,0.00012055669075599891,0.18604008954303267,4.424619819616108e-05,0.08518518518518518
27.0,2,adam,162000,1.0,0.018928639671585635,0.13541664241315307,0.0001933720272568677,0.1352232703858962,0.000684971742469806,0.07962962962962963
27.0,2,adam,162500,1.0,0.018922136855476505,0.13296927154292426,0.00019665944570536955,0.13277261209721888,0.0007799779928893475,0.07962962962962963
27.0,2,adam,163000,1.0,0.019032626523145264,0.13209896323943762,0.00030417885872837725,0.13179478438070924,0.0008218461771673152,0.07962962962962963
27.0,2,adam,163500,1.0,0.018953056597529404,0.13163431597582767,0.0002331664751425384,0.13140114950068513,0.0008390822211190715,0.07962962962962963
27.0,2,adam,164000,1.0,0.018955851703292358,0.1313655737458786,0.0002385407461406548,0.13112703299973794,0.0008515611402693509,0.07962962962962963
27.0,2,adam,164500,1.0,0.018905626245345444,0.13142700079451214,0.00019557647743368255,0.13123142431707846,0.0008464412289085571,0.07962962962962963
27.0,2,adam,165000,1.0,0.01892921938268831,0.13080003173016905,0.0002158173574059547,0.1305842143727631,0.000876895314186795,0.07962962962962963
27.0,2,adam,165500,1.0,0.01887088737947303,0.13061521493269165,0.0001730519685057986,0.13044216296418584,0.0008829285255064581,0.07962962962962963
27.0,2,adam,166000,1.0,0.01908791659173532,0.12979468689397436,0.0004038763659869756,0.12939081052798737,0.0009322060080767304,0.07962962962962963
27.0,2,adam,166500,1.0,0.018873801574078634,0.130163638331368,0.0001784160326981313,0.12998522229866985,0.0009050172296251659,0.07962962962962963
27.0,2,adam,167000,1.0,0.01888068472016131,0.13013187821527128,0.00020305812189371752,0.12992882009337756,0.0009062146766951128,0.07962962962962963
27.0,2,adam,167500,1.0,0.018969097149744034,0.12994659910761858,0.00025804076494096985,0.12968855834267762,0.0009200498129904753,0.07962962962962963
27.0,2,adam,168000,1.0,0.018837207257181514,0.12994202605242294,0.0001757412651484809,0.12976628478727445,0.0009133936971355144,0.07962962962962963
27.0,2,adam,168500,1.0,0.01886864959339815,0.12988052531690664,0.00020766552045300854,0.12967285979645363,0.0009176372322676369,0.07962962962962963
27.0,2,adam,169000,1.0,0.018879039836727805,0.12980526560485736,0.0001905268175847561,0.12961473878727262,0.0009223337122645725,0.07962962962962963
27.0,2,adam,169500,1.0,0.018876258122256424,0.12999547688735993,0.00022390524371997844,0.12977157164363995,0.0009121774536233821,0.07962962962962963
27.0,2,adam,170000,1.0,0.01889318703880188,0.12972474838090517,0.00020626226480516033,0.1295184861161,0.0009268179895733019,0.07962962962962963
27.0,2,adam,170500,1.0,0.018918975907745134,0.1298192927320635,0.00028444060191814267,0.12953485213014534,0.0009225050334572905,0.07962962962962963
27.0,2,adam,171000,1.0,0.01884753537645615,0.12927622768095193,0.0001942336363273333,0.1290819940446246,0.0009464137648446872,0.07962962962962963
27.0,2,adam,171500,1.0,0.01887839652857849,0.1286633397328153,0.00021083824064726427,0.12845250149216803,0.0009798032050068147,0.07962962962962963
27.0,2,adam,172000,1.0,0.018854432797696732,0.1289035035430217,0.000211113484812057,0.12869239005820965,0.0009656468346607577,0.07962962962962963
27.0,2,adam,172500,1.0,0.018839302176499727,0.1287041834689473,0.00019122344971560153,0.1285129600192317,0.0009752198649893261,0.07962962962962963
27.0,2,adam,173000,1.0,0.01887817487624747,0.12926558453706133,0.00023718118769899788,0.12902840334936233,0.0009476638009048075,0.07962962962962963
27.0,2,adam,173500,1.0,0.018861870606997625,0.12905376880378142,0.00021889131998053515,0.12883487748380087,0.0009575740599944858,0.07962962962962963
27.0,2,adam,174000,1.0,0.018858112887774454,0.12949094596780172,0.00023072090225075817,0.12926022506555096,0.0009351020291231683,0.07962962962962963
27.0,2,adam,174500,1.0,0.018835369036595367,0.1291586986146213,0.00018741009815974373,0.12897128851646153,0.0009508496142082467,0.07962962962962963
27.0,2,adam,175000,1.0,0.018979448579407417,0.12853034847859995,0.00025627844465319954,0.12827407003394675,0.0009921495281378164,0.07962962962962963
27.0,2,adam,175500,1.0,0.01887290788244303,0.12923903725314054,0.00023933492107826082,0.1289997023320623,0.000947757067227226,0.07962962962962963
27.0,2,adam,176000,1.0,0.018832435952149597,0.12857788014200486,0.00015210733835167888,0.12842577280365317,0.0009807070717067741,0.07962962962962963
27.0,2,adam,176500,1.0,0.018894996132251415,0.1289213048687311,0.00026853472469283803,0.12865277014403825,0.000965081985692709,0.07962962962962963
27.0,2,adam,177000,1.0,0.01889181531509117,0.12894447095124645,0.0002625696937324382,0.128681901257514,0.0009636392249101918,0.07962962962962963
27.0,2,adam,177500,1.0,0.018846907038774053,0.12853493080631212,0.0001777135464171186,0.128357217259895,0.0009833631687353212,0.07962962962962963
27.0,2,adam,178000,1.0,0.018864705334761946,0.12908521002326012,0.00023232787983217614,0.12885288214342794,0.0009545038154890855,0.07962962962962963
27.0,2,adam,178500,1.0,0.018854344903812225,0.12842051756509681,0.0001960316465412398,0.12822448591855556,0.0009895890218068247,0.07962962962962963
27.0,2,adam,179000,1.0,0.01886116828089057,0.12854229128314001,0.00016871480879010445,0.1283735764743499,0.0009834165818046491,0.07962962962962963
27.0,2,adam,179500,1.0,0.01883993531357894,0.1285342352879098,0.0001536944149678763,0.12838054087294193,0.0009824553697850246,0.07962962962962963
27.0,2,adam,180000,1.0,0.01884038321172772,0.128433334963599,0.00019806124258424176,0.12823527372101476,0.000987256195631412,0.07962962962962963
27.0,2,adam,180500,1.0,0.018893987440966202,0.12837738616082253,0.0002680882826371324,0.1281092978781854,0.0009930216106756777,0.07962962962962963
27.0,2,adam,181000,1.0,0.01886249208102999,0.1283607683232818,0.00020183301862256107,0.12815893530465924,0.0009921830464098098,0.07962962962962963
27.0,2,adam,181500,1.0,0.018889191564515236,0.12828588427123383,0.0001932867485315954,0.12809259752270225,0.000998195329776749,0.07962962962962963
27.0,2,adam,182000,1.0,0.018815020130253626,0.12848654667321963,0.00015737926702999975,0.12832916740618963,0.0009825630110552393,0.07962962962962963
27.0,2,adam,182500,1.0,0.018881083696128967,0.12820469884732902,0.0002517574970674728,0.12795294135026156,0.0010011299151481488,0.07962962962962963
27.0,2,adam,183000,1.0,0.018843149653697377,0.12848588614506248,0.0001975156858429727,0.1282883704592195,0.0009838212157785146,0.07962962962962963
27.0,2,adam,183500,1.0,0.01890459378106095,0.12807207415760144,0.00021022051414396498,0.12786185364345748,0.0010103240538015955,0.07962962962962963
27.0,2,adam,184000,1.0,0.01891107848385787,0.12803835977381686,0.00028153802078708377,0.12775682175302977,0.001011370462179301,0.07962962962962963
27.0,2,adam,184500,1.0,0.0188433825007831,0.12807370753971867,0.0001624165234944723,0.1279112910162242,0.0010064664412113068,0.07962962962962963
27.0,2,adam,185000,1.0,0.018833658710871573,0.12841725719198918,0.00019722567342425338,0.12822003151856493,0.0009868348829664409,0.07962962962962963
27.0,2,adam,185500,1.0,0.01882589888432904,0.1280703526804435,0.00016882970405223373,0.12790152297639126,0.001005282611310654,0.07962962962962963
27.0,2,adam,186000,1.0,0.018827039207537918,0.1282197933976908,0.00017927956068627146,0.12804051383700452,0.000997378785717026,0.07962962962962963
27.0,2,adam,186500,1.0,0.018946551478203313,0.13873337122023555,0.00018197733452509927,0.13855139388571044,0.0005705774811102177,0.07777777777777778
27.0,2,adam,187000,1.0,0.01892460493426939,0.13435152116935484,0.00018239984468694734,0.13416912132466788,0.0007211693218907376,0.07962962962962963
27.0,2,adam,187500,1.0,0.01891532527354161,0.13155380759019383,0.00018255897077023786,0.1313712486194236,0.0008379437840580405,0.07962962962962963
27.0,2,adam,188000,1.0,0.01891155176340399,0.13049357515375853,0.00018261994282851081,0.13031095521093003,0.0008866038122094077,0.07962962962962963
27.0,2,adam,188500,1.0,0.018910175741404946,0.13025788276073502,0.00018544649238020475,0.13007243626835482,0.0008977181862369501,0.07962962962962963
27.0,2,adam,189000,1.0,0.018902240147569426,0.12978510004778485,0.00018259746315737562,0.12960250258462747,0.0009204701872333293,0.07962962962962963
27.0,2,adam,189500,1.0,0.0188898423782139,0.12955884122604208,0.00018239265762100263,0.1293764485684211,0.0009312188874327688,0.07962962962962963
27.0,2,adam,190000,1.0,0.01887115628775189,0.12927311039952866,0.00018383019768511904,0.12908928020184354,0.0009447647857184097,0.07962962962962963
27.0,2,adam,190500,1.0,0.018908342973841325,0.12905756036984747,0.000271770157443957,0.12878579021240352,0.0009574633469822613,0.07962962962962963
27.0,2,adam,191000,1.0,0.018866618965832305,0.12855937037657192,0.000181172570172161,0.12837819780639975,0.0009815556610207404,0.07962962962962963
27.0,2,adam,191500,1.0,0.018843376490127482,0.12872971202033776,0.0001924645990249394,0.1285372474213128,0.0009708467469552038,0.07962962962962963
27.0,2,adam,192000,1.0,0.01894430187169954,0.12800203298943852,0.00023791749358196431,0.12776411549585656,0.0010157104438086237,0.07962962962962963
27.0,2,adam,192500,1.0,0.018907102385489073,0.12837634259742178,0.0002783930384090491,0.12809794955901274,0.0009922636756432945,0.07962962962962963
27.0,2,adam,193000,1.0,0.018819423241096495,0.1281441243362934,0.00016569916302620197,0.1279784251732672,0.0010002747802527107,0.07962962962962963
27.0,2,adam,193500,1.0,0.018854583673623544,0.12793067698264624,0.0002062452817375812,0.12772443170090866,0.0010138927109677404,0.07962962962962963
27.0,2,adam,194000,1.0,0.018870719581600307,0.12775110253072844,0.00023674100126767062,0.12751436152946077,0.0010244551914990684,0.07962962962962963
27.0,2,adam,194500,1.0,0.018817995275867125,0.1278873016529731,0.00014377498183200212,0.1277435266711411,0.001013966372657724,0.07962962962962963
27.0,2,adam,195000,1.0,0.01890374635533924,0.1281649124430793,0.00028064961564237286,0.12788426282743692,0.001003117901982991,0.07962962962962963
27.0,2,adam,195500,1.0,0.01885155349728749,0.12790406726526518,0.000218361544358628,0.12768570572090654,0.0010141320202298122,0.07962962962962963
27.0,2,adam,196000,1.0,0.018855667601044398,0.12794515475419563,0.00022562117432173214,0.1277195335798739,0.0010120117812926857,0.07962962962962963
27.0,2,adam,196500,1.0,0.0188983690489486,0.12806850746755222,0.00027492931885009583,0.12779357814870212,0.0010079268492719756,0.07962962962962963
27.0,2,adam,197000,1.0,0.01884471925569123,0.1278588480798749,0.0002003257858061396,0.12765852229406877,0.0010170571081670155,0.07962962962962963
27.0,2,adam,197500,1.0,0.018883726556357755,0.12787552051599835,0.00018891381861716017,0.1276866066973812,0.0010183711921556429,0.07962962962962963
27.0,2,adam,198000,1.0,0.01884751593739572,0.12750922308295082,0.00017977242726977032,0.12732945065568105,0.0010364283255999546,0.07962962962962963
27.0,2,adam,198500,1.0,0.018818019627309286,0.12828571008703776,0.00013709978236781863,0.12814861030466995,0.0009916953811282452,0.07962962962962963
27.0,2,adam,199000,1.0,0.018890942373152447,0.12771596052836365,0.00018930737768184716,0.1275266531506818,0.0010274119765383647,0.07962962962962963
27.0,2,adam,199500,1.0,0.018816858214711372,0.1278610256395438,0.00015014172707600404,0.1277108839124678,0.0010145875292793267,0.07962962962962963
27.0,2,adam,200000,1.0,0.01898030692075693,0.12762789400238653,0.00037055769544808913,0.12725733630693845,0.0010372973193814939,0.07962962962962963
27.0,2,adam,200500,1.0,0.018843144668718184,0.12938666764153928,0.000180798150032371,0.12920586949150692,0.0009362053162049679,0.07962962962962963
27.0,2,adam,201000,1.0,0.018858640521700405,0.12799360820714045,0.00017269040241609825,0.12782091780472435,0.0010101408081745345,0.07962962962962963
27.0,2,adam,201500,1.0,0.01882690830207652,0.12782014259277888,0.00019196030000376627,0.12762818229277512,0.0010173218617673498,0.07962962962962963
27.0,2,adam,202000,1.0,0.01881036154091259,0.12917060088774415,0.00017159205435495219,0.1289990088333892,0.0009425648066159601,0.07962962962962963
27.0,2,adam,202500,1.0,0.0185259361359775,0.12848184704715862,8.787452051588535e-05,0.12839397252664272,0.0009565373553872099,0.07777777777777778
27.0,2,adam,203000,1.0,0.019529063523182268,0.1410939747472273,0.0007204904788565063,0.1403734842683708,0.0005117555840966065,0.07777777777777778
27.0,2,adam,203500,1.0,0.019027446162367078,0.14388937251295986,0.00036803089051556427,0.1435213416224443,0.00043843725719319276,0.07962962962962963
27.0,2,adam,204000,1.0,0.018680362655653315,0.1296633399684446,0.0001790965876100495,0.12948424338083453,0.000908978007785667,0.07777777777777778
27.0,2,adam,204500,1.0,0.018886132809467982,0.13506934160092693,0.00018247786675769758,0.13488686373416922,0.0006946044352705292,0.07962962962962963
27.0,2,adam,205000,1.0,0.01884902147949977,0.13066157689734798,0.00020589607108186802,0.1304556808262661,0.0008746034356519876,0.07962962962962963
27.0,2,adam,205500,1.0,0.018941228630413198,0.13096890683091666,0.0004635058234388593,0.13050540100747782,0.0008724388832138288,0.07777777777777778
27.0,2,adam,206000,1.0,0.01883412455123441,0.13005225367578607,0.00017285576487967451,0.12987939791090639,0.0009042374499023321,0.07962962962962963
27.0,2,adam,206500,1.0,0.01878535626987314,0.13009622767966744,0.00017717173722728923,0.12991905594244016,0.0008974992069441647,0.07962962962962963
27.0,2,adam,207000,1.0,0.018992936356364638,0.13822626772557722,0.00016106939124468898,0.13806519833433253,0.0005862415558580038,0.08148148148148149
27.0,2,adam,207500,1.0,0.01879308109860382,0.12973206991451294,0.00018199135414450007,0.12955007856036843,0.0009203159782161143,0.07962962962962963
27.0,2,adam,208000,1.0,0.019139246079125156,0.12912701346807534,0.0002400652166472718,0.12888694825142807,0.0009666215209995272,0.07962962962962963
27.0,2,adam,208500,1.0,0.018705678441803982,0.1325372492823221,0.0001161200591617691,0.13242112922316035,0.0007822076294300504,0.07962962962962963
27.0,2,adam,209000,1.0,0.018948319651747435,0.15407639418251406,0.000188846586664678,0.15388754759584938,0.00024887635016764963,0.08148148148148149
27.0,2,adam,209500,1.0,0.01893100588697025,0.1424513768931752,0.00018301736694823026,0.14226835952622696,0.0004663587615597056,0.07962962962962963
27.0,2,adam,210000,1.0,0.01892979578923168,0.14108890893787365,0.00018291127322021518,0.14090599766465345,0.0005030568485782705,0.07962962962962963
27.0,2,adam,210500,1.0,0.018926377813201122,0.13632416985579265,0.00018295910757110248,0.13614121074822155,0.0006527138669917541,0.07962962962962963
27.0,2,adam,211000,1.0,0.018931798131628187,0.13577473954078317,0.00018872972468925937,0.13558600981609392,0.0006727387655800958,0.07962962962962963
27.0,2,adam,211500,1.0,0.018922963972579986,0.13466000740628045,0.00018308072226454295,0.1344769266840159,0.0007139913460976474,0.07962962962962963
27.0,2,adam,212000,1.0,0.018863592759656298,0.13390013003764026,0.00018493028072986812,0.1337151997569104,0.0007412841504903808,0.07962962962962963
27.0,2,adam,212500,1.0,0.018845548363367947,0.13299155309613656,0.00018115201440897387,0.1328104010817276,0.0007763003402673263,0.07962962962962963
27.0,2,adam,213000,1.0,0.018871791242397018,0.1335212540379736,0.0001994089767253945,0.1333218450612482,0.0007564848710135259,0.07962962962962963
27.0,2,adam,213500,1.0,0.01884911415879953,0.13122871265841607,0.0001816223171234933,0.13104709034129258,0.0008529493391798168,0.07962962962962963
27.0,2,adam,214000,1.0,0.01886065430479956,0.1307276206414573,0.00020443590268239112,0.1305231847387749,0.0008770126222020464,0.07962962962962963
27.0,2,adam,214500,1.0,0.01887194096918536,0.13059920340100184,0.00021958233948755855,0.1303796210615143,0.0008831326348877352,0.07962962962962963
27.0,2,adam,215000,1.0,0.01889976788645815,0.12901415676757483,0.0002112686770320382,0.1288028880905428,0.0009607969722314102,0.07962962962962963
27.0,2,adam,215500,1.0,0.018831032490443378,0.12897447518165245,0.00018132714609021925,0.12879314803556222,0.0009577641894612738,0.07962962962962963
27.0,2,adam,216000,1.0,0.018846796000540716,0.12849121390896354,0.00020752241772280342,0.12828369149124072,0.0009834830657663351,0.07962962962962963
27.0,2,adam,216500,1.0,0.01883583677623227,0.1286320417183239,0.00018619648977491105,0.128445845228549,0.0009752051303544076,0.07962962962962963
27.0,2,adam,217000,1.0,0.018912443034412675,0.12880582814366015,0.00021493640920717844,0.12859089173445298,0.0009704722132410929,0.07962962962962963
27.0,2,adam,217500,1.0,0.018777790515965426,0.12893029338790854,0.00012143659208832667,0.12880885679582021,0.0009571292886348814,0.07962962962962963
27.0,2,adam,218000,1.0,0.01890046744251189,0.12820085737398615,0.00027871884816996824,0.1279221385258162,0.0010007418610607488,0.07962962962962963
27.0,2,adam,218500,1.0,0.018871378858487234,0.12820428287662108,0.0002437105245669844,0.1279605723520541,0.0009991676215298504,0.07962962962962963
27.0,2,adam,219000,1.0,0.018844733980913957,0.12791735709184318,0.00019251619396813756,0.12772484089787503,0.0010138838174672503,0.07962962962962963
27.0,2,adam,219500,1.0,0.019098456374838764,0.1280176096423042,0.0003854562430424572,0.12763215339926173,0.0010231772040615473,0.07962962962962963
27.0,2,adam,220000,1.0,0.018850681910400836,0.12784179630071255,0.00019308888033845104,0.1276487074203741,0.001018391426314121,0.07962962962962963
27.0,2,adam,220500,1.0,0.018825647728558968,0.1279574785651783,0.00018104932683264344,0.12777642923834567,0.001010038253307524,0.07962962962962963
27.0,2,adam,221000,1.0,0.018848420960812448,0.12791153138369793,0.0001921603775895959,0.12771937100610833,0.001017455323662116,0.07962962962962963
27.0,2,adam,221500,1.0,0.01881503300281554,0.1280890432060626,0.0001688615827339388,0.12792018162332866,0.0010026281438622684,0.07962962962962963
27.0,2,adam,222000,1.0,0.01881697832293089,0.12757098374704695,0.00017067347123444877,0.1274003102758125,0.00103101797591535,0.07962962962962963
27.0,2,adam,222500,1.0,0.019417540881807728,0.12915233211492613,0.0008039034937488262,0.12834842862117732,0.0009747104660874896,0.07962962962962963
27.0,2,adam,223000,1.0,0.01929789655453303,0.12906549219409094,0.0006876515011139617,0.12837784069297697,0.0009736969219353109,0.07962962962962963
27.0,2,adam,223500,1.0,0.018827714618985063,0.1277563475775678,0.0001614358011168871,0.1275949117764509,0.0010258136817784312,0.07962962962962963
27.0,2,adam,224000,1.0,0.018877863610532345,0.12901395237537192,0.00019631715965942365,0.1288176352157125,0.0009564349583978981,0.07962962962962963
27.0,2,adam,224500,1.0,0.01883475490357989,0.12991415113005014,0.00018080428579035962,0.12973334684425977,0.0009114643472898156,0.07962962962962963
27.0,2,adam,225000,1.0,0.018821609916987853,0.1290587387578735,0.00017938660709778133,0.1288793521507757,0.0009578017612853087,0.07962962962962963
27.0,2,adam,225500,1.0,0.01887579941863857,0.13118274395236748,0.00019828503771358294,0.1309844589146539,0.0008842178920269853,0.07962962962962963
27.0,2,adam,226000,1.0,0.01889128979310044,0.1278535824502361,0.00020943550532468488,0.1276441469449114,0.0010285893009900448,0.07777777777777778
27.0,2,adam,226500,1.0,0.018808176745448622,0.12898625013980605,0.0001804182159853466,0.1288058319238207,0.0009605957108548007,0.07962962962962963
27.0,2,adam,227000,1.0,0.018898825259902927,0.12894443615393666,0.0001829237170337232,0.12876151243690295,0.0009677475881783863,0.07962962962962963
27.0,2,adam,227500,1.0,0.01886987086575148,0.1294603411109604,0.00020369536823250752,0.12925664574272788,0.000939375705820118,0.07962962962962963
27.0,2,adam,228000,1.0,0.01887030434730553,0.12821877272210722,0.0002287264966574598,0.12799004622544977,0.0010000925163786412,0.07962962962962963
27.0,2,adam,228500,1.0,0.018847027407167413,0.12820249227922567,0.0001769102064581996,0.12802558207276749,0.0010005055466354034,0.07962962962962963
27.0,2,adam,229000,1.0,0.018830521530843594,0.1279801701981349,0.0001787164477627388,0.12780145375037216,0.0010115602286850018,0.07962962962962963
27.0,2,adam,229500,1.0,0.01888854746441523,0.1281675342825946,0.00019779913335541273,0.12796973514923918,0.0010045807425188374,0.07962962962962963
27.0,2,adam,230000,1.0,0.01887360692157546,0.12814769616105431,0.0001907384519801172,0.1279569577090742,0.0010054376752285786,0.07962962962962963
27.0,2,adam,230500,1.0,0.01887931195524888,0.12786450765930074,0.00018752475389301757,0.12767698290540772,0.001020452307621323,0.07962962962962963
27.0,2,adam,231000,1.0,0.018930009622405916,0.12786485550953539,0.0002178301461000084,0.1276470253634354,0.0010231048127790513,0.07962962962962963
27.0,2,adam,231500,1.0,0.01882813425374506,0.12779192970257103,0.00017071063373287105,0.12762121906883817,0.0010209700580888596,0.07962962962962963
27.0,2,adam,232000,1.0,0.018840833792000827,0.12744664765992417,0.00018571698027861224,0.12726093067964556,0.0010402245270084737,0.07962962962962963
27.0,2,adam,232500,1.0,0.018837405315724268,0.12740546172603426,0.00019471332955015946,0.1272107483964841,0.0010418751361446752,0.07962962962962963
27.0,2,adam,233000,1.0,0.018818677035502544,0.1274921838385596,0.00017716262085398378,0.1273150212177056,0.0010358078651435615,0.07962962962962963
27.0,2,adam,233500,1.0,0.018823419396552712,0.12740806564331014,0.00017328796956623296,0.12723477767374392,0.0010409334582508324,0.07962962962962963
27.0,2,adam,234000,1.0,0.018824874218766108,0.12747212291611806,0.00019337179385900015,0.12727875112225906,0.00103693260915973,0.07962962962962963
27.0,2,adam,234500,1.0,0.018835524446061302,0.12675707175482273,0.00020439640599572334,0.126552675348827,0.001077016457566268,0.07962962962962963
27.0,2,adam,235000,1.0,0.019190772955746074,0.14466863438463906,0.00032092666248367883,0.14434770772215538,0.0004172835000607498,0.07962962962962963
27.0,2,adam,235500,1.0,0.018911352432322354,0.1282677929339835,0.00018226428841788253,0.1280855286455656,0.0009981413815488144,0.07962962962962963
27.0,2,adam,236000,1.0,0.018848374000088985,0.12759361699124266,0.00018086216459081242,0.12741275482665185,0.0010314905581676344,0.07962962962962963
27.0,2,adam,236500,1.0,0.01884233915881892,0.1277544043139864,0.00020857322303266022,0.12754583109095374,0.0010224159398132696,0.07962962962962963
27.0,2,adam,237000,1.0,0.019071914234250247,0.1453432749717755,0.00020418196454427727,0.1451390930072312,0.000400218561376886,0.07777777777777778
27.0,2,adam,237500,1.0,0.018920012910008787,0.13145073787299053,0.00018290366814823844,0.13126783420484228,0.0008450851848139828,0.07962962962962963
27.0,2,adam,238000,1.0,0.018912863324806614,0.12904363195323523,0.0001827400216844092,0.12886089193155081,0.0009603786501698579,0.07962962962962963
27.0,2,adam,238500,1.0,0.018908038587351503,0.12892268088118566,0.00018245683777292563,0.12874022404341273,0.0009654076226921954,0.07962962962962963
27.0,2,adam,239000,1.0,0.018928019133605152,0.12972657165466603,0.00020711768485096282,0.12951945396981507,0.000924956689266347,0.07962962962962963
27.0,2,adam,239500,1.0,0.018907224835537823,0.12923598451386273,0.00019460100220556063,0.12904138351165717,0.0009487337492588858,0.07962962962962963
27.0,2,adam,239999,1.0,0.018881424198672697,0.12918401793657971,0.00018477569767953953,0.12899924223890016,0.0009503524224513995,0.07962962962962963
27.0,2,lbfgs,0,,,0.06802655825996794,0.0006072654867978897,0.06741929277317005,,
27.0,2,lbfgs,1,,,0.06747056031779033,0.0006229585678086936,0.06684760174998164,,
27.0,2,lbfgs,2,,,0.06736156999642942,0.0006130677489675489,0.06674850224746187,,
