horizon,seed,phase,step,epsilon,loss_weighted,loss_total,loss_start,loss_residual,min_weight,awake_fraction
40.0,0,adam,0,0.01,1.7349368892197359,1.7351645368664117,1.7112104307919258,0.02395410607448591,0.981070866716782,1.0
40.0,0,adam,500,0.01,0.03358614782083267,0.03398164229712331,0.0008206434699811653,0.033160998827142144,0.974757728776288,1.0
40.0,0,adam,1000,0.01,0.026419554085890112,0.026683695258492016,0.0003406284752570877,0.02634306678323493,0.9793742620613696,1.0
40.0,0,adam,1500,0.01,0.026191859035395747,0.026428947416031412,0.0017344142934433572,0.024694533122588055,0.980454387365328,1.0
40.0,0,adam,2000,0.01,0.023720273971667614,0.02394240367232248,8.256848185043274e-05,0.023859835190472047,0.9811167363313078,1.0
40.0,0,adam,2500,0.01,0.02304941564278634,0.023256889288655287,0.0002330383171357138,0.02302385097151957,0.9817749676628622,1.0
40.0,0,adam,3000,0.01,0.022070753915372828,0.022265542673742283,8.121424191203768e-06,0.02225742124955108,0.9823422061402491,1.0
40.0,0,adam,3500,0.01,0.02169045018139913,0.021875744795742,0.00019829469254049835,0.0216774501032015,0.9827767406221013,1.0
40.0,0,adam,4000,0.01,0.021293149972495297,0.021474179112151326,5.0567205675714685e-05,0.021423611906475612,0.9829787442277046,1.0
40.0,0,adam,4500,0.01,0.021121733229860166,0.02130067143543444,1.0845853686195865e-05,0.02128982558174824,0.983078721958424,1.0
40.0,0,adam,5000,0.01,0.0212193005140862,0.021397184190389846,0.00017819651592437447,0.02121898767446547,0.98312871721099,1.0
40.0,0,adam,5500,0.01,0.02140292836614224,0.021580615680257022,0.0003628234712115022,0.02121779220904552,0.9831409248971503,1.0
40.0,0,adam,6000,0.01,0.021137688263075383,0.021314311615332513,0.0001748986251479093,0.021139412990184604,0.9831880700908574,1.0
40.0,0,adam,6500,0.01,0.021058842378237113,0.021235403414716365,9.770739238575505e-05,0.02113769602233061,0.9831918185266979,1.0
40.0,0,adam,7000,0.01,0.0209704078306296,0.021146813528610715,2.0370179810966656e-05,0.021126443348799748,0.9831990701498011,1.0
40.0,0,adam,7500,0.01,0.021094301431024965,0.021270816376187846,0.00013669436824017878,0.02113412200794767,0.983195401616482,1.0
40.0,0,adam,8000,0.01,0.02097045673134849,0.021146863240106954,2.1866931861129968e-05,0.021124996308245825,0.9832002248160255,1.0
40.0,0,adam,8500,0.01,0.0211492398777934,0.021325585278240973,0.0002073345907071073,0.021118250687533865,0.983201926740116,1.0
40.0,0,adam,9000,0.01,0.021346230570395815,0.021522718227814323,0.0003931300851100706,0.021129588142704252,0.9831967443086191,1.0
40.0,0,adam,9500,0.01,0.020958205294349313,0.021134471931946047,2.1617260688687505e-05,0.02111285467125736,0.9832065733747796,1.0
40.0,0,adam,10000,0.01,0.020990860696048587,0.021167042458272427,5.941889530461524e-05,0.021107623562967814,0.9832101878245164,1.0
40.0,0,adam,10500,0.01,0.02093729230434373,0.021113424905855046,9.821523113558968e-06,0.021103603382741486,0.983212790304145,1.0
40.0,0,adam,11000,0.01,0.02117893223485216,0.021355455692829237,0.00022824102013787562,0.021127214672691363,0.9831943420189388,1.0
40.0,0,adam,11500,0.01,0.020927965785030575,0.021104057665584076,2.8673226066643107e-06,0.021101190342977413,0.9832147629477308,1.0
40.0,0,adam,12000,0.01,0.02094081351330157,0.021116917552561086,1.6468979246422366e-05,0.021100448573314664,0.9832141354995118,1.0
40.0,0,adam,12500,0.01,0.021024436274025903,0.021200556610323128,9.917957730681899e-05,0.02110137703301631,0.9832139532110461,1.0
40.0,0,adam,13000,0.01,0.02095629691684588,0.021132409807437774,3.340554951725451e-05,0.02109900425792052,0.9832126035857578,1.0
40.0,0,adam,13500,0.01,0.02099163115141734,0.0211678590261398,6.0951015634157305e-05,0.021106908010505642,0.9832089857203015,1.0
40.0,0,adam,14000,0.01,0.021028463985425606,0.02120470036651236,9.371002641874033e-05,0.02111099034009362,0.9832095939080532,1.0
40.0,0,adam,14500,0.01,0.02103215204354401,0.02120833298744314,0.00010345058884164197,0.021104882398601497,0.9832107302977202,1.0
40.0,0,adam,15000,0.01,0.02100493249167373,0.021181218691323604,7.015458288754233e-05,0.02111106410843606,0.98320513190992,1.0
40.0,0,adam,15500,0.01,0.020933915335824508,0.02111011656999809,5.438340069366317e-06,0.021104678229928724,0.9832085293529693,1.0
40.0,0,adam,16000,0.01,0.02092140090074129,0.021097410775210552,5.162172257419891e-06,0.021092248602953133,0.9832185367133952,1.0
40.0,0,adam,16500,0.01,0.020950385776663978,0.021126383900487152,3.435130867727625e-05,0.021092032591809876,0.9832193056625643,1.0
40.0,0,adam,17000,0.01,0.02094860084330359,0.021124716968599248,2.386068706170609e-05,0.02110085628153754,0.9832121588615136,1.0
40.0,0,adam,17500,0.01,0.020916104796315782,0.021092078729197536,2.5436388870725346e-06,0.021089535090310463,0.9832206236375786,1.0
40.0,0,adam,18000,0.01,0.021003722792449418,0.021179700304068023,8.933562819132944e-05,0.021090364675876695,0.9832202664688562,1.0
40.0,0,adam,18500,0.01,0.02101244011615456,0.021188425688256293,9.84759535594244e-05,0.02108994973469687,0.9832199607720715,1.0
40.0,0,adam,19000,0.01,0.02092141397743055,0.021097401402717826,6.033356965153129e-06,0.02109136804575267,0.9832204447678353,1.0
40.0,0,adam,19500,0.01,0.020930894424463685,0.021106862535705952,1.8552694625368555e-05,0.021088309841080583,0.9832209663075648,1.0
40.0,0,adam,20000,0.01,0.021068959279389957,0.021245063300789548,0.0001467032663965388,0.02109836003439301,0.9832149640274295,1.0
40.0,0,adam,20500,0.01,0.02111234687967972,0.021288400558919198,0.00019768229587315865,0.02109071826304604,0.9832158809071011,1.0
40.0,0,adam,21000,0.01,0.02113797539051734,0.02131418442307777,0.00021283590347893468,0.021101348519598835,0.9832095978744213,1.0
40.0,0,adam,21500,0.01,0.0210303391139998,0.021206759996661367,9.264670425907297e-05,0.021114113292402294,0.9831985108813984,1.0
40.0,0,adam,22000,0.01,0.02110896777207494,0.02128533985644656,0.00017422918841064231,0.021111110668035917,0.9832022964842034,1.0
40.0,0,adam,22500,0.01,0.020917363662222875,0.021093325328648316,7.843569111067416e-06,0.02108548175953725,0.98322134298461,1.0
40.0,0,adam,23000,0.01,0.02099401163620585,0.021170026584594423,8.067954121942712e-05,0.021089347043374996,0.983218723230772,1.0
40.0,0,adam,23500,0.01,0.02114414671659144,0.021321241493076824,0.00017307098415365467,0.02114817050892317,0.9831680186798943,1.0
40.0,0,adam,24000,0.01,0.02094663501565069,0.021122601538054713,3.7777772806233145e-05,0.02108482376524848,0.9832203805274826,1.0
40.0,0,adam,24500,0.01,0.020909617622736108,0.02108559366869213,6.700142504981053e-07,0.02108492365444163,0.9832205809454815,1.0
40.0,0,adam,25000,0.01,0.020920154035250233,0.021096141846043626,1.0891481945249342e-05,0.021085250364098376,0.9832200324665271,1.0
40.0,0,adam,25500,0.01,0.020919910818489235,0.021095955936717658,8.083354464742011e-06,0.021087872582252917,0.9832161241414311,1.0
40.0,0,adam,26000,0.01,0.020909925470604215,0.021085923286592236,8.894663451883172e-07,0.021085033820247047,0.9832195314795208,1.0
40.0,0,adam,26500,0.01,0.020962876601780357,0.021139223463401795,3.392973760554856e-05,0.021105293725796247,0.9832047297918454,1.0
40.0,0,adam,27000,0.01,0.02092891240310945,0.021104949078760774,1.913048709146778e-05,0.021085818591669307,0.983216994333631,1.0
40.0,0,adam,27500,0.01,0.02092983369119984,0.021105939149721784,1.4892722686469889e-05,0.021091046427035316,0.9832147950658124,1.0
40.0,0,adam,28000,0.01,0.021055552367419135,0.02123170295038774,0.00013733294639349462,0.021094370003994244,0.9832120050999854,1.0
40.0,0,adam,28500,0.01,0.021079915716795017,0.02125647581229261,0.00013705994697271482,0.021119415865319895,0.983193511593373,1.0
40.0,0,adam,29000,0.01,0.02121917199087103,0.02139518906321062,0.0003111964411555457,0.021083992622055073,0.9832171493897456,1.0
40.0,0,adam,29500,0.01,0.020906292278880873,0.02108227853672184,7.12351250680227e-07,0.02108156618547116,0.9832196460240609,1.0
40.0,0,adam,30000,0.01,0.021010220320878157,0.021186335087367364,9.773835919675629e-05,0.021088596728170608,0.9832135613763693,1.0
40.0,0,adam,30500,0.01,0.020951637030238775,0.021127673657535807,4.3379974720275704e-05,0.02108429368281553,0.9832177989878725,1.0
40.0,0,adam,31000,0.01,0.0211960883232024,0.021372234115569336,0.0002813007145664938,0.02109093340100284,0.9832128681569502,1.0
40.0,0,adam,31500,0.01,0.021056089323698218,0.021232193439888424,0.0001468684737727399,0.021085324966115683,0.9832142696806092,1.0
40.0,0,adam,32000,0.01,0.020909229990495274,0.0210852501769901,4.517487233360966e-06,0.02108073268975674,0.9832174520058158,1.0
40.0,0,adam,32500,0.01,0.020998679302428738,0.02117466773488015,9.681678471025216e-05,0.0210778509501699,0.9832181903759425,1.0
40.0,0,adam,33000,0.01,0.02095390133067955,0.021129900041443325,5.228314380816687e-05,0.021077616897635158,0.9832178319817756,1.0
40.0,0,adam,33500,0.01,0.02090239538462024,0.021078403477366888,1.5055976449135055e-06,0.021076897879721973,0.9832174043094499,1.0
40.0,0,adam,34000,0.01,0.0209530610226821,0.02112912218068291,4.905555229220999e-05,0.0210800666283907,0.983215740172565,1.0
40.0,0,adam,34500,0.01,0.021065288643389884,0.021241412675172783,0.0001592561138993615,0.02108215656127342,0.9832116299499866,1.0
40.0,0,adam,35000,0.01,0.02090938389268401,0.021085382489857477,1.2229706031705774e-05,0.021073152783825773,0.9832168467396305,1.0
40.0,0,adam,35500,0.01,0.020913533581839262,0.021089571312149287,1.4126408090733518e-05,0.021075444904058552,0.983213725381317,1.0
40.0,0,adam,36000,0.01,0.020910393341694637,0.02108643093589403,1.4910253091540863e-05,0.021071520682802488,0.9832145786044986,1.0
40.0,0,adam,36500,0.01,0.02090294247163997,0.021079057095909678,5.944468138518428e-06,0.02107311262777116,0.9832094762383619,1.0
40.0,0,adam,37000,0.01,0.021192408522418913,0.021368494719057513,0.0002978882629975727,0.021070606456059942,0.9832086394158919,1.0
40.0,0,adam,37500,0.01,0.02091150135161449,0.021087610601278,1.8491166096968837e-05,0.02106911943518103,0.983210671376939,1.0
40.0,0,adam,38000,0.01,0.020902137081720253,0.021078222968725094,1.3320633176364128e-05,0.02106490233554873,0.9832101965989364,1.0
40.0,0,adam,38500,0.01,0.020915615874422366,0.021091716971203874,2.7727850963566655e-05,0.02106398912024031,0.9832095088669908,1.0
40.0,0,adam,39000,0.01,0.020901909920963385,0.021077999428245026,1.7638105896332372e-05,0.021060361322348693,0.9832083813921405,1.0
40.0,0,adam,39500,0.01,0.020970670059951672,0.02114698706416679,7.203531882930001e-05,0.021074951745337488,0.9831969524601709,1.0
40.0,0,adam,40000,0.01,0.020948280118392202,0.021124409129756112,6.418723802900125e-05,0.021060221891727113,0.9832061615329735,1.0
40.0,0,adam,40500,0.01,0.020941461989470007,0.021117623367782175,5.6706973893210375e-05,0.021060916393888966,0.983205263922757,1.0
40.0,0,adam,41000,0.01,0.020945319888787263,0.02112143509481433,6.557852988115758e-05,0.021055856564933174,0.9832057446673558,1.0
40.0,0,adam,41500,0.01,0.02093390395999727,0.021110041015706273,5.643450144723526e-05,0.021053606514259037,0.9832040052536316,1.0
40.0,0,adam,42000,0.01,0.020957526247663057,0.021133711211232094,7.791018048508841e-05,0.021055801030747005,0.9832024957220995,1.0
40.0,0,adam,42500,0.01,0.020880619626760376,0.02105676432708612,5.065181999940077e-06,0.02105169914508618,0.9832034861110613,1.0
40.0,0,adam,43000,0.01,0.02093878191898975,0.02111513788731449,4.953314642807026e-05,0.021065604740886416,0.9831941181812076,1.0
40.0,0,adam,43500,0.01,0.0208764102099166,0.02105255858959038,3.505019717234032e-06,0.021049053569873143,0.9832027202828298,1.0
40.0,0,adam,44000,0.01,0.020883385320007913,0.021059560011397253,1.122126639745162e-05,0.0210483387449998,0.9832001679192784,1.0
40.0,0,adam,44500,0.01,0.021259697871168052,0.021435879763414375,0.00038539146987592973,0.021050488293538446,0.9831987145630058,1.0
40.0,0,adam,45000,0.01,0.020888266532362223,0.021064458330359345,1.6365917693477104e-05,0.021048092412665868,0.9831998142084314,1.0
40.0,0,adam,45500,0.01,0.020869506270068783,0.02104565787099815,9.488069692644042e-07,0.021044709064028888,0.9832010970776577,1.0
40.0,0,adam,46000,0.01,0.02087349499125343,0.021049724734588448,3.0854319046280434e-06,0.02104663930268382,0.9831969855001177,1.0
40.0,0,adam,46500,0.01,0.0209581293834385,0.02113447989418325,8.252423268552554e-05,0.021051955661497725,0.9831905885391774,1.0
40.0,0,adam,47000,0.01,0.020886584649634252,0.021062803373946067,1.938913173041117e-05,0.021043414242215654,0.983197174254721,1.0
40.0,0,adam,47500,0.01,0.020995799254919238,0.021172342459614146,0.00010948629323105114,0.021062856166383096,0.9831821470377816,1.0
40.0,0,adam,48000,0.01,0.020877187901060634,0.021053389947960067,1.2726913830374746e-05,0.021040663034129693,0.9831956467526758,1.0
40.0,0,adam,48500,0.01,0.020866766339121594,0.021042942778809935,4.474601614394418e-06,0.02103846817719554,0.983197339024003,1.0
40.0,0,adam,49000,0.01,0.02086556533854914,0.021041799260459713,1.2105757398251273e-06,0.021040588684719887,0.9831945731787486,1.0
40.0,0,adam,49500,0.01,0.020863233620825882,0.021039434082033598,2.5427278731588636e-06,0.02103689135416044,0.9831941987418181,1.0
40.0,0,adam,50000,0.01,0.020889568998556228,0.02106622263952755,2.7149851954459684e-06,0.021063507654332105,0.9831752775493484,1.0
40.0,0,adam,50500,0.01,0.021077113560257106,0.02125352683845314,0.00020528117098637139,0.021048245667466766,0.9831847538832806,1.0
40.0,0,adam,51000,0.01,0.02085766393938577,0.02103388712690002,1.422290622957202e-06,0.021032464836277062,0.9831914170755751,1.0
40.0,0,adam,51500,0.01,0.020874082219807744,0.02105030773288792,1.9530620297616753e-05,0.021030777112590306,0.9831897970996104,1.0
40.0,0,adam,52000,0.01,0.020853654536443673,0.021029837564827642,7.039717345596029e-06,0.021022797847482046,0.9831867720218571,1.0
40.0,0,adam,52500,0.01,0.020863028142686982,0.02103909397165129,4.77870232079958e-05,0.020991306948443294,0.9831712062253638,1.0
40.0,0,adam,53000,0.01,0.02078758079752796,0.02096355370572039,1.0872843718550026e-06,0.020962466421348535,0.9831518530249456,1.0
40.0,0,adam,53500,0.01,0.020787355835258346,0.020963436730746528,4.94995231599111e-06,0.020958486778430537,0.9831359416991257,1.0
40.0,0,adam,54000,0.01,0.020880961260072637,0.021057509194333444,7.26929938310982e-05,0.020984816200502347,0.9831115885311977,1.0
40.0,0,adam,54500,0.01,0.02081707241350981,0.020993071514676158,4.7044706187896035e-05,0.020946026808488262,0.9831295152175296,1.0
40.0,0,adam,55000,0.01,0.02080048608853847,0.020976774991051127,3.0237819390116578e-05,0.02094653717166101,0.9831002711570436,1.0
40.0,0,adam,55500,0.01,0.020748567500402208,0.020924484022990877,5.005408306512431e-06,0.020919478614684364,0.9831109586730148,1.0
40.0,0,adam,56000,0.01,0.0207352949071961,0.020910995004937413,1.1024954437608882e-05,0.020899970050499806,0.9831151537302346,1.0
40.0,0,adam,56500,0.01,0.020759674745937987,0.020935112537982577,5.769091008041177e-05,0.020877421627902164,0.9831175773856814,1.0
40.0,0,adam,57000,0.01,0.02069459157199697,0.02086948148847736,4.0349231084206074e-05,0.020829132257393156,0.9831282294124009,1.0
40.0,0,adam,57500,0.01,0.020740774999104532,0.020913758708261378,4.277855913270493e-06,0.020909480852348106,0.9833532155780862,1.0
40.0,0,adam,58000,0.01,0.019881279245242876,0.02004700827250589,9.593741381706465e-06,0.020037414531124186,0.9834034314227804,1.0
40.0,0,adam,58500,0.01,0.01913110836154304,0.019282416448623985,8.957903031206014e-06,0.01927345854559278,0.9841566456170268,1.0
40.0,0,adam,59000,0.01,0.020340062073375957,0.02050825357400011,8.33071630795352e-06,0.020499922857692154,0.9835418002595956,1.0
40.0,0,adam,59500,0.01,0.01891654529802972,0.019067213539609527,9.632508746584972e-06,0.01905758103086294,0.9842344476984702,1.0
40.0,0,adam,60000,0.01,0.01950243462963308,0.019655340154257902,2.1324350307046047e-05,0.019634015803950855,0.984306134159676,1.0
40.0,0,adam,60500,0.01,0.021001876277691827,0.021182726588480676,7.508815344724585e-08,0.021182651500327228,0.9828103627154836,1.0
40.0,0,adam,61000,0.01,0.020685078042814838,0.02086025911665809,3.234714074567958e-07,0.02085993564525063,0.9831218607645392,1.0
40.0,0,adam,61500,0.01,0.02056025838912798,0.02073368276924242,7.041686302555261e-07,0.020732978600612163,0.9831870111186044,1.0
40.0,0,adam,62000,0.01,0.019494483535915076,0.019650421318184074,5.052301865044522e-07,0.01964991608799757,0.9840363829322901,1.0
40.0,0,adam,62500,0.01,0.023103291662632926,0.023316142097269624,2.4469925333623956e-05,0.023291672171936,0.981681250541778,1.0
40.0,0,adam,63000,0.01,0.02092124182487727,0.021097914393993566,3.736697895808247e-07,0.021097540724203986,0.9831693817714953,1.0
40.0,0,adam,63500,0.01,0.02083087124033433,0.021006319864622203,5.002767918549099e-07,0.02100581958783035,0.9831883109892303,1.0
40.0,0,adam,64000,0.01,0.020765497583006387,0.0209399453292238,4.2815495696609397e-07,0.02093951717426683,0.9832256637166651,1.0
40.0,0,adam,64500,0.01,0.020575029221627843,0.020746229868548845,1.4756260215509702e-07,0.02074608230594669,0.9834144306807924,1.0
40.0,0,adam,65000,0.01,0.020896918880968996,0.021073415606655592,8.145470604849988e-07,0.021072601059595106,0.9831768933943807,1.0
40.0,0,adam,65500,0.01,0.020833818939295576,0.02100921463009769,7.45273910541024e-07,0.02100846935618715,0.9832353820050219,1.0
40.0,0,adam,66000,0.01,0.02079285924906579,0.020967593742654486,1.5243878276630586e-06,0.020966069354826825,0.9832677323840241,1.0
40.0,0,adam,66500,0.01,0.020787892094890535,0.020961540546340016,6.238976545547896e-05,0.020899150780884536,0.9833133711378998,1.0
40.0,0,adam,67000,0.01,0.020810331491686117,0.02098542763832641,6.70817467391378e-07,0.02098475682085902,0.9832483685763057,1.0
40.0,0,adam,67500,0.01,0.01992450425870327,0.020084836134965558,4.354967401289825e-07,0.02008440063822543,0.9839416991255542,1.0
40.0,0,adam,68000,0.01,0.020095280275166303,0.020261838713147785,8.247269901747283e-05,0.020179366014130312,0.9834992858724853,1.0
40.0,0,adam,68500,0.01,0.020909592140436587,0.021083867080683553,6.650407717038647e-06,0.021077216672966515,0.9832226476206805,1.0
40.0,0,adam,69000,0.01,0.01645733096480034,0.016564051813283364,2.8420200898980103e-07,0.016563767611274375,0.9869388816703587,1.0
40.0,0,adam,69500,0.01,0.021031117424521576,0.02121024480701417,2.1893084257754943e-05,0.021188351722756415,0.9830073839426813,1.0
40.0,0,adam,70000,0.01,0.02881737123635414,0.029125525241696475,0.001055125439514566,0.028070399802181907,0.977820803547972,1.0
40.0,0,adam,70500,0.1,0.00391606560225418,0.0039801293938104,8.961127535171178e-06,0.003971168266275229,0.9670483601442446,1.0
40.0,0,adam,71000,10.0,0.00011103169000912205,0.00011618991802131376,4.279649731008501e-07,0.00011576195304821292,0.9113166659329408,1.0
40.0,0,adam,71500,10.0,0.00011537463190958982,0.00012007845510409918,8.872055287670586e-06,0.00011120639981642859,0.9144206209593422,1.0
40.0,0,adam,72000,10.0,2.328828335825525e-05,2.349682342158666e-05,6.459874396272384e-07,2.285083598195942e-05,0.9813666402372098,1.0
40.0,0,adam,72500,100.0,1.4367263567944064e-05,1.4869610473923216e-05,3.405562053993345e-06,1.146404841992987e-05,0.9113519673876038,1.0
40.0,0,adam,73000,100.0,2.874253400103945e-05,3.0882849223567315e-05,5.956940557320222e-06,2.4925908666247097e-05,0.8250326248812284,1.0
40.0,0,adam,73500,100.0,5.134153698292916e-05,5.2580999070877245e-05,3.402182877442411e-05,1.8559170296453137e-05,0.8651322027245101,1.0
40.0,0,adam,74000,100.0,3.848045048033924e-05,4.000099957714736e-05,1.924187879445632e-05,2.075912078269104e-05,0.85208555066324,1.0
40.0,0,adam,74500,100.0,1.841283577486414e-05,1.9207154357574954e-05,4.056359042073481e-06,1.5150795315501474e-05,0.89172293465877,1.0
40.0,0,adam,75000,100.0,0.00014765982955144367,0.2905822801757201,7.050613619237263e-07,0.29058157511435817,0.0,0.03875
40.0,0,adam,75500,100.0,0.00014658327157835802,1.1553043366715827,1.2099158144647672e-06,1.1553031267557683,0.0,0.02875
40.0,0,adam,76000,100.0,0.00014933108768731007,0.7400231805959053,1.1294473112738467e-06,0.7400220511485941,0.0,0.03125
40.0,0,adam,76500,100.0,0.00015933641869192184,0.5353269895908509,2.038520419852576e-05,0.5353066043866523,0.0,0.095
40.0,0,adam,77000,100.0,0.00017329478783813983,0.6504504788341247,3.3888650466643274e-05,0.650416590183658,0.0,0.0975
40.0,0,adam,77500,100.0,0.0001596009465449466,1.189682509037152,1.4938703584136414e-05,1.1896675703335677,0.0,0.0975
40.0,0,adam,78000,100.0,0.0001914489876169884,0.7003090402225611,5.886049300573632e-05,0.7002501797295554,0.0,0.0975
40.0,0,adam,78500,100.0,0.00015510028120600423,1.2176856268851308,1.6081301449404403e-05,1.2176695455836815,0.0,0.0925
40.0,0,adam,79000,100.0,0.00013698345076868803,0.6287659837410663,4.90458705031505e-06,0.628761079154016,0.0,0.0975
40.0,0,adam,79500,100.0,0.00015144294669350533,0.8751326061705386,1.8426040463543512e-05,0.875114180130075,0.0,0.09625
40.0,0,adam,80000,100.0,0.00013918459644553038,0.9486198755115515,7.925267364213539e-06,0.9486119502441872,0.0,0.0925
40.0,0,adam,80500,100.0,0.00014236841389965996,0.5837737369760734,8.205144429245946e-06,0.5837655318316441,0.0,0.0975
40.0,0,adam,81000,100.0,0.0001339328974118205,1.59122229435088,4.787848818341257e-06,1.5912175065020617,0.0,0.0925
40.0,0,adam,81500,100.0,0.00020683674412552325,4.030849845580816,7.328683883425908e-05,4.030776558741982,0.0,0.17375
40.0,0,adam,82000,100.0,0.00026294754699814565,3.5191398996152965,0.00011894067948576923,3.5190209589358106,0.0,0.165
40.0,0,adam,82500,100.0,0.00014330065015063755,10.601243548828124,3.163691936104886e-06,10.601240385136188,0.0,0.16625
40.0,0,adam,83000,100.0,0.00014336310060597326,7.745056191835478,1.1844939138599455e-05,7.745044346896339,0.0,0.16125
40.0,0,adam,83500,100.0,0.0001321861002874315,7.3322505738725665,2.915881450601654e-06,7.3322476579911156,0.0,0.1675
40.0,0,adam,84000,100.0,0.00024080779248675943,6.617465371731969,8.760175585325125e-05,6.617377769976116,0.0,0.18125
40.0,0,adam,84500,100.0,0.00015935913478507273,5.870236939042513,3.1849346172702265e-05,5.8702050896963405,0.0,0.17625
40.0,0,adam,85000,100.0,0.0001328352523201064,3.333027974800524,6.827417192697415e-08,3.3330279065263517,0.0,0.165
40.0,0,adam,85500,100.0,0.00013348868560011923,2.661181272056815,2.103328120979543e-06,2.661179168728694,0.0,0.16875
40.0,0,adam,86000,100.0,0.00014310239297888146,1.5745277706980454,5.368386909136054e-06,1.5745224023111362,0.0,0.17375
40.0,0,adam,86500,100.0,0.00040547739186327523,0.21662105665623227,0.0002719120658595671,0.2163491445903727,0.0,0.18125
40.0,0,adam,87000,100.0,0.00016507881322468855,0.2647365453725088,2.8934393880565257e-05,0.2647076109786282,0.0,0.195
40.0,0,adam,87500,100.0,0.000137357998665945,0.4561170747488846,8.827818694935232e-06,0.45610824693018964,0.0,0.195
40.0,0,adam,88000,100.0,0.0001309056086610942,0.8223474787200359,3.92311076792709e-07,0.822347086408959,0.0,0.185
40.0,0,adam,88500,100.0,0.00019895553261470582,1.4750615141780323,4.7988777564268387e-05,1.4750135254004682,0.0,0.24875
40.0,0,adam,89000,100.0,0.0001719822571524707,2.0812083561199133,4.314516995364461e-05,2.0811652109499597,0.0,0.19125
40.0,0,adam,89500,100.0,0.00014174935572487072,2.417042652562913,2.6680881276074392e-06,2.417039984474785,0.0,0.25375
40.0,0,adam,90000,100.0,0.0003743080588613543,2.6816600614420483,0.00024492612290080137,2.6814151353191473,0.0,0.18125
40.0,0,adam,90500,100.0,0.0001976590282612314,2.9546088837891795,6.276812632957723e-05,2.95454611566285,0.0,0.25375
40.0,0,adam,91000,100.0,0.0003345839367445314,3.0588418201330314,0.00016727563477831275,3.058674544498253,0.0,0.24375
40.0,0,adam,91500,100.0,0.00015354437613874052,3.146002808475831,1.1731713225003066e-05,3.145991076762606,0.0,0.1175
40.0,0,adam,92000,100.0,0.0001663993400904377,3.0852547889884687,2.7480000160067666e-05,3.0852273089883084,0.0,0.27
40.0,0,adam,92500,100.0,0.0001436710774033223,2.8212990578385106,1.5384149880649382e-05,2.82128367368863,0.0,0.19125
40.0,0,adam,93000,100.0,0.00017591664513427228,2.682851712950565,4.378216928080885e-05,2.6828079307812844,0.0,0.19375
40.0,0,adam,93500,100.0,0.00017174096971276926,2.4129412049011894,3.5597148301007364e-05,2.4129056077528883,0.0,0.19875
40.0,0,adam,94000,100.0,0.00013271359787964446,2.7258083045305743,3.2485223788042798e-06,2.7258050560081957,0.0,0.21375
40.0,0,adam,94500,100.0,0.00015231495929847564,3.15035574921957,8.999385998332962e-06,3.150346749833572,0.0,0.235
40.0,0,adam,95000,100.0,0.00013873824597422464,3.5893763166329262,8.404188820279234e-07,3.589375476214044,0.0,0.24375
40.0,0,adam,95500,100.0,0.00013153008183414226,4.153499793175199,3.5678537992681626e-06,4.1534962253214,0.0,0.2075
40.0,0,adam,96000,100.0,0.00017435482357266616,4.496421159591738,3.5068122441123765e-05,4.496386091469296,0.0,0.2525
40.0,0,adam,96500,100.0,0.0001783677161367372,4.635434388616736,4.574525078321069e-05,4.635388643365953,0.0,0.1675
40.0,0,adam,97000,100.0,0.00016659061123256471,5.833756140652685,2.451936613374042e-05,5.833731621286551,0.0,0.27375
40.0,0,adam,97500,100.0,0.00023652683510966282,5.754102638369584,9.587523824011234e-05,5.754006763131344,0.0,0.25625
40.0,0,adam,98000,100.0,0.00019597293960813851,5.997001147089358,6.943291030245785e-05,5.9969317141790555,0.0,0.125
40.0,0,adam,98500,100.0,0.00013133093223110248,6.61268986231656,8.655150293932297e-08,6.612689775765057,0.0,0.19
40.0,0,adam,99000,100.0,0.0001288098872884526,7.474973018076039,1.516380444638745e-06,7.474971501695594,0.0,0.265
40.0,0,adam,99500,100.0,0.00016184086086475742,7.459176307211277,3.411633018038467e-05,7.459142190881097,0.0,0.07625
40.0,0,adam,100000,100.0,0.0003331983511003682,7.782465544676514,0.00018864976998471367,7.782276894906529,0.0,0.24125
40.0,0,adam,100500,100.0,0.00012911750253163164,7.861810568519571,8.479461313241094e-07,7.86180972057344,0.0,0.24125
40.0,0,adam,101000,100.0,0.00014258983820713279,8.120570950279024,1.0257917821327581e-05,8.120560692361202,0.0,0.24625
40.0,0,adam,101500,100.0,0.00015581753111374623,8.492321908356558,2.8022236565129123e-05,8.492293886119993,0.0,0.16375
40.0,0,adam,102000,100.0,0.00045124710364223325,8.55474631305446,0.000318978972509422,8.55442733408195,0.0,0.2425
40.0,0,adam,102500,100.0,0.00013023929529177702,9.025496687628136,2.0267678452477595e-07,9.025496484951352,0.0,0.27125
40.0,0,adam,103000,100.0,0.00014722123263894953,7.268600784682594,2.4838859692718843e-06,7.268598300796625,0.0,0.06375
40.0,0,adam,103500,100.0,0.000154889929045693,9.371847515713721,1.6545353109406598e-05,9.371830970360612,0.0,0.2325
40.0,0,adam,104000,100.0,0.00013219101072876066,9.136846446785615,1.6000422851520044e-06,9.13684484674333,0.0,0.2875
40.0,0,adam,104500,100.0,0.0001542367651535286,9.45298039489113,1.7369323356806604e-05,9.452963025567772,0.0,0.21875
40.0,0,adam,105000,100.0,0.00012950597103289114,8.848115349598068,2.8781669098586093e-06,8.848112471431158,0.0,0.185
40.0,0,adam,105500,100.0,0.00016038302025669034,10.153820570977445,3.243044269340127e-05,10.15378814053475,0.0,0.1875
40.0,0,adam,106000,100.0,0.00024048214708076877,10.122942432385866,0.00010960043320743896,10.122832831952659,0.0,0.06875
40.0,0,adam,106500,100.0,0.0001363988891912522,9.597875088881159,6.621773281112562e-07,9.59787442670383,0.0,0.25625
40.0,0,adam,107000,100.0,0.00016384337649217844,10.330431688871377,9.475130835703926e-06,10.33042221374054,0.0,0.24875
40.0,0,adam,107500,100.0,0.00013088657648543505,10.058698561222302,4.153877488856817e-06,10.058694407344813,0.0,0.2475
40.0,0,adam,108000,100.0,0.0003140952189647801,9.779135726002112,0.000185468696088234,9.778950257306024,0.0,0.16375
40.0,0,adam,108500,100.0,0.00012801000735992616,9.495053720476653,2.8294754536517323e-07,9.495053437529108,0.0,0.195
40.0,0,adam,109000,100.0,0.00013330761327842147,9.479167232515616,2.446648507955371e-07,9.479166987850766,0.0,0.24875
40.0,0,adam,109500,100.0,0.00017655240627183162,9.420457205447471,4.15954634336304e-05,9.420415609984037,0.0,0.2425
40.0,0,adam,110000,100.0,0.00027339543221207706,9.90624038606323,0.0001430971187656702,9.906097288944464,0.0,0.24625
40.0,0,adam,110500,100.0,0.00014421927918158948,9.939943418458245,1.0146646100000877e-07,9.939943316991785,0.0,0.2675
40.0,0,adam,111000,100.0,0.0001806653334283897,9.834327356688387,4.264042033874233e-05,9.834284716268048,0.0,0.1925
40.0,0,adam,111500,100.0,0.00013333926681517337,9.320424003343037,3.4917397591648914e-06,9.320420511603277,0.0,0.2525
40.0,0,adam,112000,100.0,0.00013509243216696605,9.456750163935734,7.873065228395207e-06,9.456742290870505,0.0,0.25375
40.0,0,adam,112500,100.0,0.00013516715724905143,9.178200485232106,3.2755311624263896e-06,9.178197209700944,0.0,0.2525
40.0,0,adam,113000,100.0,0.0001359764805090585,8.819896445651612,7.668777376226175e-07,8.819895678773873,0.0,0.24375
40.0,0,adam,113500,100.0,0.000129834072641726,8.777680007953913,2.866538250293632e-07,8.777679721300089,0.0,0.22625
40.0,0,adam,114000,100.0,0.0001577297642500748,8.900945422266604,5.860237942216815e-06,8.900939562028661,0.0,0.2475
40.0,0,adam,114500,100.0,0.000149440397430198,8.596707847670709,1.2879017788079071e-05,8.59669496865292,0.0,0.25625
40.0,0,adam,115000,100.0,0.00016011096860514513,8.453718668001144,2.8978533254974733e-05,8.45368968946789,0.0,0.2225
40.0,0,adam,115500,100.0,0.000147555014929059,8.128210191155926,1.8692398970185976e-05,8.128191498756955,0.0,0.2625
40.0,0,adam,116000,100.0,0.00013260842138197913,8.207470762736312,7.131174683887076e-07,8.207470049618843,0.0,0.195
40.0,0,adam,116500,100.0,0.0002562137106194421,8.962980561238682,0.00011468669499179132,8.96286587454369,0.0,0.24375
40.0,0,adam,117000,100.0,0.00012748029922991875,7.488244622502506,1.758540356082911e-07,7.488244446648471,0.0,0.22375
40.0,0,adam,117500,100.0,0.00012801797685875113,7.273204342530628,1.0024587821173292e-06,7.273203340071846,0.0,0.1875
40.0,0,adam,118000,100.0,0.0001375596627380511,7.822907572736352,4.214483087561807e-07,7.822907151288043,0.0,0.26375
40.0,0,adam,118500,100.0,0.00014461010960251992,7.772840218909518,1.058816522883604e-05,7.772829630744289,0.0,0.175
40.0,0,adam,119000,100.0,0.00014223699053845975,7.01277572731967,9.882195681286251e-06,7.0127658451239885,0.0,0.19875
40.0,0,adam,119500,100.0,0.0001813855871852221,6.334852934784108,4.4387362385132556e-05,6.334808547421723,0.0,0.16625
40.0,0,adam,120000,100.0,0.00013167955450287336,6.466865078684652,2.5554086323332097e-06,6.46686252327602,0.0,0.2525
40.0,0,adam,120500,100.0,0.0001360215820237694,5.62397347671247,2.2657401426462915e-06,5.623971210972327,0.0,0.24375
40.0,0,adam,121000,100.0,0.00014082745830987752,5.094763041217379,4.99573971576086e-06,5.094758045477663,0.0,0.2475
40.0,0,adam,121500,100.0,0.00022665070268821464,4.548215674856977,9.165915622676533e-05,4.5481240157007505,0.0,0.195
40.0,0,adam,122000,100.0,0.00012888313064829835,4.059363562901798,1.2633861344164623e-06,4.059362299515664,0.0,0.21
40.0,0,adam,122500,100.0,0.00014929347488198844,3.493389601091583,8.94599307935351e-06,3.4933806550985036,0.0,0.15875
40.0,0,adam,123000,100.0,0.0001423984216167932,3.0093756908881564,1.2339770337465895e-05,3.009363351117819,0.0,0.23125
40.0,0,adam,123500,100.0,0.0001323912994082983,1.85572457909103,2.941182691686881e-06,1.8557216379083383,0.0,0.19375
40.0,0,adam,124000,100.0,0.00013594382744865858,0.8854825711504993,6.566213207251286e-06,0.8854760049372921,0.0,0.12625
40.0,0,adam,124500,100.0,0.0001405997961747767,0.3082525942400648,9.38902649497195e-06,0.3082432052135698,0.0,0.26125
40.0,0,adam,125000,100.0,0.0001345436934911586,0.16842255108006635,4.698672194101047e-06,0.16841785240787224,0.0,0.24
40.0,0,adam,125500,100.0,0.00014263171880378851,0.2607672124534424,6.57683407777889e-06,0.26076063561936463,0.0,0.2675
40.0,0,adam,126000,100.0,0.00014169619730189845,1.2092065529310616,9.944170761079737e-06,1.2091966087603006,0.0,0.26125
40.0,0,adam,126500,100.0,0.0002176528424649308,1.9687920949718856,8.64005228201111e-05,1.9687056944490655,0.0,0.265
40.0,0,adam,127000,100.0,0.00034000790633314105,2.2794979611920376,0.00019988101020042173,2.279298080181837,0.0,0.24875
40.0,0,adam,127500,100.0,0.00015586212426769967,2.4434261448300676,2.4252638462258154e-05,2.443401892191605,0.0,0.255
40.0,0,adam,128000,100.0,0.0001452348133622281,2.223698868983006,1.318455199662389e-05,2.2236856844310093,0.0,0.24875
40.0,0,adam,128500,100.0,0.00013314212267808014,2.3383035646973513,5.866736356060604e-06,2.338297697960995,0.0,0.27375
40.0,0,adam,129000,100.0,0.00015877792417173984,2.6040085926974976,2.9644022896851515e-05,2.603978948674601,0.0,0.16625
40.0,0,adam,129500,100.0,0.00014197862979886168,2.985146934545785,9.22181757518226e-06,2.9851377127282097,0.0,0.265
40.0,0,adam,130000,100.0,0.0001690537455257871,3.299530947916205,3.804271423615481e-05,3.299492905201969,0.0,0.28
40.0,0,adam,130500,100.0,0.0002133453087018622,3.50050633697403,7.610410227667006e-05,3.5004302328717536,0.0,0.3325
40.0,0,adam,131000,100.0,0.00047766155599276826,10.593998197613201,3.728700307342958e-05,10.593960910610129,0.0,0.00125
40.0,0,adam,131500,100.0,0.00016112888755150174,7.899514275109302,1.0521266833869826e-05,7.899503753842469,0.0,0.03375
40.0,0,adam,132000,100.0,0.00019127188578720245,5.209060522530216,6.063183346169574e-05,5.208999890696754,0.0,0.2575
40.0,0,adam,132500,100.0,0.00016486452409698876,5.3733381477063595,3.4263093485921316e-05,5.373303884612874,0.0,0.28125
40.0,0,adam,133000,100.0,0.00013731336144854678,5.520576344217334,1.0314871876993281e-05,5.520566029345457,0.0,0.14875
40.0,0,adam,133500,100.0,0.00013208784360824126,5.094090798697584,4.777943494244749e-06,5.09408602075409,0.0,0.27375
40.0,0,adam,134000,100.0,0.00013910764278513067,5.331125849935029,7.422644212225995e-06,5.331118427290817,0.0,0.2925
40.0,0,adam,134500,100.0,0.00014448239625767913,5.37195595687783,1.6820642338596726e-05,5.371939136235492,0.0,0.29125
40.0,0,adam,135000,100.0,0.00018611215967739408,5.843501442621248,5.57242763466787e-05,5.843445718344901,0.0,0.2725
40.0,0,adam,135500,100.0,0.00012947918622061532,5.936338755539267,9.892115813219788e-07,5.936337766327686,0.0,0.3375
40.0,0,adam,136000,100.0,0.00014406457787893037,5.8737541153449575,1.2206521152248816e-05,5.873741908823805,0.0,0.305
40.0,0,adam,136500,100.0,0.00014620924057383305,5.836226619041385,1.696417019295269e-05,5.836209654871192,0.0,0.30625
40.0,0,adam,137000,100.0,0.00016237630511927188,6.666359183400912,3.423750584908613e-05,6.666324945895063,0.0,0.31625
40.0,0,adam,137500,100.0,0.0001502900026597253,6.786671985979853,1.6171839085010961e-07,6.786671824261463,0.0,0.26375
40.0,0,adam,138000,100.0,0.00013785055639184716,6.59757746032075,1.0354338199575771e-05,6.5975671059825505,0.0,0.26875
40.0,0,adam,138500,100.0,0.00012837401238259175,6.787267159126872,4.94200005702529e-07,6.787266664926866,0.0,0.33
40.0,0,adam,139000,100.0,0.0001758062309020304,6.9361005302542225,3.040389004800386e-05,6.936070126364174,0.0,0.3325
40.0,0,adam,139500,100.0,0.000197938426988379,7.308103816938156,6.66841684908771e-05,7.308037132769665,0.0,0.06875
40.0,0,adam,140000,100.0,0.00014148625741841907,7.11862154181356,8.019231005414407e-06,7.118613522582555,0.0,0.28875
40.0,0,adam,140500,100.0,0.00016588128376568483,7.732596702612198,3.590516952985233e-05,7.732560797442668,0.0,0.2825
40.0,0,adam,141000,100.0,0.0001673575620425586,7.8486719582133855,1.105363745387147e-05,7.848660904575931,0.0,0.325
40.0,0,adam,141500,100.0,0.0001293691360837322,7.798594169896523,1.5420445105020856e-07,7.798594015692072,0.0,0.3
40.0,0,adam,142000,100.0,0.00016445792475056108,7.868401829446962,3.611269520535091e-05,7.8683657167517564,0.0,0.27375
40.0,0,adam,142500,100.0,0.00024409368751033346,7.812357989281762,0.00011558075676228043,7.812242408525,0.0,0.215
40.0,0,adam,143000,100.0,0.00013146900466974872,8.035443382265022,3.6636916960205674e-06,8.035439718573326,0.0,0.28125
40.0,0,adam,143500,100.0,0.00014447934641244106,7.9949108916363825,1.0114343335785915e-05,7.994900777293046,0.0,0.2875
40.0,0,adam,144000,100.0,0.00014894550757071573,8.087138807905838,1.9673871289197593e-05,8.087119134034548,0.0,0.30625
40.0,0,adam,144500,100.0,0.0001437817394733954,8.672198637391231,6.6452643919535065e-06,8.672191992126839,0.0,0.32625
40.0,0,adam,145000,100.0,0.00013786444745455577,8.256759280329831,6.626665726591626e-06,8.256752653664105,0.0,0.2425
40.0,0,adam,145500,100.0,0.00013312096454046033,8.320598420372537,3.4903832222349767e-06,8.320594929989316,0.0,0.315
40.0,0,adam,146000,100.0,0.00017170444190268066,8.67053579675008,4.3056351997629404e-05,8.670492740398082,0.0,0.3125
40.0,0,adam,146500,100.0,0.00013240088658702652,8.49839721983331,3.1808764512330058e-06,8.498394038956858,0.0,0.28
40.0,0,adam,147000,100.0,0.00013179182049954507,8.569727614055543,3.379070506732044e-07,8.569727276148493,0.0,0.28625
40.0,0,adam,147500,100.0,0.00017717321864950137,9.237116316740062,4.7154560279953776e-05,9.237069162179782,0.0,0.315
40.0,0,adam,148000,100.0,0.00013178216012389924,9.140351235999935,1.171914114710849e-06,9.14035006408582,0.0,0.335
40.0,0,adam,148500,100.0,0.0001483656549129996,9.453676466641319,1.4826293719458482e-05,9.4536616403476,0.0,0.32125
40.0,0,adam,149000,100.0,0.00015230951515116754,9.137006973251093,2.515402770616179e-05,9.136981819223386,0.0,0.1625
40.0,0,adam,149500,100.0,0.0001406817774786852,9.236931208274669,9.964506538914735e-06,9.23692124376813,0.0,0.2525
40.0,0,adam,150000,100.0,0.00015962007816965447,9.633775721521234,1.6204108330367947e-05,9.633759517412903,0.0,0.31
40.0,0,adam,150500,100.0,0.00014392827196029528,9.67859039110918,1.024330703581262e-06,9.678589366778477,0.0,0.3325
40.0,0,adam,151000,100.0,0.00013841195986249327,9.795495705715314,5.543265893425697e-06,9.79549016244942,0.0,0.335
40.0,0,adam,151500,100.0,0.00014071440006336897,10.106198397074477,8.721215056037926e-06,10.10618967585942,0.0,0.325
40.0,0,adam,152000,100.0,0.00013083063431971881,9.633939024996558,3.580603436714265e-06,9.63393544439312,0.0,0.27125
40.0,0,adam,152500,100.0,0.00016460483538549082,10.356163481043277,3.49777349883532e-05,10.35612850330829,0.0,0.26125
40.0,0,adam,153000,100.0,0.010773565516389551,65.06188604503531,0.00969119938047762,65.05219484565482,0.0,0.00125
40.0,0,adam,153500,100.0,0.0002162750435356962,25.362681314228066,1.8834485417931875e-06,25.362679430779526,0.0,0.0025
40.0,0,adam,154000,100.0,0.00016432207654972828,23.70157963477972,1.1341720929111432e-07,23.70157952136251,0.0,0.0125
40.0,0,adam,154500,100.0,0.00015278796798530865,17.038456355567035,1.748900751657721e-07,17.03845618067696,0.0,0.05125
40.0,0,adam,155000,100.0,0.00016581749397143192,14.899222410834872,2.3914331598949988e-05,14.899198496503272,0.0,0.1825
40.0,0,adam,155500,100.0,0.0001340629116310796,14.51790887219734,4.470837976249684e-06,14.517904401359365,0.0,0.21
40.0,0,adam,156000,100.0,0.00013022370606511125,17.719827970677265,9.758095368840067e-07,17.719826994867727,0.0,0.24625
40.0,0,adam,156500,100.0,0.00019378559411887031,14.848362096770797,6.0422465089865544e-05,14.848301674305707,0.0,0.28
40.0,0,adam,157000,100.0,0.00013172038901387934,9.878011322759116,9.471738201476121e-07,9.878010375585296,0.0,0.0775
40.0,0,adam,157500,100.0,0.00014602315231638277,13.924837652189305,1.531276666529576e-05,13.92482233942264,0.0,0.32125
40.0,0,adam,158000,100.0,0.00021640950899402898,10.7698845745884,8.531833055908787e-05,10.76979925625784,0.0,0.275
40.0,0,adam,158500,100.0,0.00022706074737897111,13.584010874233876,9.587690703843163e-05,13.583914997326838,0.0,0.3025
40.0,0,adam,159000,100.0,0.00016518890777961597,10.118421502326333,1.2804995345244475e-05,10.118408697330988,0.0,0.2875
40.0,0,adam,159500,100.0,0.00013512736019732663,9.539735669314613,2.4153363509251164e-07,9.539735427780977,0.0,0.2875
40.0,0,adam,160000,100.0,0.00016578721293842186,9.812408560434092,3.611145406688646e-05,9.812372448980025,0.0,0.21125
40.0,0,adam,160500,100.0,0.00016722677429528455,7.482011136837343,3.735977804862855e-05,7.481973777059294,0.0,0.28
40.0,0,adam,161000,100.0,0.00014241809399172673,8.69214839857096,7.058659105532983e-06,8.692141339911855,0.0,0.25875
40.0,0,adam,161500,100.0,0.00014414441267013878,7.785843536069504,6.317710472590487e-07,7.785842904298457,0.0,0.3325
40.0,0,adam,162000,100.0,0.00013586386130620925,7.790840345631089,6.3244169574430266e-06,7.790834021214132,0.0,0.28875
40.0,0,adam,162500,100.0,0.00017071881980570746,9.539174983852426,3.250320795547088e-05,9.53914248064447,0.0,0.32875
40.0,0,adam,163000,100.0,0.00017014771755499345,8.685589932079912,3.8339507260787824e-05,8.68555159257265,0.0,0.245
40.0,0,adam,163500,100.0,0.0001583577862075329,7.405553817531065,2.876643114655471e-05,7.405525051099919,0.0,0.275
40.0,0,adam,164000,100.0,0.0001519748814093913,7.491067005322282,1.7851532818154712e-05,7.491049153789464,0.0,0.27875
40.0,0,adam,164500,100.0,0.0001717370592157414,7.054855651481609,4.040885321816486e-05,7.054815242628391,0.0,0.06875
40.0,0,adam,165000,100.0,0.0001929842751329751,9.312994219243528,5.959637330734503e-05,9.312934622870221,0.0,0.27875
40.0,0,adam,165500,100.0,0.00013713875270604428,7.468384594710725,6.455996670748519e-06,7.468378138714054,0.0,0.195
40.0,0,adam,166000,100.0,0.00018310907804586538,7.561560460910358,4.844742206221782e-05,7.561512013488295,0.0,0.24
40.0,0,adam,166500,100.0,0.00015444082558588505,7.734262903371202,2.4437741296730173e-05,7.734238465629906,0.0,0.28125
40.0,0,adam,167000,100.0,0.0001374083190158848,7.831031344323487,7.669958660845906e-06,7.831023674364826,0.0,0.30875
40.0,0,adam,167500,100.0,0.00015442327144630776,7.505071724829014,1.1864692732017641e-06,7.505070538359741,0.0,0.29875
40.0,0,adam,168000,100.0,0.00017249773913119464,9.104141255061588,4.012906562751221e-05,9.10410112599596,0.0,0.32875
40.0,0,adam,168500,100.0,0.00013678329488635117,8.225013022952067,9.202802591614133e-06,8.225003820149476,0.0,0.2675
40.0,0,adam,169000,100.0,0.00013552955322456139,7.764634593059832,3.754520630316505e-06,7.764630838539202,0.0,0.235
40.0,0,adam,169500,100.0,0.0001548285500824308,8.058515401956143,2.141785738797869e-05,8.058493984098755,0.0,0.27375
40.0,0,adam,170000,100.0,0.000151692303942495,8.103817078452385,1.8770725050435907e-05,8.103798307727335,0.0,0.24
40.0,0,adam,170500,100.0,0.00013641839923853415,8.186359001211915,4.648590944376686e-06,8.18635435262097,0.0,0.17
40.0,0,adam,171000,100.0,0.00015299101260184505,7.67149322159315,1.279052680820119e-06,7.671491942540469,0.0,0.3025
40.0,0,adam,171500,100.0,0.00029624454654264456,8.039404449120427,0.00013223902433813305,8.039272210096089,0.0,0.33375
40.0,0,adam,172000,100.0,0.00013590519334553557,7.85205398455602,3.367326767643723e-06,7.852050617229253,0.0,0.2825
40.0,0,adam,172500,100.0,0.00027840714933118733,7.957029663957923,0.00014463762573829235,7.956885026332184,0.0,0.27125
40.0,0,adam,173000,100.0,0.00017233844046188882,7.612242835189751,4.331810357234702e-05,7.612199517086179,0.0,0.27125
40.0,0,adam,173500,100.0,0.00015121152409988626,7.456987163432474,8.125841842496483e-06,7.4569790375906315,0.0,0.28125
40.0,0,adam,174000,100.0,0.00013244167206112966,7.499341057728429,3.384943514915802e-06,7.499337672784915,0.0,0.28875
40.0,0,adam,174500,100.0,0.0001436801187991533,7.039953286321182,2.1863855508102765e-07,7.039953067682626,0.0,0.295
40.0,0,adam,175000,100.0,0.00013405500586914006,6.832592421900395,4.413704301132749e-06,6.832588008196094,0.0,0.24
40.0,0,adam,175500,100.0,0.00013150309014672008,6.527575680070294,3.360518348120135e-06,6.527572319551946,0.0,0.295
40.0,0,adam,176000,100.0,0.0001323040750713889,6.565491720853658,3.284393383231381e-06,6.565488436460275,0.0,0.285
40.0,0,adam,176500,100.0,0.00013105376936449486,6.104211023299546,8.34880929105623e-07,6.104210188418617,0.0,0.275
40.0,0,adam,177000,100.0,0.00013532140620066852,5.89817241037517,7.503955956757007e-06,5.898164906419213,0.0,0.27625
40.0,0,adam,177500,100.0,0.0002507292030495241,5.599101359599541,0.00011266074681294689,5.598988698852728,0.0,0.28125
40.0,0,adam,178000,100.0,0.0001395597541165515,5.338060509110564,9.080643689032942e-06,5.3380514284668745,0.0,0.28375
40.0,0,adam,178500,100.0,0.00013718509162478164,5.035866426829411,3.2997245622932647e-06,5.035863127104849,0.0,0.31875
40.0,0,adam,179000,100.0,0.00013909974146278107,4.619576165124825,1.0803729632185116e-05,4.6195653613951935,0.0,0.1575
40.0,0,adam,179500,100.0,0.00013564976146656534,4.297377997777269,4.302888453591221e-06,4.297373694888815,0.0,0.32125
40.0,0,adam,180000,100.0,0.00016702894017354934,3.906331748148036,3.6871954656372115e-05,3.90629487619338,0.0,0.1075
40.0,0,adam,180500,100.0,0.00013004868897719646,3.4984080258009165,1.245342074318145e-06,3.498406780458842,0.0,0.2925
40.0,0,adam,181000,100.0,0.00017296824540205652,3.061235494746887,4.3910100217008586e-05,3.0611915846466697,0.0,0.235
40.0,0,adam,181500,100.0,0.0005223708346553732,2.641412588222228,0.00038790668781465553,2.6410246815344136,0.0,0.25375
40.0,0,adam,182000,100.0,0.00013007430087783275,2.148722589772255,1.8625528572196906e-06,2.1487207272193976,0.0,0.26875
40.0,0,adam,182500,100.0,0.00021872106123281288,1.5347040014604343,7.855475893635977e-05,1.534625446701498,0.0,0.26625
40.0,0,adam,183000,100.0,0.00018457214297188618,1.0411053519465756,5.348511190568248e-05,1.04105186683467,0.0,0.27625
40.0,0,adam,183500,100.0,0.0001414175659492489,0.6108810761521265,8.549060700918691e-06,0.6108725270914256,0.0,0.2775
40.0,0,adam,184000,100.0,0.00013692012615905657,0.3134481698790493,2.7746106988432007e-06,0.3134453952683504,0.0,0.27625
40.0,0,adam,184500,100.0,0.0002322968659547495,0.1613391428104128,0.00010062869667926396,0.16123851411373355,0.0,0.27375
40.0,0,adam,185000,100.0,0.0001838296898746031,0.13182935919379876,4.9334514125178546e-05,0.1317800246796736,0.0,0.33875
40.0,0,adam,185500,100.0,0.0001485259795406246,0.1316097750757385,1.5805416928131568e-05,0.13159396965881037,0.0,0.34375
40.0,0,adam,186000,100.0,0.00015111201589366877,0.1405753662905283,1.9764690370795544e-05,0.1405556016001575,0.0,0.33875
40.0,0,adam,186500,100.0,0.00015052842406861996,0.15393950905302778,1.895018010832514e-05,0.15392055887291944,0.0,0.3425
40.0,0,adam,187000,100.0,0.00014122366254571504,0.173171346450859,9.403950333520624e-06,0.17316194250052547,0.0,0.33875
40.0,0,adam,187500,100.0,0.00013305183744434797,0.20107393142674884,5.298309814749096e-07,0.20107340159576736,0.0,0.36375
40.0,0,adam,188000,100.0,0.00018464039489909253,0.24637585176662974,5.317635658223121e-05,0.24632267541004751,0.0,0.3525
40.0,0,adam,188500,100.0,0.00013346056812023959,0.3149843428436189,1.4846810727053753e-06,0.31498285816254623,0.0,0.3425
40.0,0,adam,189000,100.0,0.00013047526829999253,0.38583920983296627,3.590097834781205e-07,0.3858388508231828,0.0,0.3725
40.0,0,adam,189500,100.0,0.00014485946258102638,0.4592894511866872,1.1501343094015613e-05,0.45927794984359316,0.0,0.34125
40.0,0,adam,190000,100.0,0.00013839315758391727,0.550173864177276,7.63000469963386e-06,0.5501662341725764,0.0,0.32625
40.0,0,adam,190500,100.0,0.0001350367872464713,0.6268015942060834,9.503598327218732e-07,0.6268006438462507,0.0,0.3475
40.0,0,adam,191000,100.0,0.00013530619672913707,0.7104507168484356,3.6477316327624154e-06,0.7104470691168029,0.0,0.33875
40.0,0,adam,191500,100.0,0.00015643631473019165,0.7831108229849132,2.4436207869494656e-05,0.7830863867770437,0.0,0.3375
40.0,0,adam,192000,100.0,0.00013495065840440844,0.713144961931148,5.405525400444809e-07,0.7131444213786079,0.0,0.3475
40.0,0,adam,192500,100.0,0.0001393490147726605,0.7799078780070022,6.619158512279721e-06,0.7799012588484899,0.0,0.32875
40.0,0,adam,193000,100.0,0.00013821644959996883,0.840296927744993,5.530275953748579e-06,0.8402913974690392,0.0,0.33625
40.0,0,adam,193500,100.0,0.00013964294112453265,0.900005382297827,7.502685931160107e-06,0.8999978796118958,0.0,0.33875
40.0,0,adam,194000,100.0,0.00015079165965709406,0.9567237163226693,1.8159502471302688e-05,0.956705556820198,0.0,0.3525
40.0,0,adam,194500,100.0,0.00016152412933562266,1.0206879328018907,3.032230344934499e-05,1.0206576104984415,0.0,0.33125
40.0,0,adam,195000,100.0,0.00013188972679186223,1.0759142923506568,5.186622553880337e-07,1.0759137736884015,0.0,0.3425
40.0,0,adam,195500,100.0,0.0001456883997750917,1.1361171745632772,1.4883517692740757e-05,1.1361022910455845,0.0,0.34
40.0,0,adam,196000,100.0,0.00013341659121116262,1.186415214994886,1.7499192370206921e-06,1.1864134650756488,0.0,0.36875
40.0,0,adam,196500,100.0,0.0001671355287111147,1.2390976885448663,3.592761016586932e-05,1.2390617609347006,0.0,0.345
40.0,0,adam,197000,100.0,0.00014329912531067115,1.2974677689726424,1.2510730150329641e-05,1.297455258242492,0.0,0.34
40.0,0,adam,197500,100.0,0.00013164398211138237,1.357136780383444,6.476473505914329e-07,1.3571361327360933,0.0,0.345
40.0,0,adam,198000,100.0,0.0001331602390050534,1.4149282572699209,1.0520785119816732e-06,1.4149272051914088,0.0,0.34875
40.0,0,adam,198500,100.0,0.00014836457765777784,1.4893273523354178,1.7957532534000212e-05,1.4893093948028837,0.0,0.30625
40.0,0,adam,199000,100.0,0.00013630660711911536,1.5570826811380754,3.998974889156932e-06,1.5570786821631861,0.0,0.3575
40.0,0,adam,199500,100.0,0.00013559761651647835,1.6365523491546996,2.5365365895779554e-06,1.63654981261811,0.0,0.32625
40.0,0,adam,200000,100.0,0.00013316577405067163,1.6975752648215285,3.206654242893322e-06,1.6975720581672857,0.0,0.34875
40.0,0,adam,200500,100.0,0.00014898441037029833,1.612003716168472,1.803270928404063e-05,1.611985683459188,0.0,0.3425
40.0,0,adam,201000,100.0,0.00016405584948206312,1.718057409870478,3.478397319833248e-05,1.7180226258972797,0.0,0.32875
40.0,0,adam,201500,100.0,0.00014443541388380382,1.824934481754948,1.2162418399296046e-05,1.8249223193365487,0.0,0.36375
40.0,0,adam,202000,100.0,0.0001345142658986948,1.9430547015591122,2.22839026097544e-06,1.9430524731688512,0.0,0.3475
40.0,0,adam,202500,100.0,0.00013533249249731455,2.0498847233553987,2.0924343077379763e-06,2.049882630921091,0.0,0.3525
40.0,0,adam,203000,100.0,0.0001477759011641278,2.1339236408346864,1.5836495180166913e-05,2.1339078043395063,0.0,0.25625
40.0,0,adam,203500,100.0,0.00013664473048640628,2.2178027395240916,3.950690608049945e-06,2.2177987888334836,0.0,0.3525
40.0,0,adam,204000,100.0,0.00013370945400805666,2.2901596586817994,1.5098567688001755e-06,2.2901581488250304,0.0,0.3425
40.0,0,adam,204500,100.0,0.00013586091109851677,2.3500003233728264,3.742835288865651e-06,2.3499965805375376,0.0,0.35375
40.0,0,adam,205000,100.0,0.00013556854576605613,2.3905796123985197,4.246594584748394e-06,2.390575365803935,0.0,0.36
40.0,0,adam,205500,100.0,0.00013287275426769433,2.427255924195121,2.7357117496685488e-06,2.4272531884833715,0.0,0.34625
40.0,0,adam,206000,100.0,0.000133348081586825,2.4625575687655603,4.361216984933135e-07,2.462557132643862,0.0,0.33875
40.0,0,adam,206500,100.0,0.0001391499764908814,2.49649411295107,4.921831899274946e-06,2.4964891911191707,0.0,0.35875
40.0,0,adam,207000,100.0,0.00013338082018521358,2.511475522436248,1.388275416389454e-06,2.5114741341608315,0.0,0.34
40.0,0,adam,207500,100.0,0.0001361997943395891,2.538529188018996,4.868710071006644e-06,2.538524319308925,0.0,0.32875
40.0,0,adam,208000,100.0,0.00013144628249580901,2.5607796760821517,5.2919842468431146e-08,2.5607796231623094,0.0,0.325
40.0,0,adam,208500,100.0,0.00013582452990313067,2.583956642823991,4.757462398950084e-06,2.583951885361592,0.0,0.30375
40.0,0,adam,209000,100.0,0.00013434396138234224,2.608495045529603,3.6476329665273512e-06,2.608491397896637,0.0,0.34375
40.0,0,adam,209500,100.0,0.00013360048221302512,2.63366257073768,3.0462738629055157e-06,2.633659524463817,0.0,0.35625
40.0,0,adam,210000,100.0,0.00013046391180468066,2.666113239378655,3.799270674469296e-07,2.6661128594515873,0.0,0.34875
40.0,0,adam,210500,100.0,0.000133433685203907,2.709127350273078,2.19353715191058e-06,2.7091251567359262,0.0,0.39375
40.0,0,adam,211000,100.0,0.00013731100066156172,2.748128743344035,4.843426825191273e-06,2.7481238999172097,0.0,0.33625
40.0,0,adam,211500,100.0,0.00019468961015139887,1.9629139811437644,1.253127405104255e-06,1.9629127280163592,0.0,0.005
40.0,0,adam,212000,100.0,0.00014738562234034916,1.7700374129007173,6.293506691822178e-07,1.7700367835500481,0.0,0.0325
40.0,0,adam,212500,100.0,0.00015606331997372006,1.6832660678444173,2.4309804651932647e-05,1.6832417580397654,0.0,0.1925
40.0,0,adam,213000,100.0,0.0001381881722837876,1.8811212035094818,9.971976494334332e-06,1.8811112315329874,0.0,0.32125
40.0,0,adam,213500,100.0,0.0001617198658422069,2.469850492706687,2.8595524891408573e-05,2.4698218971817956,0.0,0.345
40.0,0,adam,214000,100.0,0.0002427228223562982,2.5819735765626946,0.00010719820791135114,2.5818663783547833,0.0,0.31
40.0,0,adam,214500,100.0,0.00013943978599540336,2.6546206569312227,5.016502324144416e-06,2.6546156404288985,0.0,0.325
40.0,0,adam,215000,100.0,0.00016634103321383297,2.6349154100137646,2.9001776909595036e-05,2.634886408236855,0.0,0.32875
40.0,0,adam,215500,100.0,0.00018356483484499863,2.628976440696023,5.096162249090782e-05,2.628925479073532,0.0,0.30875
40.0,0,adam,216000,100.0,0.00013434278180350984,2.608821398955989,2.3568472468599397e-06,2.6088190421087423,0.0,0.27625
40.0,0,adam,216500,100.0,0.00013819929324160107,2.5590313438335044,7.25923334385077e-06,2.5590240846001606,0.0,0.13
40.0,0,adam,217000,100.0,0.00019093835119295488,2.5240275399771455,5.778516468590136e-05,2.5239697548124598,0.0,0.32375
40.0,0,adam,217500,100.0,0.0001338046950485032,2.4744495821826624,5.041414916628605e-07,2.4744490780411708,0.0,0.29375
40.0,0,adam,218000,100.0,0.00015161201954912948,2.4073269847931256,2.057695661555714e-05,2.40730640783651,0.0,0.075
40.0,0,adam,218500,100.0,0.00017419519163420463,2.374697033738571,4.239357132923377e-05,2.3746546401672415,0.0,0.31
40.0,0,adam,219000,100.0,0.00013596320015625264,2.323717100570489,3.274948484078983e-06,2.323713825622005,0.0,0.34
40.0,0,adam,219500,100.0,0.00017288215891959595,2.2789401791846244,4.0212764155335045e-05,2.278899966420469,0.0,0.33375
40.0,0,adam,220000,100.0,0.0003177354039227358,2.2532626391225263,0.00018742979059675324,2.2530752093319295,0.0,0.32125
40.0,0,adam,220500,100.0,0.00013700480573467552,2.227694865203368,3.991112250399032e-06,2.2276908740911177,0.0,0.33875
40.0,0,adam,221000,100.0,0.00014848840850364094,2.214145566222025,1.603468806766031e-05,2.2141295315339575,0.0,0.32125
40.0,0,adam,221500,100.0,0.00035820031963432425,2.2069661407404495,0.00022898376080467304,2.206737156979645,0.0,0.33625
40.0,0,adam,222000,100.0,0.00014011263653195016,2.196893487854139,8.38302298355026e-06,2.1968851048311557,0.0,0.28125
40.0,0,adam,222500,100.0,0.00013361455606504785,2.1848871970770043,7.760001641343899e-07,2.18488642107684,0.0,0.3325
40.0,0,adam,223000,100.0,0.0001740153097278674,2.1881298603317902,4.062652481621075e-05,2.188089233806974,0.0,0.34
40.0,0,adam,223500,100.0,0.00021461063113953365,2.1722685951990215,8.337711001784328e-05,2.1721852180890036,0.0,0.325
40.0,0,adam,224000,100.0,0.00013344547042842437,2.1659056752160115,1.0739884388290066e-06,2.165904601227573,0.0,0.27125
40.0,0,adam,224500,100.0,0.00013514100252920297,2.1608422947661756,2.8907209281770314e-06,2.1608394040452477,0.0,0.325
40.0,0,adam,225000,100.0,0.00013844509576771215,2.1600585528659986,5.805122047369667e-06,2.160052747743951,0.0,0.33375
40.0,0,adam,225500,100.0,0.00018978150554631892,2.163653778668545,5.809138325326171e-05,2.1635956872852917,0.0,0.31875
40.0,0,adam,226000,100.0,0.00014829255621470576,2.165601628022683,1.7100301366913818e-05,2.165584527721316,0.0,0.3125
40.0,0,adam,226500,100.0,0.00013263497621788953,2.169569854951182,1.0295923276279945e-06,2.169568825358854,0.0,0.31875
40.0,0,adam,227000,100.0,0.00013346334941135766,2.1751121074728523,1.685914812503129e-07,2.175111938881371,0.0,0.3425
40.0,0,adam,227500,100.0,0.00014517096505631076,2.1829591027621156,1.0913062440073467e-05,2.1829481896996756,0.0,0.34875
40.0,0,adam,228000,100.0,0.00013438618070974034,2.1903727316585875,1.6975298050521186e-06,2.1903710341287823,0.0,0.33875
40.0,0,adam,228500,100.0,0.0001380791432334348,2.197761746188625,3.6119394637385287e-06,2.1977581342491614,0.0,0.34625
40.0,0,adam,229000,100.0,0.00013808116578553848,2.2143972050789764,6.207555772004249e-06,2.2143909975232043,0.0,0.29875
40.0,0,adam,229500,100.0,0.0001343728483884144,2.2213194450972327,1.6030889267807632e-06,2.2213178420083057,0.0,0.34
40.0,0,adam,230000,100.0,0.00013627659309587575,2.236034836686954,5.466416936839813e-06,2.236029370270017,0.0,0.2675
40.0,0,adam,230500,100.0,0.00022593265926115031,2.2488259701709516,9.316203117591476e-05,2.248732808139776,0.0,0.3425
40.0,0,adam,231000,100.0,0.00013336596513577803,2.2531067875738278,2.0650642079265602e-07,2.253106581067407,0.0,0.3375
40.0,0,adam,231500,100.0,0.0003176936379305214,2.2707117586944494,0.00018582852092106802,2.2705259301735286,0.0,0.32875
40.0,0,adam,232000,100.0,0.00013708669793930042,2.28478514677759,3.033380526149025e-06,2.2847821133970636,0.0,0.3525
40.0,0,adam,232500,100.0,0.00015414437270924673,2.2952084586362944,2.1145415857088943e-05,2.2951873132204375,0.0,0.31625
40.0,0,adam,233000,100.0,0.0001349364785435716,2.3038583408484556,1.578057960256061e-06,2.3038567627904953,0.0,0.34625
40.0,0,adam,233500,100.0,0.00013494434724165987,2.3253864491554026,1.7282287301065953e-06,2.3253847209266727,0.0,0.32
40.0,0,adam,234000,100.0,0.0001390171856466171,2.3274437375986117,6.477552535996113e-06,2.3274372600460755,0.0,0.27625
40.0,0,adam,234500,100.0,0.00018535954896705702,2.3503734129022145,5.041382850287337e-05,2.3503229990737116,0.0,0.34875
40.0,0,adam,235000,100.0,0.00017648860770641387,2.350441826550204,4.321888667060692e-05,2.350398607663533,0.0,0.3425
40.0,0,adam,235500,100.0,0.00013232593308713846,2.365895542337171,6.359083447366981e-07,2.365894906428826,0.0,0.29125
40.0,0,adam,236000,100.0,0.0001428351140654023,2.4766953207083073,1.286235803360514e-05,2.4766824583502736,0.0,0.235
40.0,0,adam,236500,100.0,0.00013732730688079602,2.3900315813665136,5.054696537924e-06,2.390026526669976,0.0,0.345
40.0,0,adam,237000,100.0,0.0001359442117009914,2.403976559141247,4.124773334330861e-06,2.4039724343679127,0.0,0.27125
40.0,0,adam,237500,100.0,0.00013714680313263472,2.415935101259872,6.297961852849731e-06,2.4159288032980193,0.0,0.325
40.0,0,adam,238000,100.0,0.00014524061504788126,2.4132011257345174,1.2204491716656322e-05,2.4131889212428006,0.0,0.3425
40.0,0,adam,238500,100.0,0.0002444373010547877,2.166325768045988,0.00011114284941707242,2.166214625196571,0.0,0.33625
40.0,0,adam,239000,100.0,0.00013881318632157205,2.1130954510034368,7.6435148829944e-06,2.113087807488554,0.0,0.25125
40.0,0,adam,239500,100.0,0.0001580951689936272,2.0797361296822463,2.6060618398801365e-05,2.0797100690638475,0.0,0.3025
40.0,0,adam,239999,100.0,0.00013465186285918065,2.0669307480477315,5.04721749896558e-06,2.0669257008302324,0.0,0.33625
40.0,0,lbfgs,0,,,0.021200519651195023,1.4108217103133322e-08,0.02120050554297792,,
40.0,0,lbfgs,1,,,0.021141214697787708,1.9903724742606526e-08,0.021141194794062967,,
40.0,0,lbfgs,2,,,0.02112139337929299,2.3963058211577807e-09,0.02112139098298717,,
40.0,1,adam,0,0.01,1.8267285880973847,1.8267661740244405,1.8170464706889593,0.009719703335481288,0.9922637335836992,1.0
40.0,1,adam,500,0.1,0.05833228769786089,0.07669689607954328,0.0012027283299902965,0.07549416774955298,0.5505651314651527,1.0
40.0,1,adam,1000,0.1,0.05134116058479713,0.06564113812548678,0.00011145726801941657,0.06552968085746735,0.5943523372596606,1.0
40.0,1,adam,1500,0.1,0.05365621515450071,0.06885043976282423,0.0013094990464772426,0.06754094071634699,0.5841364725818557,1.0
40.0,1,adam,2000,0.1,0.04885987096759453,0.061225845093479,0.000791156385739073,0.06043468870773993,0.6182191654191905,1.0
40.0,1,adam,2500,0.1,0.046797141354691076,0.05819170540651737,0.00037771775177069617,0.05781398765474668,0.6311366274321788,1.0
40.0,1,adam,3000,0.1,0.046214418098258526,0.05735378251770442,0.00024604628937394807,0.05710773622833047,0.6346642644335887,1.0
40.0,1,adam,3500,0.1,0.04860943714181883,0.06088464441025353,0.0007299564622383644,0.060154687948015165,0.6193896351204164,1.0
40.0,1,adam,4000,0.1,0.045988760282457374,0.05700703780390777,0.0002265432895657791,0.05678049451434199,0.636346946512234,1.0
40.0,1,adam,4500,0.1,0.04633193239650001,0.05736140276243703,0.0005498586031621125,0.05681154415927492,0.6361937201439363,1.0
40.0,1,adam,5000,0.1,0.045866227338665626,0.056778611791717656,0.0002859328284905665,0.05649267896322709,0.6378357735121708,1.0
40.0,1,adam,5500,0.1,0.04650979167919428,0.05746927197366723,0.0008469172512737677,0.056622354722393464,0.6371796517323328,1.0
40.0,1,adam,6000,0.1,0.046235386802140885,0.057231772466307264,0.0005003285071610643,0.0567314439591462,0.636665439440598,1.0
40.0,1,adam,6500,0.1,0.04575730947702644,0.05659581908695581,0.000304720377937797,0.05629109870901801,0.6388918169598122,1.0
40.0,1,adam,7000,0.1,0.04677239008575693,0.05767251550487123,0.0012046464588451333,0.056467869046026097,0.6380461603006451,1.0
40.0,1,adam,7500,0.1,0.04650508530587291,0.05728151313913772,0.0011578348881730101,0.05612367825096471,0.6397850626158337,1.0
40.0,1,adam,8000,0.1,0.04557639278665243,0.05631460936482243,0.00028820523069141035,0.05602640413413102,0.6403158562040617,1.0
40.0,1,adam,8500,0.1,0.045359261479114336,0.05600610420721918,0.00023842443551258112,0.0557676797717066,0.641625380059871,1.0
40.0,1,adam,9000,0.1,0.045231266130028175,0.05579390637004035,0.0002593179690533331,0.05553458840098702,0.6428215730330951,1.0
40.0,1,adam,9500,0.1,0.04537361135796247,0.05602970443181467,0.0002344575877200131,0.055795246844094655,0.6414768517328163,1.0
40.0,1,adam,10000,0.1,0.04520008278823089,0.05576632252110763,0.00021964898549540536,0.055546673535612226,0.6427543047484984,1.0
40.0,1,adam,10500,0.1,0.04516370276226034,0.05569329324145955,0.00024891809004969897,0.055444375151409854,0.6432694993413379,1.0
40.0,1,adam,11000,0.1,0.04587634992682603,0.05661307255026174,0.0005901626078679313,0.05602290994239381,0.6402987346567239,1.0
40.0,1,adam,11500,0.1,0.045318175173201004,0.055861919016183974,0.000376265482880311,0.05548565353330366,0.6430475677452395,1.0
40.0,1,adam,12000,0.1,0.04532814406406006,0.05595587516772049,0.0002396045538084902,0.055716270613912,0.6418164410779316,1.0
40.0,1,adam,12500,0.1,0.04508858861186177,0.05559391529745184,0.0002189941342463604,0.055374921163205484,0.6435867948181384,1.0
40.0,1,adam,13000,0.1,0.04534802043995061,0.05598905068174752,0.00023354226453129568,0.05575550841721622,0.6416219300584949,1.0
40.0,1,adam,13500,0.1,0.04503968622755839,0.055514741318634,0.00022452880029413203,0.05529021251833987,0.6440231041237375,1.0
40.0,1,adam,14000,0.1,0.045161708516663804,0.05570789211595912,0.00021907036076813984,0.05548882175519098,0.6430423612462989,1.0
40.0,1,adam,14500,0.1,0.04500784361737896,0.055450283928974574,0.0002513435240299052,0.05519894040494467,0.6444867900281314,1.0
40.0,1,adam,15000,0.1,0.045355117137428284,0.05599822835735239,0.00024135568073593516,0.05575687267661645,0.6415782445785838,1.0
40.0,1,adam,15500,0.1,0.0453278665203597,0.055987331681553974,0.00019044263336271905,0.05579688904819125,0.6413355663126419,1.0
40.0,1,adam,16000,0.1,0.04506754393605314,0.055561103998763045,0.00022034290708972077,0.055340761091673324,0.6437205638822616,1.0
40.0,1,adam,16500,0.1,0.04514146441274643,0.05565718516984884,0.00025501889838876993,0.05540216627146007,0.6434072500035318,1.0
40.0,1,adam,17000,0.1,0.04522799847143024,0.05579926828691626,0.0002443107162309067,0.055554957570685355,0.642610222874678,1.0
40.0,1,adam,17500,0.1,0.04517972139559232,0.0556681133579979,0.00034394259012808173,0.055324170767869815,0.6437945618499561,1.0
40.0,1,adam,18000,0.1,0.04488254393686478,0.05527586092953868,0.00021470269399354229,0.05506115823554514,0.6451857751492756,1.0
40.0,1,adam,18500,0.1,0.04495111348133623,0.05537619422430226,0.00023094195528019983,0.05514525226902206,0.6447399427713421,1.0
40.0,1,adam,19000,0.1,0.04530368104491118,0.055802005711912676,0.00044879291235862484,0.055353212799554054,0.6436660774347351,1.0
40.0,1,adam,19500,0.1,0.04493307538217312,0.055319601477124086,0.00027887108530375146,0.055040730391820336,0.6452839881038824,1.0
40.0,1,adam,20000,0.1,0.04491330513915349,0.05532365488177654,0.00022008558900919829,0.05510356929276734,0.6449348550842228,1.0
40.0,1,adam,20500,0.1,0.045156099453342244,0.05566830708307454,0.00027702053826099947,0.05539128654481354,0.6434568729045822,1.0
40.0,1,adam,21000,0.1,0.04567900019373599,0.05640327512946949,0.0004152690445608713,0.05598800608490862,0.6404084481991945,1.0
40.0,1,adam,21500,0.1,0.04570308101914872,0.05621355179610487,0.0008206114951459917,0.05539294030095888,0.6434911434555389,1.0
40.0,1,adam,22000,0.1,0.044875139566770444,0.05526377969719762,0.00021502017901695394,0.05504875951818066,0.645242791680563,1.0
40.0,1,adam,22500,0.1,0.044777646620812746,0.055100560044090204,0.00023598025672419602,0.05486457978736601,0.6462032624600295,1.0
40.0,1,adam,23000,0.1,0.04492567544432901,0.055340168969510606,0.00021813159578285137,0.055122037373727756,0.6448846706878595,1.0
40.0,1,adam,23500,0.1,0.04482716755644194,0.05519092907257503,0.0002120688922601194,0.054978860180314906,0.6456079865543651,1.0
40.0,1,adam,24000,0.1,0.04488349313919197,0.055276811482200205,0.00021308117736745406,0.055063730304832754,0.6452122574154735,1.0
40.0,1,adam,24500,0.1,0.044916070497269436,0.05526016353023866,0.00033312425471040773,0.05492703927552825,0.6458958413719417,1.0
40.0,1,adam,25000,0.1,0.04478623226420444,0.05509987328178776,0.00026582224102491143,0.054834051040762846,0.6463374530551119,1.0
40.0,1,adam,25500,0.1,0.04485352260167606,0.05522891039547497,0.00021410260702058902,0.055014807788454384,0.6454296278118045,1.0
40.0,1,adam,26000,0.1,0.045582145693430845,0.056025323069700254,0.0008177353223171069,0.05520758774738315,0.6444625100900954,1.0
40.0,1,adam,26500,0.1,0.04479085344230608,0.0551310366139254,0.00021240264709685306,0.05491863396682854,0.6459577643879066,1.0
40.0,1,adam,27000,0.1,0.04482480831395634,0.05518520702568919,0.00021573760793648042,0.05496946941775271,0.6456735188050183,1.0
40.0,1,adam,27500,0.1,0.04492347050887889,0.05531322993508406,0.0002544088832707078,0.055058821051813346,0.6452385330976793,1.0
40.0,1,adam,28000,0.1,0.04494180219252847,0.05529076625591132,0.0003479244644449083,0.05494284179146641,0.6458305797943928,1.0
40.0,1,adam,28500,0.1,0.04490712694845033,0.05525247183739122,0.00033411579653481213,0.05491835604085641,0.6458904225208476,1.0
40.0,1,adam,29000,0.1,0.04471864595478456,0.05502237128843069,0.00020617206574654633,0.054816199222684145,0.6465133487933145,1.0
40.0,1,adam,29500,0.1,0.04764021249454257,0.0588842365536931,0.0014524972140406184,0.05743173933965248,0.6331831239374679,1.0
40.0,1,adam,30000,0.1,0.04473911986455646,0.05501289389949041,0.00028047785915972595,0.05473241604033069,0.6469289160671146,1.0
40.0,1,adam,30500,0.1,0.04476656700579376,0.05509753851234366,0.00020704399546207756,0.054890494516881584,0.6460840561506815,1.0
40.0,1,adam,31000,0.1,0.04473122811539181,0.054992823011298174,0.00029940514059289744,0.05469341787070528,0.6471148977370774,1.0
40.0,1,adam,31500,0.1,0.04488106457474745,0.05513499797077236,0.0004643404312987023,0.05467065753947366,0.647234904514998,1.0
40.0,1,adam,32000,0.1,0.04590113389765395,0.05660482632992204,0.0006638905139736582,0.05594093581594838,0.6407132769291368,1.0
40.0,1,adam,32500,0.1,0.04499157879741444,0.055326820607659796,0.000426099975028638,0.054900720632631156,0.6460408645963944,1.0
40.0,1,adam,33000,0.1,0.04644350343761229,0.057408877306267904,0.0007444110681210944,0.05666446623814681,0.6370265518116691,1.0
40.0,1,adam,33500,0.1,0.04460053264071695,0.05480344352323813,0.00027506174512969346,0.05452838177810843,0.647979230261672,1.0
40.0,1,adam,34000,0.1,0.04460035846019919,0.05483986363363239,0.0002080444680379807,0.05463181916559441,0.6474382673322924,1.0
40.0,1,adam,34500,0.1,0.04516241123050254,0.05539345415661563,0.0007878064181983502,0.05460564773841728,0.6475584989749874,1.0
40.0,1,adam,35000,0.1,0.04457913429587563,0.05480229175240085,0.00021426787707820583,0.05458802387532265,0.6476701579813074,1.0
40.0,1,adam,35500,0.1,0.044561773527992316,0.05474958012939019,0.0002586007641645113,0.05449097936522568,0.6481966452548176,1.0
40.0,1,adam,36000,0.1,0.04457570477654038,0.05475338587583855,0.0002942790393890257,0.05445910683644952,0.6483438387389004,1.0
40.0,1,adam,36500,0.1,0.04449070544315288,0.05465475715621018,0.00022947716382638455,0.0544252799923838,0.6485413776569099,1.0
40.0,1,adam,37000,0.1,0.04451316692968256,0.05467005685332881,0.00026922961789879003,0.05440082723543002,0.6486509570610584,1.0
40.0,1,adam,37500,0.1,0.04437409051257901,0.05448192446719333,0.00021507945485599908,0.05426684501233733,0.649405587006809,1.0
40.0,1,adam,38000,0.1,0.044235456667933645,0.05426250546812296,0.0002278049949994551,0.054034700473123504,0.650613961442689,1.0
40.0,1,adam,38500,0.1,0.0446998836718793,0.05488674831216936,0.0003940749197144652,0.05449267339245489,0.6482630457905855,1.0
40.0,1,adam,39000,0.1,0.04419104091030795,0.05415901250859471,0.0002941554051171512,0.053864857103477555,0.6514875574552949,1.0
40.0,1,adam,39500,0.1,0.043948946365059194,0.05380008325986698,0.0002686990022477427,0.05353138425761924,0.6532500100996376,1.0
40.0,1,adam,40000,0.1,0.04399951584658624,0.05389901699548796,0.00022834972953141968,0.05367066726595654,0.6525070481012911,1.0
40.0,1,adam,40500,0.1,0.043896044360868705,0.053734259434164586,0.00024119202841841567,0.05349306740574617,0.653432814873616,1.0
40.0,1,adam,41000,0.1,0.04384693539007232,0.053668959900553835,0.00022292330428671774,0.053446036596267114,0.6536669223574485,1.0
40.0,1,adam,41500,0.1,0.04383293995262022,0.05364619386361902,0.0002249374706629193,0.0534212563929561,0.6537907694184262,1.0
40.0,1,adam,42000,0.1,0.04383657847739451,0.05362240654573431,0.0002788915147731849,0.053343515030961124,0.6542099465270111,1.0
40.0,1,adam,42500,0.1,0.04386015194806258,0.053653280137871975,0.00028828410613834636,0.05336499603173363,0.6541013774302449,1.0
40.0,1,adam,43000,0.1,0.043860577576337996,0.05363514435786885,0.0003252906033091633,0.05330985375455968,0.6543749978048287,1.0
40.0,1,adam,43500,0.1,0.04376245162096129,0.053521412447229064,0.00025562267435556146,0.0532657897728735,0.6546070915009905,1.0
40.0,1,adam,44000,0.1,0.045914937981756936,0.05618296622242069,0.001464502679848032,0.054718463542572655,0.6470182581066348,1.0
40.0,1,adam,44500,0.1,0.04376470941435182,0.053543569290338114,0.00022027644722202844,0.053323292843116085,0.6543062456959163,1.0
40.0,1,adam,45000,0.1,0.043715875873947686,0.05346547236905424,0.00022776662425023347,0.053237705744804006,0.6547529515859404,1.0
40.0,1,adam,45500,0.1,0.04592588703420405,0.05635740385173713,0.0011624320390627284,0.0551949718126744,0.6447103573787344,1.0
40.0,1,adam,46000,0.1,0.04370217072825997,0.053443020824172245,0.00022967372967636274,0.053213347094495884,0.654880289149919,1.0
40.0,1,adam,46500,0.1,0.04392193293731698,0.05371923961143759,0.00034224406167885913,0.05337699554975873,0.6540235935021688,1.0
40.0,1,adam,47000,0.1,0.04370847903055309,0.05342719594995194,0.0002798738301447026,0.05314732211980724,0.6552166295613483,1.0
40.0,1,adam,47500,0.1,0.04424772690768402,0.054077801593708834,0.0006138355282004829,0.05346396606550835,0.6535610448278447,1.0
40.0,1,adam,48000,0.1,0.0437888086535555,0.053570805696962896,0.000236146369980032,0.053334659326982864,0.6542574727729741,1.0
40.0,1,adam,48500,0.1,0.04371725891224933,0.05344467886119166,0.0002708305649290827,0.05317384829626258,0.655091902607159,1.0
40.0,1,adam,49000,0.1,0.04366649134618064,0.05336515036791508,0.00027743813664421745,0.053087712231270866,0.655523871185273,1.0
40.0,1,adam,49500,0.1,0.04365799945239699,0.05337955042032539,0.00022476356487778255,0.05315478685544761,0.6552054588754461,1.0
40.0,1,adam,50000,0.1,0.04382413822633046,0.05357184779002032,0.00034027174929414687,0.053231576040726175,0.6547903531809038,1.0
40.0,1,adam,50500,0.1,0.043925704926451474,0.05374490072849076,0.00029866122971799244,0.053446239498772766,0.6536941690838994,1.0
40.0,1,adam,51000,0.1,0.04392948238408166,0.053702381786195075,0.0004001129215106987,0.05330226886468437,0.6544129214600795,1.0
40.0,1,adam,51500,0.1,0.04444212453299186,0.05430617080130993,0.0007424441607819973,0.05356372664052793,0.6530209447277542,1.0
40.0,1,adam,52000,0.1,0.04369504032649053,0.05343923765244231,0.0002170390620934943,0.05322219859034882,0.6548291824266963,1.0
40.0,1,adam,52500,0.1,0.04416370302727303,0.05406184462596319,0.00038369632293433226,0.053678148303028854,0.6525016278486282,1.0
40.0,1,adam,53000,0.1,0.043785535754330425,0.05346467976055604,0.0004333917665106744,0.05303128799404537,0.6558216781293789,1.0
40.0,1,adam,53500,0.1,0.04403430266972658,0.0539046089422696,0.0003081808155947919,0.05359642812667481,0.6531033455795545,1.0
40.0,1,adam,54000,0.1,0.043614128287848566,0.05330405155740827,0.00023590743638654134,0.05306814412102173,0.65566851522245,1.0
40.0,1,adam,54500,0.1,0.043866268149266106,0.053550689132792054,0.0005062610436871899,0.05304442808910487,0.6557743258187416,1.0
40.0,1,adam,55000,0.1,0.04374095262212918,0.053498374764699895,0.00022572031217880565,0.05327265445252109,0.6546609827064185,1.0
40.0,1,adam,55500,0.1,0.043619570874583444,0.05331075884389706,0.0002391659060833962,0.05307159293781367,0.6556502677283813,1.0
40.0,1,adam,56000,0.1,0.0436369145963716,0.053354648110481226,0.00019801554370899269,0.053156632566772236,0.6552323709051119,1.0
40.0,1,adam,56500,0.1,0.04362231800824164,0.05333869455613876,0.00019860732924748738,0.05314008722689127,0.655255071770936,1.0
40.0,1,adam,57000,0.1,0.04365822739792889,0.05333801394886106,0.0003258929608771073,0.053012120987983954,0.6558008683618743,1.0
40.0,1,adam,57500,0.1,0.04383462519043113,0.0535971910669066,0.0003223834877344457,0.053274807579172155,0.6545680539189588,1.0
40.0,1,adam,58000,0.1,0.04400493180818454,0.05382767460496497,0.000375845749866569,0.0534518288550984,0.653634141325222,1.0
40.0,1,adam,58500,0.1,0.04379381098204448,0.053476390132017056,0.0004512519919378657,0.05302513814007919,0.6557309956215576,1.0
40.0,1,adam,59000,0.1,0.043987307859194684,0.05379242281450954,0.0004037032141746463,0.053388719600334894,0.6538772377059787,1.0
40.0,1,adam,59500,0.1,0.04356224821597786,0.0532517262802072,0.00016663059751288013,0.05308509568269432,0.6556277413027486,1.0
40.0,1,adam,60000,0.1,0.04371671427658911,0.05340799312771798,0.0003538031284016856,0.0530541899993163,0.6556144891720352,1.0
40.0,1,adam,60500,0.1,0.04360250336811397,0.053287766957887735,0.0002236771873224096,0.05306408977056532,0.6556844906995176,1.0
40.0,1,adam,61000,0.1,0.044359457227133955,0.05394227777436416,0.0012441905215017483,0.05269808725286241,0.6573272861031226,1.0
40.0,1,adam,61500,0.1,0.043942601345987736,0.053772865509564935,0.0002293191614188448,0.05354354634814609,0.653498747291189,1.0
40.0,1,adam,62000,0.1,0.043594336571944045,0.05330612127710856,0.000175569922865161,0.053130551354243404,0.6552857725308078,1.0
40.0,1,adam,62500,0.1,0.04347657233565147,0.05310780478451278,0.00022110329932045476,0.052886701485192325,0.6565434069335608,1.0
40.0,1,adam,63000,0.1,0.043546681450066585,0.05321964365611447,0.00021957898522819227,0.05300006467088628,0.6558895193164378,1.0
40.0,1,adam,63500,0.1,0.04382513737315823,0.0535507675219028,0.00044658669755834394,0.053104180824344455,0.6549739015160593,1.0
40.0,1,adam,64000,0.1,0.04343122403065961,0.05311469264164001,0.0001941447192728432,0.05292054792236717,0.6555797261505708,1.0
40.0,1,adam,64500,0.1,0.04403830605811829,0.05393662306388172,0.00042702308938456085,0.05350959997449716,0.6521930213645056,1.0
40.0,1,adam,65000,0.1,0.0433280616240678,0.052972730881801246,0.00019360597637862326,0.05277912490542262,0.6560549103285847,1.0
40.0,1,adam,65500,0.1,0.04351378034439817,0.05321675520587511,0.00025734557151461886,0.052959409634360494,0.6551836790272684,1.0
40.0,1,adam,66000,0.1,0.04369059361510192,0.053319755921401195,0.0005586096042216172,0.052761146317179576,0.6563802993109744,1.0
40.0,1,adam,66500,0.1,0.043322459727313946,0.05296517553079092,0.00019500647527228497,0.05277016905551864,0.656070617777046,1.0
40.0,1,adam,67000,0.1,0.04339367143169497,0.053090966706595,0.00017696831993372692,0.052913998386661276,0.6552083453733948,1.0
40.0,1,adam,67500,0.1,0.04332465594709991,0.05295796912720854,0.0001938393905281232,0.05276412973668042,0.6562807335316605,1.0
40.0,1,adam,68000,0.1,0.04372830541142589,0.05343646670577583,0.0004142190823878693,0.05302224762338796,0.6552365511972718,1.0
40.0,1,adam,68500,0.1,0.04324977129026446,0.05284003298662721,0.00019689712502934362,0.05264313586159787,0.6569166012320775,1.0
40.0,1,adam,69000,0.1,0.04350782999955642,0.05301622417403793,0.0005465459331559822,0.052469678240881945,0.658261389558517,1.0
40.0,1,adam,69500,0.1,0.043143628239180214,0.05262016468626674,0.0002731038348203549,0.052347060851446386,0.6587541588473408,1.0
40.0,1,adam,70000,0.1,0.04316319318072499,0.05268832284386762,0.00020621725506178847,0.05248210558880583,0.6579205835225748,1.0
40.0,1,adam,70500,0.1,0.04354652667163856,0.05310116631301459,0.0005658540992542139,0.05253531221376038,0.6574579747146138,1.0
40.0,1,adam,71000,0.1,0.043473646495583315,0.053141644608890176,0.00021543319897290226,0.052926211409917275,0.6558869646467894,1.0
40.0,1,adam,71500,0.1,0.04349831222203008,0.05319500776814465,0.00022042672067570173,0.052974581047468945,0.6557915841848981,1.0
40.0,1,adam,72000,0.1,0.043447262773423964,0.053089836614553236,0.00032516021470883834,0.0527646763998444,0.6560971548947698,1.0
40.0,1,adam,72500,0.1,0.043373853180656334,0.052982879254108155,0.00033517493905082136,0.05264770431505733,0.6565839060888161,1.0
40.0,1,adam,73000,0.1,0.04340685090397072,0.05305639312786329,0.00029286627016465364,0.05276352685769864,0.6559314707650604,1.0
40.0,1,adam,73500,0.1,0.043202131130106465,0.052781320361229164,0.00022106265607502553,0.052560257705154136,0.6569816535232391,1.0
40.0,1,adam,74000,0.1,0.043277950000799835,0.052918049241799506,0.00019129353665006492,0.05272675570514944,0.6560300195137735,1.0
40.0,1,adam,74500,0.1,0.04342160222602515,0.053003994131279625,0.0004571716869389826,0.05254682244434064,0.656935006921408,1.0
40.0,1,adam,75000,0.1,0.043258346083880225,0.05282255389544593,0.0002994136356593389,0.05252314025978659,0.6572707406049159,1.0
40.0,1,adam,75500,0.1,0.04341784946761886,0.0531085764669707,0.00022263366995018557,0.05288594279702052,0.6552817483876664,1.0
40.0,1,adam,76000,0.1,0.04348765357921995,0.05321581192217559,0.00023771741492726922,0.052978094507248316,0.6546817156806706,1.0
40.0,1,adam,76500,0.1,0.04347827663907199,0.053147535750775,0.0002824369597325326,0.05286509879104247,0.6557271959019597,1.0
40.0,1,adam,77000,0.1,0.04346499640435733,0.05310547137842328,0.0004207739221968174,0.05268469745622646,0.6559987628750045,1.0
40.0,1,adam,77500,0.1,0.04331588846210249,0.05296091029764854,0.0002411335974202132,0.05271977670022832,0.6559025113522194,1.0
40.0,1,adam,78000,0.1,0.04322686114582138,0.05282702261658609,0.00018042571818218642,0.052646596898403904,0.6567480406713092,1.0
40.0,1,adam,78500,0.1,0.043403399802488814,0.053115018534437494,0.00019599347436992297,0.05291902506006757,0.6549907529736744,1.0
40.0,1,adam,79000,0.1,0.04403035027051078,0.054058011062338866,0.00018205855853428745,0.05387595250380458,0.6502553248726493,1.0
40.0,1,adam,79500,0.1,0.04402675328705163,0.05352322901128176,0.0011911752370435582,0.0523320537742382,0.6584438057268635,1.0
40.0,1,adam,80000,0.1,0.044937606153377295,0.05452949933959957,0.0017206764020853793,0.0528088229375142,0.6572382464259016,1.0
40.0,1,adam,80500,0.1,0.0434307443836363,0.05301928600993486,0.00023606297573303914,0.05278322303420182,0.6572079151440167,1.0
40.0,1,adam,81000,0.1,0.04353400106923641,0.05318395119330815,0.0002164473914672167,0.05296750380184093,0.6562702406036438,1.0
40.0,1,adam,81500,0.1,0.04352566578094944,0.053178422966059555,0.00019920549404829255,0.052979217472011265,0.6562274660023801,1.0
40.0,1,adam,82000,0.1,0.04348845693935834,0.05306860013263244,0.00030615566036494427,0.052762444472267495,0.6573340092390367,1.0
40.0,1,adam,82500,0.1,0.043406045447763913,0.0529824098080387,0.00022534845146239367,0.052757061356576304,0.6573966178056908,1.0
40.0,1,adam,83000,0.1,0.04353544660946569,0.0531334478695415,0.00031759368441224375,0.052815854185129255,0.657086589762896,1.0
40.0,1,adam,83500,0.1,0.04396588301277054,0.05363956298733371,0.0006143305397504614,0.05302523244758325,0.6559841608878385,1.0
40.0,1,adam,84000,0.1,0.043432711313878124,0.05303347565169662,0.00020232758822569298,0.052831148063470924,0.6570157860421499,1.0
40.0,1,adam,84500,0.1,0.04340760554562152,0.05295952087919774,0.00027727464583922855,0.05268224623335851,0.6577669318968848,1.0
40.0,1,adam,85000,0.1,0.04344259197907073,0.052989550999761194,0.0003232746725772983,0.052666276327183896,0.6578444834550252,1.0
40.0,1,adam,85500,0.1,0.043446953293115514,0.05304710962335966,0.00022263117181262526,0.05282447845154703,0.6570514208153294,1.0
40.0,1,adam,86000,0.1,0.043438017738232075,0.05306447919121806,0.00015701892367267945,0.05290746026754538,0.6566217914819863,1.0
40.0,1,adam,86500,0.1,0.04345316112137478,0.05303423963752235,0.00025806777590401916,0.05277617186161833,0.6573276227739264,1.0
40.0,1,adam,87000,0.1,0.04354431518899855,0.05313047306005661,0.00035426690178180336,0.05277620615827481,0.6572495501199853,1.0
40.0,1,adam,87500,0.1,0.043449550863131084,0.05304159569170297,0.0002461234057463625,0.05279547228595661,0.6571425103189277,1.0
40.0,1,adam,88000,0.1,0.04369197480984999,0.05326942285121549,0.0005291226641316534,0.05274030018708384,0.657376117590061,1.0
40.0,1,adam,88500,0.1,0.04375764985179554,0.05349972947655627,0.00025138547118203704,0.05324834400537423,0.6548596542531957,1.0
40.0,1,adam,89000,0.1,0.04356173634434777,0.05309351375720765,0.0004747688356913408,0.05261874492151631,0.6581150135962711,1.0
40.0,1,adam,89500,0.1,0.043671099349308885,0.053380005978131036,0.00022641549617583265,0.053153590481955205,0.6553568092339,1.0
40.0,1,adam,90000,0.1,0.043394356139328454,0.05296168097132335,0.00023621966949335458,0.05272546130183,0.6575648458407624,1.0
40.0,1,adam,90500,0.1,0.04353532250140789,0.053203901803280954,0.00017448875742461425,0.05302941304585634,0.6559761435169539,1.0
40.0,1,adam,91000,0.1,0.04345056341933476,0.053046151219468325,0.00023634244156369458,0.05280980877790463,0.6570896576266774,1.0
40.0,1,adam,91500,0.1,0.04339822497379905,0.05297227112353838,0.00022940047943094613,0.05274287064410744,0.6574172309896646,1.0
40.0,1,adam,92000,0.1,0.0442365089133819,0.053989818696032775,0.0007548775712305796,0.0532349411248022,0.6546921344721475,1.0
40.0,1,adam,92500,0.1,0.04342113735577484,0.05299423789610774,0.0002509676572020176,0.05274327023890572,0.657433938979052,1.0
40.0,1,adam,93000,0.1,0.043443044225901506,0.0530705265972365,0.0001644956629089695,0.05290603093432753,0.6565857743560929,1.0
40.0,1,adam,93500,0.1,0.04335838227245819,0.05293035066770653,0.00018872352477797562,0.05274162714292856,0.6574541016788015,1.0
40.0,1,adam,94000,0.1,0.04378587528734989,0.053399005549124696,0.0005631446909281402,0.052835860858196554,0.6568932870653547,1.0
40.0,1,adam,94500,0.1,0.0433944307359257,0.052955925006223634,0.00024860211421041554,0.05270732289201322,0.6576135260419359,1.0
40.0,1,adam,95000,0.1,0.04338640951927765,0.052917910930222266,0.00029465284100081777,0.05262325808922145,0.6580685897188145,1.0
40.0,1,adam,95500,0.1,0.04342092255536804,0.053032347917813825,0.0001751999613928057,0.05285714795642102,0.6568549423193043,1.0
40.0,1,adam,96000,0.1,0.04367193207089948,0.05339276611612085,0.00021797675985460934,0.05317478935626624,0.6551758642541927,1.0
40.0,1,adam,96500,0.1,0.043902530801801405,0.05363246374649497,0.0004735452289588053,0.053158918517536166,0.6550504758078058,1.0
40.0,1,adam,97000,0.1,0.043483912774509116,0.05303586665873513,0.00030486330971336324,0.05273100334902177,0.6577936153120056,1.0
40.0,1,adam,97500,0.1,0.043478451760421366,0.05305478094253291,0.0002761771559230951,0.05277860378660981,0.6574268815319563,1.0
40.0,1,adam,98000,0.1,0.043484500729230144,0.053108727392123155,0.00020372625313545297,0.0529050011389877,0.6566728872485954,1.0
40.0,1,adam,98500,0.1,0.043587723055745695,0.05326125202298239,0.00021379829249979393,0.05304745373048259,0.655982812385352,1.0
40.0,1,adam,99000,0.1,0.043753003859808334,0.05349191452055594,0.00024664795737591293,0.05324526656318003,0.6549280954878436,1.0
40.0,1,adam,99500,0.1,0.043540340860364055,0.05318347821487318,0.00021285875977097827,0.0529706194551022,0.6563898548607101,1.0
40.0,1,adam,100000,0.1,0.04349990560458679,0.05304367275689018,0.0003777548451500886,0.05266591791174009,0.6579038446801938,1.0
40.0,1,adam,100500,0.1,0.04374181245478272,0.053325339301521446,0.0005489751112581726,0.05277636419026328,0.6572969281370193,1.0
40.0,1,adam,101000,0.1,0.04336337042561813,0.05290295289385267,0.00024379717411075885,0.05265915571974191,0.6579658307988417,1.0
40.0,1,adam,101500,0.1,0.04341133329788687,0.0529565373413964,0.00029563993340632944,0.05266089740799007,0.6579447568715684,1.0
40.0,1,adam,102000,0.1,0.04352445700323706,0.05307440401612088,0.0004267699405256586,0.05264763407559522,0.6578089493957827,1.0
40.0,1,adam,102500,0.1,0.04340006433484245,0.05296780656403606,0.0002437037033467592,0.0527241028606893,0.6575486857066005,1.0
40.0,1,adam,103000,0.1,0.04336518129289265,0.05288731281770998,0.00028368785080636256,0.05260362496690362,0.6582366443652836,1.0
40.0,1,adam,103500,0.1,0.04334122484641619,0.05287712102002015,0.00024160418907478797,0.05263551683094536,0.6580232528535639,1.0
40.0,1,adam,104000,0.1,0.04346142221119723,0.05304574277798495,0.0002791599564090707,0.052766582821575876,0.6572769842591936,1.0
40.0,1,adam,104500,0.1,0.04396210759361619,0.05355923338871708,0.0007658600849173437,0.05279337330379973,0.6571922998577985,1.0
40.0,1,adam,105000,0.1,0.04336263702406221,0.05291152422542746,0.00023201702379676038,0.052679507201630706,0.6578834786757327,1.0
40.0,1,adam,105500,0.1,0.04339060634485049,0.05297475533001529,0.0002384330325357417,0.05273632229747955,0.6572888399519732,1.0
40.0,1,adam,106000,0.1,0.04346890587839888,0.05305689523779454,0.00028744707103457105,0.05276944816675997,0.6572068539788406,1.0
40.0,1,adam,106500,0.1,0.0433407958766654,0.05289358572455795,0.0002198844778920964,0.05267370124666585,0.6577693010800386,1.0
40.0,1,adam,107000,0.1,0.04340379780575454,0.052993016017459274,0.00020956725107511517,0.05278344876638416,0.6572304659477678,1.0
40.0,1,adam,107500,0.1,0.04344679662646376,0.052998048682990455,0.00032686991952679003,0.052671178763463666,0.6578393486439971,1.0
40.0,1,adam,108000,0.1,0.04355120439219374,0.053207371170407705,0.00022430540507394802,0.05298306576533376,0.656182601046358,1.0
40.0,1,adam,108500,0.1,0.04360123683532287,0.05327142355641596,0.00025652570692256504,0.0530148978494934,0.6559616812105493,1.0
40.0,1,adam,109000,0.1,0.043367098614348704,0.05293086536359512,0.00022105023793826152,0.05270981512565686,0.6576232976638186,1.0
40.0,1,adam,109500,0.1,0.043401751833085186,0.05295523748592537,0.00027991829827208237,0.05267531918765329,0.6577564910720279,1.0
40.0,1,adam,110000,0.1,0.04344273533548282,0.053043461225667075,0.0002209840275642874,0.05282247719810279,0.6570252164651891,1.0
40.0,1,adam,110500,0.1,0.04354812074319845,0.053206282959275895,0.00022585394015141132,0.05298042901912448,0.6561380342005364,1.0
40.0,1,adam,111000,0.1,0.04340975777718054,0.05300014362034791,0.00020459693778689553,0.05279554668256101,0.6571989997500399,1.0
40.0,1,adam,111500,0.1,0.04344238244073793,0.05298631053811288,0.00032572174964777317,0.05266058878846511,0.6579287774811019,1.0
40.0,1,adam,112000,0.1,0.043532000539823305,0.053086177051222774,0.00040433529304359603,0.05268184175817918,0.6578752482157972,1.0
40.0,1,adam,112500,0.1,0.04332726534143519,0.0528375588089236,0.00027483323282614697,0.05256272557609745,0.6584163209700268,1.0
40.0,1,adam,113000,0.1,0.04378742103351879,0.05353831643882147,0.00025614750995320946,0.05328216892886826,0.6547355087457695,1.0
40.0,1,adam,113500,0.1,0.04334882089802665,0.05289703729231548,0.0002226311464698125,0.05267440614584567,0.6579449064255147,1.0
40.0,1,adam,114000,0.1,0.04360681995993684,0.05318338484227384,0.0004392380393109112,0.05274414680296293,0.6574232977992844,1.0
40.0,1,adam,114500,0.1,0.043318804516910815,0.052847104939487674,0.00022828037312664926,0.05261882456636102,0.658149595146862,1.0
40.0,1,adam,115000,0.1,0.04336669027316203,0.05294246090526421,0.0001861292867179379,0.052756331618546266,0.6574326132254064,1.0
40.0,1,adam,115500,0.1,0.04334595464265936,0.05291430310359272,0.00017695597606723172,0.05273734712752549,0.6575198886322176,1.0
40.0,1,adam,116000,0.1,0.0433565628433642,0.05289460318314603,0.00025143108423932687,0.052643172098906704,0.6581488020091054,1.0
40.0,1,adam,116500,0.1,0.04333581636031687,0.05284339405607959,0.00029107693506058585,0.052552317121019,0.6585230175221439,1.0
40.0,1,adam,117000,0.1,0.043597829883743826,0.053280157034627317,0.00020013701038079838,0.05308002002424652,0.6557901443028026,1.0
40.0,1,adam,117500,0.1,0.043532775865115794,0.05319509397958383,0.00015940499961090494,0.05303568897997293,0.65608342467556,1.0
40.0,1,adam,118000,0.1,0.043402459571819096,0.05299289213200472,0.00018603168296946047,0.05280686044903526,0.6571845241053952,1.0
40.0,1,adam,118500,0.1,0.04347631950131689,0.05309725036195107,0.00018756608327807068,0.052909684278673,0.6567111495458595,1.0
40.0,1,adam,119000,0.1,0.04335692290808538,0.05292082766124725,0.00018339552745722204,0.05273743213379003,0.6575911376784167,1.0
40.0,1,adam,119500,0.1,0.04359440131668671,0.05327490208078592,0.00020478009244479135,0.05307012198834113,0.6558011100116704,1.0
40.0,1,adam,120000,0.1,0.04346306969865131,0.053081858494071654,0.0001808031858326681,0.052901055308238985,0.6567499755195815,1.0
40.0,1,adam,120500,0.1,0.04450938188274364,0.05460111908263199,0.0002977994541300562,0.054303319628501934,0.6496188522754432,1.0
40.0,1,adam,121000,0.1,0.043319531134948464,0.052850839957835155,0.00022263339104430663,0.05262820656679085,0.6580871938845316,1.0
40.0,1,adam,121500,0.1,0.04341638352610275,0.05299172512709042,0.0002146519539105532,0.05277707317317987,0.6574295515036702,1.0
40.0,1,adam,122000,0.1,0.04334480253816844,0.0528776309393743,0.00024637793683102946,0.052631253002543274,0.6580955247073035,1.0
40.0,1,adam,122500,0.1,0.04335681294700586,0.05290564055402525,0.00022755561685643426,0.05267808493716882,0.6578813382854979,1.0
40.0,1,adam,123000,0.1,0.0434639003445951,0.053073922803651134,0.0002162386227229376,0.0528576841809282,0.6569178201624933,1.0
40.0,1,adam,123500,0.1,0.043376248735297426,0.05294288535396102,0.00021463169308498644,0.05272825366087604,0.6575843908352225,1.0
40.0,1,adam,124000,0.1,0.04361826460444498,0.05329724481749942,0.00023934473018531873,0.053057900087314105,0.6558203997674608,1.0
40.0,1,adam,124500,0.1,0.04341471088032966,0.05300462240666092,0.0002084805583887855,0.05279614184827214,0.6571963537182893,1.0
40.0,1,adam,125000,0.1,0.04359216385264729,0.05325877841916306,0.0002369097056852785,0.05302186871347778,0.656009218499507,1.0
40.0,1,adam,125500,0.1,0.0434886595197247,0.053135683714993505,0.00018138055103574587,0.05295430316395776,0.6563383761350431,1.0
40.0,1,adam,126000,0.1,0.04343052094817818,0.05302547901295822,0.00021072970445904686,0.05281474930849917,0.6571017767451031,1.0
40.0,1,adam,126500,0.1,0.04416152519107565,0.05396501430636639,0.0005622166074865122,0.05340279769887988,0.6539624866037407,1.0
40.0,1,adam,127000,0.1,0.04339926872668249,0.05290528984989781,0.0003635198948397278,0.05254176995505808,0.6584979711471117,1.0
40.0,1,adam,127500,0.1,0.04335952836706568,0.05288304443574808,0.0002839156905135429,0.052599128745234536,0.6582219765064804,1.0
40.0,1,adam,128000,0.1,0.04344485053265359,0.05304530036823305,0.00021827257328456756,0.05282702779494849,0.6570746666839686,1.0
40.0,1,adam,128500,0.1,0.04334244780236946,0.05288613084927401,0.00022598922972227908,0.05266014161955173,0.6579030712740175,1.0
40.0,1,adam,129000,0.1,0.0432816560639869,0.052817432893203516,0.00018206064816496577,0.05263537224503855,0.6580141889646838,1.0
40.0,1,adam,129500,0.1,0.043638169561140215,0.05329363827172986,0.0003155613420629406,0.05297807692966692,0.6561919623175346,1.0
40.0,1,adam,130000,0.1,0.04337185451129347,0.05293452008207277,0.00021842982267204547,0.05271609025940072,0.6576142285944091,1.0
40.0,1,adam,130500,0.1,0.04386272604215724,0.05366159134809165,0.00024841338859746146,0.053413177959494185,0.6540136454907365,1.0
40.0,1,adam,131000,0.1,0.04338177167196344,0.052948761397868714,0.0002183349022457063,0.052730426495623005,0.6575539330418014,1.0
40.0,1,adam,131500,0.1,0.043330387904132815,0.052856635885392605,0.0002500850356845877,0.05260655084970802,0.6581531084267707,1.0
40.0,1,adam,132000,0.1,0.04330920091272323,0.05283601021252535,0.0002379726656061304,0.05259803754691922,0.6581662656927452,1.0
40.0,1,adam,132500,0.1,0.043442745045654284,0.05300614067948708,0.0002844051103853393,0.05272173556910174,0.6576011141911451,1.0
40.0,1,adam,133000,0.1,0.04333112322789824,0.05285304332755044,0.00024569071567723944,0.0526073526118732,0.6582590893099812,1.0
40.0,1,adam,133500,0.1,0.043327047240701036,0.052865031433147004,0.00022176417006866602,0.05264326726307834,0.6579956573718104,1.0
40.0,1,adam,134000,0.1,0.043440409570418746,0.052962518781782014,0.0003707893640860892,0.05259172941769592,0.6582346835132318,1.0
40.0,1,adam,134500,0.1,0.04348687208356143,0.05313594577594781,0.000190977017203203,0.052944968758744604,0.6563033943260023,1.0
40.0,1,adam,135000,0.1,0.04372245276121362,0.053266798210615675,0.0006108033981265053,0.05265599481248917,0.6578983614707979,1.0
40.0,1,adam,135500,0.1,0.04330015082957528,0.052813286755270285,0.00023486924780924244,0.05257841750746104,0.6584049679341871,1.0
40.0,1,adam,136000,0.1,0.043349440154773364,0.05284856036423399,0.0003070716422060786,0.052541488722027914,0.6587258696558129,1.0
40.0,1,adam,136500,0.1,0.04335552275507803,0.05291808470236654,0.0001789057839438278,0.05273917891842271,0.6576100094746579,1.0
40.0,1,adam,137000,0.1,0.043292677594720934,0.052792658137159505,0.00024195675847260166,0.052550701378686906,0.658582112095866,1.0
40.0,1,adam,137500,0.1,0.04326612721286243,0.052772470141978,0.00023580497564194803,0.05253666516633605,0.6585599307436673,1.0
40.0,1,adam,138000,0.1,0.043331358813409736,0.052876672236423596,0.00019753443680221874,0.05267913779962138,0.6578939203794008,1.0
40.0,1,adam,138500,0.1,0.04375541216864543,0.053465804730248194,0.0003277948901351108,0.05313800984011308,0.6553611555749351,1.0
40.0,1,adam,139000,0.1,0.045674789049608006,0.05611551216734353,0.0005902358999618519,0.05552527626738168,0.6444688775745595,1.0
40.0,1,adam,139500,0.1,0.043334387660908046,0.05292618495981344,0.00023099467195663464,0.052695190287856804,0.6571476360793501,1.0
40.0,1,adam,140000,0.1,0.04345851558664965,0.05309681903013585,0.0002224701694057698,0.05287434886073008,0.6564658459666425,1.0
40.0,1,adam,140500,0.1,0.04340837204998166,0.05297396040369009,0.00029229787420078566,0.052681662529489304,0.6575750319366002,1.0
40.0,1,adam,141000,0.1,0.043419261103318944,0.05302239210447856,0.00022577439026440013,0.05279661771421416,0.6569991886934448,1.0
40.0,1,adam,141500,0.1,0.04346005532556525,0.05302220194234044,0.0003381948277259666,0.052684007114614476,0.6576287397082502,1.0
40.0,1,adam,142000,0.1,0.04340508031745437,0.052930376437634825,0.0003505769305228156,0.05257979950711201,0.6581883428159492,1.0
40.0,1,adam,142500,0.1,0.04338595911585983,0.05296971284419925,0.00021214997434596499,0.05275756286985328,0.6572805790110898,1.0
40.0,1,adam,143000,0.1,0.04387313403424576,0.05352967111466305,0.000561973405632678,0.05296769770903037,0.6561767666680048,1.0
40.0,1,adam,143500,0.1,0.04392318273135642,0.05371076432184414,0.0003569910229120902,0.05335377329893205,0.6541881838267838,1.0
40.0,1,adam,144000,0.1,0.04333011633737496,0.05288674555000417,0.0002017225311327244,0.05268502301887145,0.6577888051524138,1.0
40.0,1,adam,144500,0.1,0.04348352594979851,0.053114109044833185,0.00021449841227536202,0.052899610632557825,0.6565616214142025,1.0
40.0,1,adam,145000,0.1,0.04332470338321716,0.05287326846968187,0.0002072140102389713,0.0526660544594429,0.65785128004294,1.0
40.0,1,adam,145500,0.1,0.043393952634085346,0.05289133911082681,0.00038306078862078847,0.05250827832220602,0.6586207101369461,1.0
40.0,1,adam,146000,0.1,0.043332617495675824,0.05285508166725363,0.00026455109835720717,0.052590530568896426,0.6582373775739541,1.0
40.0,1,adam,146500,0.1,0.043274879859578695,0.052797200682103536,0.00021021358083735597,0.05258698710126618,0.6582291587459622,1.0
40.0,1,adam,147000,0.1,0.04327587420215963,0.052783951914684706,0.00023457684455570888,0.052549375070128995,0.6584845303893875,1.0
40.0,1,adam,147500,0.1,0.04339445033437101,0.052979556919330234,0.00020299528755394523,0.05277656163177629,0.65726710107598,1.0
40.0,1,adam,148000,0.1,0.04345763273559844,0.05306789845228576,0.00021597597026516203,0.0528519224820206,0.6568984403309813,1.0
40.0,1,adam,148500,0.1,0.0432850497707285,0.0527669096877254,0.00030060203585160236,0.052466307651873795,0.6588603169584597,1.0
40.0,1,adam,149000,0.1,0.043301031239982114,0.052787279315399324,0.00030341174093725167,0.05248386757446207,0.6587922689420092,1.0
40.0,1,adam,149500,0.1,0.043410533665639274,0.05299723745294677,0.00021488943125463645,0.052782348021692134,0.6572794755375199,1.0
40.0,1,adam,150000,0.1,0.04324836772661782,0.05274390634980448,0.00023373751064703044,0.05251016883915745,0.6586361758304465,1.0
40.0,1,adam,150500,0.1,0.043434674718747325,0.05302030218717725,0.00023598767111433712,0.05278431451606291,0.6573064709823798,1.0
40.0,1,adam,151000,0.1,0.04329225806103261,0.0527857554254915,0.0002776694334831945,0.052508085992008305,0.6586822337325795,1.0
40.0,1,adam,151500,0.1,0.04349613261748813,0.05301181451331732,0.00044006787905284894,0.05257174663426447,0.6583894309432113,1.0
40.0,1,adam,152000,0.1,0.0432606251633255,0.05277160218453535,0.00021058291733087127,0.05256101926720448,0.6584176895475881,1.0
40.0,1,adam,152500,0.1,0.0433087615740511,0.05279348290611609,0.0003132148918154363,0.052480268014300654,0.6588108225823324,1.0
40.0,1,adam,153000,0.1,0.043302060097643605,0.052826677385151705,0.0002334500510024301,0.05259322733414928,0.6582058655206408,1.0
40.0,1,adam,153500,0.1,0.0434669018008243,0.05308047239534133,0.00021770663607618905,0.05286276575926514,0.656853169951285,1.0
40.0,1,adam,154000,0.1,0.043440383952876395,0.05304239340691579,0.00022243914854564394,0.05281995425837015,0.6570312777138578,1.0
40.0,1,adam,154500,0.1,0.043433068221729314,0.05298210842251752,0.0003144272113638946,0.05266768121115362,0.6578099590633503,1.0
40.0,1,adam,155000,0.1,0.04327885565512793,0.05279816234075681,0.0002140522060859475,0.05258411013467086,0.658280034647854,1.0
40.0,1,adam,155500,0.1,0.04363353235842168,0.05322924873228858,0.00042368372861810346,0.05280556500367047,0.6571100540468912,1.0
40.0,1,adam,156000,0.1,0.043454700828684245,0.05301631536029501,0.0003120223898611314,0.05270429297043388,0.6576462568820924,1.0
40.0,1,adam,156500,0.1,0.04321529740598964,0.05268821528767216,0.0002352240411133638,0.0524529912465588,0.6589940244323579,1.0
40.0,1,adam,157000,0.1,0.04347935401851147,0.05309853418299703,0.00022186510192268093,0.05287666908107435,0.6567706050810417,1.0
40.0,1,adam,157500,0.1,0.043426285311354305,0.05302143234817226,0.00021218726575398378,0.05280924508241828,0.6571124894375852,1.0
40.0,1,adam,158000,0.1,0.043415282871515554,0.05299713441443218,0.00022956648045317464,0.052767567933979,0.6573131204019651,1.0
40.0,1,adam,158500,0.1,0.04333812170826553,0.052879794685944614,0.00023630632537800046,0.05264348836056661,0.6579315741769032,1.0
40.0,1,adam,159000,0.1,0.043388950700422056,0.052959998535998865,0.00022233572536947606,0.05273766281062939,0.6575263595123553,1.0
40.0,1,adam,159500,0.1,0.04331463393841146,0.052850069974687636,0.0002131610605290817,0.05263690891415855,0.6580328190868872,1.0
40.0,1,adam,160000,0.1,0.04324584549681245,0.052735646285824625,0.00023562623950281858,0.05250002004632181,0.658913835048795,1.0
40.0,1,adam,160500,0.1,0.04327466440957073,0.052794020496286426,0.00020280302633929076,0.05259121746994713,0.6582789906121749,1.0
40.0,1,adam,161000,0.1,0.043187710994408095,0.05264151761350771,0.00024311841560455084,0.05239839919790316,0.6593041324887239,1.0
40.0,1,adam,161500,0.1,0.043171975341955875,0.05262632997329499,0.0002260877227211763,0.05240024225057382,0.6592953814771713,1.0
40.0,1,adam,162000,0.1,0.04325831187750187,0.05276599668653823,0.00021191071455806492,0.05255408597198016,0.6584649910278623,1.0
40.0,1,adam,162500,0.1,0.04319194712143991,0.05265732015580483,0.00022564429619795543,0.052431675859606876,0.6591077428822449,1.0
40.0,1,adam,163000,0.1,0.04330413507869337,0.05277839139445515,0.0003267125224557384,0.05245167887199941,0.6589878963007164,1.0
40.0,1,adam,163500,0.1,0.04319496517712729,0.05265704387936444,0.0002418487879543879,0.05241519509141006,0.6591939576218112,1.0
40.0,1,adam,164000,0.1,0.04316290991296681,0.05260690613004029,0.00023266532449407311,0.05237424080554622,0.6594384165290313,1.0
40.0,1,adam,164500,0.1,0.04335788387617969,0.05291549884882063,0.00021059691293600505,0.052704901935884625,0.6576835012950527,1.0
40.0,1,adam,165000,0.1,0.043208237148442276,0.052653729023407585,0.00028297647200371817,0.05237075255140387,0.6594262722473218,1.0
40.0,1,adam,165500,0.1,0.0432566688803461,0.05275442588409421,0.00021674015865205237,0.05253768572544216,0.6586428239460025,1.0
40.0,1,adam,166000,0.1,0.04316638782238479,0.05259222092174512,0.0002728072974733827,0.052319413624271734,0.6597272101996916,1.0
40.0,1,adam,166500,0.1,0.043219448787899704,0.05270033519439341,0.00021237648663703285,0.05248795870775638,0.658868305370583,1.0
40.0,1,adam,167000,0.1,0.04325915912009294,0.05268683258090906,0.0003646545196237987,0.05232217806128526,0.6596913310771035,1.0
40.0,1,adam,167500,0.1,0.04323708619805993,0.05270073931882013,0.00026935822226128515,0.05243138109655885,0.6591442973593782,1.0
40.0,1,adam,168000,0.1,0.04317180158246129,0.05262922459213911,0.00021367107170033495,0.05241555352043878,0.6592233976028944,1.0
40.0,1,adam,168500,0.1,0.04315123446960928,0.05258713954106052,0.00024135445420416283,0.05234578508685636,0.6595603877342288,1.0
40.0,1,adam,169000,0.1,0.043177528753800945,0.052623064215869146,0.0002597612823210163,0.05236330293354813,0.6593981205456687,1.0
40.0,1,adam,169500,0.1,0.043164073704059676,0.05262171471961472,0.000211811617393121,0.0524099031022216,0.6592127199226133,1.0
40.0,1,adam,170000,0.1,0.04329794425854013,0.052799758419285775,0.00027623260671734635,0.05252352581256843,0.6585336176499114,1.0
40.0,1,adam,170500,0.1,0.0432681068724557,0.052743390697102925,0.0002867874112863803,0.05245660328581654,0.6589579723049683,1.0
40.0,1,adam,171000,0.1,0.04315622408049382,0.05260695481595265,0.00023508624484905425,0.0523718685711036,0.6593334516420465,1.0
40.0,1,adam,171500,0.1,0.04323630036808065,0.052687907467518044,0.0003079926738946666,0.052379914793623375,0.6594416808113935,1.0
40.0,1,adam,172000,0.1,0.043207517517802045,0.05269701286821898,0.00019659866526022435,0.052500414202958756,0.6588967881088912,1.0
40.0,1,adam,172500,0.1,0.04311861117075338,0.052542768620371896,0.00021860874033788658,0.05232415988003401,0.6597300027365113,1.0
40.0,1,adam,173000,0.1,0.04310871767301594,0.05252998691708836,0.0002265984032564164,0.05230338851383194,0.659750314535258,1.0
40.0,1,adam,173500,0.1,0.0431274173047325,0.05256664378307738,0.00020530013052758646,0.05236134365254979,0.6594796722796522,1.0
40.0,1,adam,174000,0.1,0.043246637291968655,0.05273962500203025,0.00020516522950450277,0.05253445977252574,0.6586448241991941,1.0
40.0,1,adam,174500,0.1,0.04334815203950894,0.052878114540912076,0.00022656702794923272,0.052651547512962846,0.6580802792239958,1.0
40.0,1,adam,175000,0.1,0.04314048733482893,0.052546471598831586,0.00029877638869902696,0.05224769521013256,0.6599970891644986,1.0
40.0,1,adam,175500,0.1,0.043222162724552295,0.052669123510876444,0.0003213035549814111,0.052347819955895034,0.6593675194380981,1.0
40.0,1,adam,176000,0.1,0.04318191008345879,0.0526556886857304,0.00019120626567734864,0.052464482420053055,0.658936653852017,1.0
40.0,1,adam,176500,0.1,0.0431122009304478,0.052552530915082045,0.000198049512527616,0.05235448140255443,0.6594529792723104,1.0
40.0,1,adam,177000,0.1,0.04309883365963101,0.052515853325137724,0.0002799064585576703,0.052235946866580056,0.6598077534659945,1.0
40.0,1,adam,177500,0.1,0.043337640675117625,0.052901435829794306,0.00020803975129500516,0.0526933960784993,0.6575401815284937,1.0
40.0,1,adam,178000,0.1,0.04309771227228802,0.052539362926359245,0.0001647052423855723,0.052374657683973674,0.6594167589574088,1.0
40.0,1,adam,178500,0.1,0.04320042819575054,0.05266823020199739,0.00018093234455237897,0.052487297857445006,0.6590264108056046,1.0
40.0,1,adam,179000,0.1,0.04307270248701381,0.052388027564309284,0.00040793623324552486,0.05198009133106376,0.6613994751453465,1.0
40.0,1,adam,179500,0.1,0.043056298513148135,0.052455435423723336,0.0003107318278715653,0.05214470359585177,0.6601056860113486,1.0
40.0,1,adam,180000,0.1,0.042998269332387686,0.05237510284066986,0.0001932079650830881,0.05218189487558677,0.6604345487177826,1.0
40.0,1,adam,180500,0.1,0.04302632413072763,0.052452479974062965,0.00023276485074717897,0.05221971512331579,0.6596620338872994,1.0
40.0,1,adam,181000,0.1,0.04307390953839413,0.05251255821224025,0.0002267186080802309,0.052285839604160014,0.6594737507561146,1.0
40.0,1,adam,181500,0.1,0.043035388770338655,0.052453817599540306,0.00022854271314787464,0.052225274886392434,0.6597780212324602,1.0
40.0,1,adam,182000,0.1,0.04320087786543906,0.052700905184406746,0.00021168780246990295,0.05248921738193684,0.658516192116739,1.0
40.0,1,adam,182500,0.1,0.04302388139374424,0.05240468181377693,0.0002574174554210287,0.0521472643583559,0.6603663237553327,1.0
40.0,1,adam,183000,0.1,0.043122992311275775,0.05251520301904484,0.0003265143407306421,0.05218868867831419,0.6601930749369561,1.0
40.0,1,adam,183500,0.1,0.04295803439413443,0.05230360648546772,0.000247352394130912,0.0520562540913368,0.6609144471871132,1.0
40.0,1,adam,184000,0.1,0.04292377221674757,0.052260883444387805,0.00022338551636732674,0.05203749792802048,0.6610395959932194,1.0
40.0,1,adam,184500,0.1,0.042895393397016514,0.05222007870458026,0.0002275516206082824,0.05199252708397198,0.661246902591815,1.0
40.0,1,adam,185000,0.1,0.04320225106569455,0.0526706868201709,0.00024363729036625166,0.05242704952980465,0.6590138211097428,1.0
40.0,1,adam,185500,0.1,0.042745016102077454,0.05198343506296328,0.00024415972898199237,0.05173927533398129,0.6626198616185849,1.0
40.0,1,adam,186000,0.1,0.04249101544537253,0.05159330328588083,0.00021608390705026782,0.051377219378830566,0.6648082876617749,1.0
40.0,1,adam,186500,0.1,0.042712055061358514,0.05179998929515496,0.0005244819125615338,0.05127550738259343,0.6650254135753434,1.0
40.0,1,adam,187000,0.1,0.04241093750181405,0.05149428410742773,0.00023454404413533885,0.05125974006329239,0.6650886916749252,1.0
40.0,1,adam,187500,0.1,0.04308176172183847,0.05234467931891316,0.0006273950544897726,0.05171728426442339,0.6622231214994715,1.0
40.0,1,adam,188000,0.1,0.0423799799499787,0.05145966136785296,0.00022365041738158702,0.051236010950471374,0.6651221755401348,1.0
40.0,1,adam,188500,0.1,0.04260188507524105,0.05173680415748268,0.000319274415790939,0.05141752974169174,0.6642461225226283,1.0
40.0,1,adam,189000,0.1,0.0424688438847503,0.0515305018482586,0.00031427623728540557,0.05121622561097319,0.665382846350257,1.0
40.0,1,adam,189500,0.1,0.0423174987182852,0.051384853108524205,0.0002338489328471237,0.051151004175677084,0.6652957638564899,1.0
40.0,1,adam,190000,0.1,0.04234611698965714,0.05141750285211853,0.0002182701727127861,0.051199232679405744,0.6652357241890369,1.0
40.0,1,adam,190500,0.1,0.04249154971049641,0.05162450494919799,0.0002189084579294712,0.051405596491268524,0.6642737885166612,1.0
40.0,1,adam,191000,0.1,0.042299052423954146,0.051330933486228345,0.00021887417815594947,0.051112059308072395,0.6658625105042913,1.0
40.0,1,adam,191500,0.1,0.04234202666255286,0.05139606197224835,0.00021443795153422657,0.05118162402071413,0.6655794492249659,1.0
40.0,1,adam,192000,0.1,0.04233578086969119,0.0513498896762325,0.0002869786843329958,0.05106291099189951,0.666155329238757,1.0
40.0,1,adam,192500,0.1,0.04254196177622299,0.051593453638946886,0.0004091259811023849,0.0511843276578445,0.6655781879180167,1.0
40.0,1,adam,193000,0.1,0.04243910394489551,0.05153569315556865,0.00020658223877481776,0.05132911091679383,0.664889418779204,1.0
40.0,1,adam,193500,0.1,0.04225098448595736,0.051241747746826376,0.00020329816738671712,0.051038449579439656,0.6665512821358258,1.0
40.0,1,adam,194000,0.1,0.04230767736709094,0.051363613662310695,0.00023304224699667957,0.05113057141531401,0.6654960540312557,1.0
40.0,1,adam,194500,0.1,0.04232694513092856,0.05138696419120776,0.00021783711636750512,0.051169127074840254,0.6654203228722896,1.0
40.0,1,adam,195000,0.1,0.04246510409190335,0.051579701151368285,0.00022835789636847277,0.051351343254999814,0.664552468390535,1.0
40.0,1,adam,195500,0.1,0.04229307316931739,0.05129829650406328,0.00026650924827134804,0.05103178725579193,0.6663303827441396,1.0
40.0,1,adam,196000,0.1,0.04225788387801904,0.05124389596179149,0.0002599349892096573,0.050983960972581836,0.6666101820591267,1.0
40.0,1,adam,196500,0.1,0.04230570600220367,0.051304227905672184,0.00027737738848050757,0.05102685051719168,0.66643402209871,1.0
40.0,1,adam,197000,0.1,0.04229707727910557,0.05132293146887756,0.00020477945268366043,0.051118152016193893,0.6659789605589796,1.0
40.0,1,adam,197500,0.1,0.042450011886706725,0.05156149796990151,0.00023429683221922015,0.05132720113768229,0.6646593189149342,1.0
40.0,1,adam,198000,0.1,0.0423326644464268,0.05135832222009183,0.00024675457287852697,0.05111156764721331,0.6660405996909281,1.0
40.0,1,adam,198500,0.1,0.042424154462697795,0.05149808210640638,0.00023864512903698927,0.051259436977369385,0.6652634664245326,1.0
40.0,1,adam,199000,0.1,0.042570243560747095,0.05165661254747217,0.00036421654331015603,0.051292396004162015,0.6651007197190758,1.0
40.0,1,adam,199500,0.1,0.042289379559711765,0.05126970081258247,0.0002890185158304821,0.050980682296751983,0.6667592549092174,1.0
40.0,1,adam,200000,0.1,0.04232206654402136,0.05132183032009742,0.00028079977495799175,0.05104103054513943,0.6665245257532532,1.0
40.0,1,adam,200500,0.1,0.04223706399720269,0.05121826532188659,0.00023370007324972875,0.050984565248636864,0.666755738034737,1.0
40.0,1,adam,201000,0.1,0.04225068137131614,0.05122811124533094,0.00025772395261810073,0.05097038729271284,0.6668046250209569,1.0
40.0,1,adam,201500,0.1,0.04222085197174724,0.05118759301599248,0.0002396125349983896,0.05094798048099409,0.6670359479202342,1.0
40.0,1,adam,202000,0.1,0.04228170073494166,0.051244933121954876,0.00031402698575961463,0.05093090613619526,0.6670216261513405,1.0
40.0,1,adam,202500,0.1,0.04217940613714176,0.05112125703122328,0.00025134182313881387,0.05086991520808446,0.6673827226106313,1.0
40.0,1,adam,203000,0.1,0.042342942270111684,0.05137660366266721,0.00023036199607305975,0.05114624166659415,0.6659304354818224,1.0
40.0,1,adam,203500,0.1,0.042352628402648564,0.05139352801797247,0.00023277836288957825,0.051160749655082896,0.665860145846621,1.0
40.0,1,adam,204000,0.1,0.04243378745202169,0.05150680418361238,0.00026216001423458687,0.05124464416937779,0.6652916090929094,1.0
40.0,1,adam,204500,0.1,0.042232905307098015,0.05120994027450489,0.00023122571797269827,0.0509787145565322,0.6668546638532957,1.0
40.0,1,adam,205000,0.1,0.04228162190602562,0.0512899732429213,0.00022297957974089312,0.051066993663180404,0.6663100118063199,1.0
40.0,1,adam,205500,0.1,0.04222062523194861,0.051184152751603304,0.00025161961241579366,0.05093253313918751,0.6670670853755261,1.0
40.0,1,adam,206000,0.1,0.042562841579509604,0.05160755088962569,0.0004303989562661515,0.05117715193335954,0.6657479508734032,1.0
40.0,1,adam,206500,0.1,0.042152550905515486,0.051090727479719746,0.00023132429247403754,0.05085940318724571,0.6674522870929503,1.0
40.0,1,adam,207000,0.1,0.042304719933289076,0.0513176018149195,0.0002328842486721448,0.05108471756624735,0.6662587713104645,1.0
40.0,1,adam,207500,0.1,0.04259096874013129,0.051713530588488404,0.00029973790060629175,0.05141379268788211,0.6644925890036281,1.0
40.0,1,adam,208000,0.1,0.04226778258760326,0.0512639652723406,0.00022879116589962845,0.05103517410644098,0.6665034719178291,1.0
40.0,1,adam,208500,0.1,0.042548890648445414,0.05165872018558654,0.0002833319620609844,0.05137538822352555,0.6646936685266711,1.0
40.0,1,adam,209000,0.1,0.042251092394910254,0.05121318575181337,0.0002867220086930262,0.05092646374312034,0.6671515913867169,1.0
40.0,1,adam,209500,0.1,0.04221113790310314,0.05118138289285208,0.00022476329978196504,0.050956619593070115,0.6670747955680565,1.0
40.0,1,adam,210000,0.1,0.04218455159167491,0.051145346436588426,0.00022093770502742207,0.050924408731561004,0.6670899571689821,1.0
40.0,1,adam,210500,0.1,0.0422514516349776,0.051237833167787676,0.00023255854039492662,0.05100527462739275,0.6666852936325736,1.0
40.0,1,adam,211000,0.1,0.04216296809891941,0.05110823540455025,0.00022686530318401888,0.05088137010136623,0.6673458488816782,1.0
40.0,1,adam,211500,0.1,0.04210764509651786,0.051012861486518186,0.00025318615743030824,0.05075967532908788,0.667965312039968,1.0
40.0,1,adam,212000,0.1,0.04235893147285569,0.05132910411921474,0.00037599885145675493,0.05095310526775799,0.6669212192834268,1.0
40.0,1,adam,212500,0.1,0.04214240379862192,0.05107952572466663,0.00022331935487057933,0.050856206369796056,0.6674706346575324,1.0
40.0,1,adam,213000,0.1,0.042216540144625656,0.05118598440275134,0.00022772117088484985,0.050958263231866495,0.6669480309966493,1.0
40.0,1,adam,213500,0.1,0.04214629601353344,0.05108202945518513,0.00022949839730786043,0.050852531057877265,0.6674915286213237,1.0
40.0,1,adam,214000,0.1,0.04239809558484229,0.0514448991822624,0.0002702526813868907,0.05117464650087551,0.6657006458137208,1.0
40.0,1,adam,214500,0.1,0.04237207392855559,0.051371544329383394,0.0003276483031430313,0.05104389602624036,0.6664527578018019,1.0
40.0,1,adam,215000,0.1,0.0421256388741326,0.051042639603612765,0.00024186083684225046,0.05080077876677051,0.6677941879382269,1.0
40.0,1,adam,215500,0.1,0.04208960515150309,0.05098325024638799,0.00026015936017102255,0.050723090886216966,0.6681600790352289,1.0
40.0,1,adam,216000,0.1,0.042096881624877985,0.05099264702542661,0.0002560645339691715,0.05073658249145743,0.6681634985065934,1.0
40.0,1,adam,216500,0.1,0.04214312995366063,0.051043995711767494,0.0002923838826283961,0.0507516118291391,0.6680765044915115,1.0
40.0,1,adam,217000,0.1,0.04230972446908707,0.05135947638001921,0.00017157836314079278,0.05118789801687842,0.6656738316251134,1.0
40.0,1,adam,217500,0.1,0.042105028684295984,0.05101365429081425,0.00021368129049285694,0.050799973000321394,0.6679079411933332,1.0
40.0,1,adam,218000,0.1,0.04207886472725347,0.05097267895287791,0.00021304970938546464,0.05075962924349244,0.6681652286514289,1.0
40.0,1,adam,218500,0.1,0.04200794685525266,0.05084560036513689,0.00025949168406323123,0.05058610868107366,0.6690492303100691,1.0
40.0,1,adam,219000,0.1,0.04206629445033393,0.0509647470087594,0.00019111380232270076,0.0507736332064367,0.6680610287070208,1.0
40.0,1,adam,219500,0.1,0.04201734664272694,0.0508627579922048,0.00027866428867256835,0.05058409370353223,0.6689187573452601,1.0
40.0,1,adam,220000,0.1,0.04206474442813886,0.05088373063965182,0.0003765086353174314,0.05050722200433439,0.6693347095635049,1.0
40.0,1,adam,220500,0.1,0.04210337935410868,0.05100411308554773,0.00021580044383025457,0.05078831264171748,0.6680173310405156,1.0
40.0,1,adam,221000,0.1,0.042342913823734424,0.05135043955964491,0.000241402687436286,0.05110903687220863,0.6663177319067692,1.0
40.0,1,adam,221500,0.1,0.04193311277947985,0.050754937768522336,0.00021751579631795103,0.050537421972204385,0.6692955968730809,1.0
40.0,1,adam,222000,0.1,0.04206536319752225,0.050919550352561016,0.0002925790920017014,0.05062697126055932,0.6687961812853188,1.0
40.0,1,adam,222500,0.1,0.04217408420950156,0.05111503397223732,0.00020904144940998392,0.05090599252282734,0.6673767213431965,1.0
40.0,1,adam,223000,0.1,0.042182174143922106,0.050966238145573314,0.0005726247436014617,0.050393613401971855,0.6699381338012413,1.0
40.0,1,adam,223500,0.1,0.04191644217800844,0.0506995854607026,0.000278604973495519,0.05042098048720708,0.6702382110732079,1.0
40.0,1,adam,224000,0.1,0.04207396240807608,0.050822565845766415,0.0005370974144956271,0.05028546843127079,0.6704913798795418,1.0
40.0,1,adam,224500,0.1,0.04197758142143086,0.05083234090610618,0.00018208561385183993,0.05065025529225434,0.6687607184554933,1.0
40.0,1,adam,225000,0.1,0.04184602205485384,0.05063163336997384,0.00021475538390583777,0.050416877986068004,0.669885935204081,1.0
40.0,1,adam,225500,0.1,0.042038410886897574,0.05083158740251904,0.00040961934652676985,0.05042196805599227,0.6697618991958978,1.0
40.0,1,adam,226000,0.1,0.04215206371143764,0.051081130554958304,0.00019929486720562836,0.050881835687752675,0.6675817039975136,1.0
40.0,1,adam,226500,0.1,0.04199382235832354,0.05087838677249172,0.0001962597052159173,0.0506821270672758,0.6683073978733504,1.0
40.0,1,adam,227000,0.1,0.04203992255783461,0.05088709916631866,0.0003190603316213807,0.05056803883469728,0.6688859720540186,1.0
40.0,1,adam,227500,0.1,0.04186698126214191,0.05060532881760912,0.00034231356263021663,0.0502630152549789,0.6706821723087182,1.0
40.0,1,adam,228000,0.1,0.04243710352498569,0.051308741553761,0.0006971379489839801,0.05061160360477702,0.6685181335938194,1.0
40.0,1,adam,228500,0.1,0.04191137614968674,0.05064765329493963,0.00038798253251063464,0.050259670762428994,0.6706856918502174,1.0
40.0,1,adam,229000,0.1,0.041915190039070155,0.05075287071209164,0.00017550589702845868,0.05057736481506318,0.6690361171078025,1.0
40.0,1,adam,229500,0.1,0.04194772072262623,0.0508184439596511,0.0001661209760938805,0.05065232298355722,0.6685030800296179,1.0
40.0,1,adam,230000,0.1,0.0419856016575104,0.05083451597733926,0.00016387463412781633,0.05067064134321145,0.6688981228577701,1.0
40.0,1,adam,230500,0.1,0.04185724330216262,0.05064465627254107,0.00025345408346463247,0.05039120218907644,0.6698852985859388,1.0
40.0,1,adam,231000,0.1,0.041878379470395896,0.050630554245741956,0.0003472891149628079,0.050283265130779145,0.6704269844910191,1.0
40.0,1,adam,231500,0.1,0.041844787690144776,0.05063239142942148,0.00017479238955338022,0.0504575990398681,0.6698522105255575,1.0
40.0,1,adam,232000,0.1,0.041985985928980174,0.05083354496981435,0.0001490694767712949,0.05068447549304305,0.6688702734865126,1.0
40.0,1,adam,232500,0.1,0.041825996395414386,0.050582185906657785,0.00023172924361260168,0.05035045666304518,0.6703494842844091,1.0
40.0,1,adam,233000,0.1,0.04188246683426867,0.05071154069071513,0.00011410196883176397,0.05059743872188337,0.6691711742783578,1.0
40.0,1,adam,233500,0.1,0.04196607915621557,0.05079454035823206,0.00024903838696926044,0.0505455019712628,0.6692241229339506,1.0
40.0,1,adam,234000,0.1,0.04198540427978764,0.05080974678041069,0.0002830413836836786,0.05052670539672701,0.6692667301388314,1.0
40.0,1,adam,234500,0.1,0.04187163135582817,0.050654767551365554,0.00024916816573273626,0.05040559938563282,0.6699466319957287,1.0
40.0,1,adam,235000,0.1,0.04188010849149415,0.05067257799561322,0.0002385696787873772,0.050434008316825846,0.6697848542471209,1.0
40.0,1,adam,235500,0.1,0.04193025249749525,0.05072753149054499,0.0002864639197520043,0.05044106757079299,0.6697138998718006,1.0
40.0,1,adam,236000,0.1,0.04184392966062638,0.05063554189500007,0.0002071272229654447,0.05042841467203463,0.6697910085295676,1.0
40.0,1,adam,236500,0.1,0.04184637524333271,0.05064035803672851,0.0002050535437328522,0.05043530449299566,0.6697892277799089,1.0
40.0,1,adam,237000,0.1,0.04197054619667021,0.05083022945499241,0.0001986113934318995,0.05063161806156051,0.6687191252203956,1.0
40.0,1,adam,237500,0.1,0.04184650098139263,0.05063762642310078,0.00021606755649616343,0.05042155886660462,0.669812019700608,1.0
40.0,1,adam,238000,0.1,0.04185759543831867,0.05064904285369335,0.00022550837625851552,0.050423534477434834,0.6697829888714064,1.0
40.0,1,adam,238500,0.1,0.04257231167516717,0.051697909213957643,0.0002649601694805782,0.051432949044477067,0.6644370608451645,1.0
40.0,1,adam,239000,0.1,0.042646201092236546,0.051819967345487106,0.0002515076068981741,0.05156845973858893,0.6636960254251925,1.0
40.0,1,adam,239500,0.1,0.041823806986725276,0.05060349561134937,0.0002221679950476881,0.05038132761630169,0.6699307564360527,1.0
40.0,1,adam,239999,0.1,0.04192700008378314,0.05077359802000268,0.00019633577969818336,0.050577262240304496,0.6688477401436325,1.0
40.0,1,lbfgs,0,,,0.05020654391334708,0.00029072863524066733,0.04991581527810641,,
40.0,1,lbfgs,1,,,0.050159054176739964,0.0002909812005597651,0.0498680729761802,,
40.0,1,lbfgs,2,,,0.05011485407778088,0.0002949173265731323,0.049819936751207744,,
40.0,2,adam,0,0.01,2.3388176269374257,2.3388413962638284,2.3311122978235037,0.007729098440324874,0.9938445680106727,1.0
40.0,2,adam,500,1.0,0.015986995684382645,0.9213338673075783,0.0011767295848417326,0.9201571377227366,1.1873199928086431e-32,0.00625
40.0,2,adam,1000,1.0,0.01552275957932926,2.748160832453594,0.0016953364170632288,2.7464654960365307,5.3984963903747884e-96,0.01125
40.0,2,adam,1500,1.0,0.013086032989161554,0.579834266978027,3.3617252634019654e-05,0.5798006497253929,7.914858531745052e-21,0.05
40.0,2,adam,2000,1.0,0.01281937046859311,0.3739784622448423,8.974368232046095e-05,0.37388871856252187,1.1681470611517534e-13,0.05
40.0,2,adam,2500,1.0,0.012969956844100555,0.3067735444066363,0.00028476757506063817,0.30648877683157566,2.483827772538913e-11,0.05125
40.0,2,adam,3000,1.0,0.013388461657883152,0.256875308541421,0.0007208727629740065,0.256154435778447,1.3636151439976013e-09,0.05125
40.0,2,adam,3500,1.0,0.012860243901391642,0.21840760210444968,0.00019013872972968332,0.21821746337472,2.7878670562960664e-08,0.0525
40.0,2,adam,4000,1.0,0.013028350016607777,0.19511880454776304,0.0003561656066004558,0.19476263894116258,1.7983915838211386e-07,0.0525
40.0,2,adam,4500,1.0,0.013006312479679103,0.18016346873153158,0.0003300945198806013,0.17983337421165096,5.891234876389411e-07,0.05375
40.0,2,adam,5000,1.0,0.013080750867472526,0.17092362228329253,0.0004037798626148646,0.17051984242067766,1.2348762207188501e-06,0.05375
40.0,2,adam,5500,1.0,0.013752094784136403,0.1650282491183013,0.001074442693439835,0.16395380642486146,2.080940995740051e-06,0.05375
40.0,2,adam,6000,1.0,0.012767302290889557,0.15908868199022969,9.148686306651596e-05,0.15899719512716318,3.0853004972476923e-06,0.05375
40.0,2,adam,6500,1.0,0.01276686677412631,0.1554852849407041,9.183169855838392e-05,0.1553934532421457,4.1082152087632944e-06,0.05375
40.0,2,adam,7000,1.0,0.012875306067344688,0.1520312057315874,0.00020181402365658654,0.1518293917079308,5.454196955768206e-06,0.05375
40.0,2,adam,7500,1.0,0.012854239434180445,0.14940099958277286,0.0001824352452414446,0.14921856433753142,6.7122265534943004e-06,0.05375
40.0,2,adam,8000,1.0,0.013158037008217003,0.14749287328150673,0.0004863658550255853,0.14700650742648114,8.004007364703062e-06,0.05375
40.0,2,adam,8500,1.0,0.012749512262505383,0.1454436354259605,8.048953976822683e-05,0.14536314588619229,9.120327019395488e-06,0.05375
40.0,2,adam,9000,1.0,0.012846606778235303,0.14402464951734473,0.0001786656353424017,0.14384598388200232,1.0290300656863036e-05,0.05375
40.0,2,adam,9500,1.0,0.012767919160789454,0.1431463586154506,0.0001001870427519509,0.14304617157269867,1.0965607973155052e-05,0.05375
40.0,2,adam,10000,1.0,0.012940367489821289,0.14217600382064804,0.0002702125415514128,0.14190579127909664,1.2010627170757623e-05,0.05375
40.0,2,adam,10500,1.0,0.013242061448132725,0.14250149204224072,0.0005754524200455614,0.14192603962219516,1.1984866649106155e-05,0.05375
40.0,2,adam,11000,1.0,0.012761400059853496,0.14096794534338197,9.39921962675143e-05,0.14087395314711446,1.3033309633189868e-05,0.05375
40.0,2,adam,11500,1.0,0.013210299378508554,0.1401212739880539,0.0005402121984098418,0.13958106178964408,1.4451285491435777e-05,0.05375
40.0,2,adam,12000,1.0,0.012806422788490453,0.1397358565322819,0.0001383860371153473,0.13959747049516655,1.4427396264391955e-05,0.05375
40.0,2,adam,12500,1.0,0.013338491552137823,0.1394359728572629,0.0006685036765638084,0.13876746918069907,1.5416103261447203e-05,0.05375
40.0,2,adam,13000,1.0,0.012806096548908722,0.13900839177975205,0.00013693197155910486,0.13887145980819293,1.5284839898073153e-05,0.05375
40.0,2,adam,13500,1.0,0.012770729583750915,0.1385061968010442,0.000102183383223819,0.13840401341782038,1.5864181794309938e-05,0.05375
40.0,2,adam,14000,1.0,0.012762365512858143,0.13810776898205082,9.418788628183235e-05,0.138013581095769,1.6364622286634434e-05,0.05375
40.0,2,adam,14500,1.0,0.012801105537130873,0.13712249194461132,0.00013294645783371516,0.1369895454867776,1.7758229806081715e-05,0.05375
40.0,2,adam,15000,1.0,0.012749603549559995,0.13787359433145055,8.185047311736008e-05,0.13779174385833318,1.6655135250214042e-05,0.05375
40.0,2,adam,15500,1.0,0.012931841693812708,0.13809159724636494,0.0002633797955089343,0.137828217450856,1.6608784372667587e-05,0.05375
40.0,2,adam,16000,1.0,0.013047623587082896,0.13755456724251092,0.000378557909721363,0.13717600933278956,1.7494071424092324e-05,0.05375
40.0,2,adam,16500,1.0,0.012996962921502986,0.13719363280970348,0.000327896968474413,0.13686573584122907,1.793364581060937e-05,0.05375
40.0,2,adam,17000,1.0,0.012830821432960547,0.13683715509531197,0.0001629684610923873,0.13667418663421957,1.820726815172466e-05,0.05375
40.0,2,adam,17500,1.0,0.012808133681570804,0.13838689647315194,0.000137965110428527,0.13824893136272343,1.605866072370749e-05,0.05375
40.0,2,adam,18000,1.0,0.013171439140177455,0.13645372235576614,0.000503076725468691,0.13595064563029743,1.928912139964569e-05,0.05375
40.0,2,adam,18500,1.0,0.012855460681588889,0.13619672229341678,0.000186763735382178,0.1360099585580346,1.9199337710887802e-05,0.05375
40.0,2,adam,19000,1.0,0.012775182362941536,0.13642681384047695,0.00010774511860868415,0.13631906872186828,1.872825218002059e-05,0.05375
40.0,2,adam,19500,1.0,0.012789411229322898,0.13589257310556452,0.00012346378579747546,0.13576910931976705,1.9565227517192135e-05,0.05375
40.0,2,adam,20000,1.0,0.012819132583618229,0.13675520805061003,0.0001514774562217455,0.1366037305943883,1.8306472823610472e-05,0.05375
40.0,2,adam,20500,1.0,0.013131841867468047,0.13662457333812725,0.0004657390504389239,0.13615883428768832,1.89631172092273e-05,0.05375
40.0,2,adam,21000,1.0,0.01274222240698972,0.1355193452947192,7.672685405446461e-05,0.13544261844066474,2.007847922937291e-05,0.05375
40.0,2,adam,21500,1.0,0.012760199026459413,0.13590073124102522,9.350970698416881e-05,0.13580722153404107,1.950325757521751e-05,0.05375
40.0,2,adam,22000,1.0,0.01280828796475007,0.13582401473360564,0.00014159203685350648,0.13568242269675213,1.9698446743647535e-05,0.05375
40.0,2,adam,22500,1.0,0.013093069233085897,0.13537793183344832,0.0004250679218587883,0.13495286391158953,2.0879414354317785e-05,0.05375
40.0,2,adam,23000,1.0,0.013170283295593917,0.1356974367597559,0.000501242711460337,0.13519619404829555,2.0478875124357782e-05,0.05375
40.0,2,adam,23500,1.0,0.012752933508606892,0.13496535569782114,8.691911969777567e-05,0.13487843657812337,2.0999254946406095e-05,0.05375
40.0,2,adam,24000,1.0,0.01277503453944069,0.13572070235364947,0.00010814854468725879,0.1356125538089622,1.980502907112866e-05,0.05375
40.0,2,adam,24500,1.0,0.012782037286207444,0.13496816938341571,0.00011572960323958395,0.13485243978017614,2.1043146072014386e-05,0.05375
40.0,2,adam,25000,1.0,0.01307830657251512,0.13516589967497422,0.00040628151847372997,0.1347596181565005,2.1209204524834934e-05,0.05375
40.0,2,adam,25500,1.0,0.012887355634739623,0.13494317016156096,0.0002204398666760594,0.1347227302948849,2.1260750950727047e-05,0.05375
40.0,2,adam,26000,1.0,0.013548223784379063,0.135943979537645,0.0008793094805879138,0.13506467005705708,2.069156529344159e-05,0.05375
40.0,2,adam,26500,1.0,0.012727167774220878,0.13426694064847597,6.264069410216098e-05,0.1342042999543738,2.2154881867666326e-05,0.05375
40.0,2,adam,27000,1.0,0.01277665224682302,0.134625787700942,0.00010952487833516062,0.13451626282260684,2.161511577331301e-05,0.05375
40.0,2,adam,27500,1.0,0.014459709820346747,0.13679155676837265,0.001789550367681246,0.1350020064006914,2.079580978887038e-05,0.05375
40.0,2,adam,28000,1.0,0.01275631112604783,0.1345212577298576,9.037388890622498e-05,0.13443088384095137,2.1758031515561344e-05,0.05375
40.0,2,adam,28500,1.0,0.012820036521245191,0.13310283960743305,0.0001546269859303958,0.13294821262150266,2.4492369437540003e-05,0.05375
40.0,2,adam,29000,1.0,0.013385313682416449,0.13484104501180263,0.0007179815564220848,0.13412306345538055,2.2301312489372688e-05,0.05375
40.0,2,adam,29500,1.0,0.012769482123478067,0.13451601785711156,0.00010531049604666664,0.1344107073610649,2.1790358398700694e-05,0.05375
40.0,2,adam,30000,1.0,0.012782273327985016,0.13397798964982394,0.00011707455452864168,0.1338609150952953,2.276739495800533e-05,0.05375
40.0,2,adam,30500,1.0,0.01273863525742688,0.13343275433524757,7.440932953765877e-05,0.1333583450057099,2.3697239829592513e-05,0.05375
40.0,2,adam,31000,1.0,0.012750603416890306,0.13392841302400432,8.470416384618644e-05,0.13384370886015814,2.2801269880840587e-05,0.05375
40.0,2,adam,31500,1.0,0.012917317474063729,0.13402826753210587,0.00025018358163559766,0.13377808395047028,2.2918896402808376e-05,0.05375
40.0,2,adam,32000,1.0,0.01277736276134838,0.13378343011088778,0.00011159871840860945,0.13367183139247918,2.3112218172002747e-05,0.05375
40.0,2,adam,32500,1.0,0.012795475253319167,0.13313254324269713,0.0001302731896486436,0.1330022700530485,2.4380823269229885e-05,0.05375
40.0,2,adam,33000,1.0,0.012771713831135859,0.13334567773699174,0.00010699339924950406,0.13323868433774225,2.392223102084e-05,0.05375
40.0,2,adam,33500,1.0,0.012801972846258197,0.13369579326579373,0.00013627353112002013,0.1335595197346737,2.3322265943163363e-05,0.05375
40.0,2,adam,34000,1.0,0.012853319877270158,0.13324698473886257,0.00018762376625295122,0.13305936097260962,2.4266851769194918e-05,0.05375
40.0,2,adam,34500,1.0,0.01274706768017277,0.13336184921941224,8.166643780043592e-05,0.1332801827816118,2.3842290451624923e-05,0.05375
40.0,2,adam,35000,1.0,0.013097129997599828,0.1340034989295419,0.0004317063884713965,0.1335717925410705,2.3291605340122888e-05,0.05375
40.0,2,adam,35500,1.0,0.012801946522194841,0.13266142562302818,0.00013881440198227374,0.13252261122104592,2.5322861133954853e-05,0.05375
40.0,2,adam,36000,1.0,0.012842631974332136,0.13292069053026442,0.00017949022007052038,0.1327412003101939,2.4884018393322832e-05,0.05375
40.0,2,adam,36500,1.0,0.012801825768637549,0.1330827916897075,0.0001386569772582254,0.13294413471244926,2.4482939370481917e-05,0.05375
40.0,2,adam,37000,1.0,0.012893430602605532,0.1334258551879185,0.00022817534246652362,0.13319767984545197,2.3995999782982673e-05,0.05375
40.0,2,adam,37500,1.0,0.012771053029616189,0.13262734049653147,0.00010671022197524759,0.1325206302745562,2.532639479174404e-05,0.05375
40.0,2,adam,38000,1.0,0.01279986801564591,0.13340040246376833,0.00013389172314950262,0.13326651074061882,2.386721104270553e-05,0.05375
40.0,2,adam,38500,1.0,0.012747543508180402,0.13280330737897086,8.356136386420626e-05,0.13271974601510667,2.492650598204428e-05,0.05375
40.0,2,adam,39000,1.0,0.012782515684352565,0.13281711934873003,0.00011973302575135744,0.13269738632297867,2.4967816027918276e-05,0.05375
40.0,2,adam,39500,1.0,0.012787691914184014,0.13266586391545476,0.00012478520396351131,0.13254107871149126,2.528092743493656e-05,0.05375
40.0,2,adam,40000,1.0,0.012755311944826812,0.13273245594167793,9.215581994113735e-05,0.1326403001217368,2.5081611430687994e-05,0.05375
40.0,2,adam,40500,1.0,0.012814106946113584,0.1328153144720343,0.00015039048774218486,0.1326649239842921,2.5033351389308912e-05,0.05375
40.0,2,adam,41000,1.0,0.012891453324109571,0.1327409984676561,0.0002289290646649318,0.13251206940299118,2.5338399560639827e-05,0.05375
40.0,2,adam,41500,1.0,0.01287471976814706,0.1328282232721713,0.0002121289247431846,0.13261609434742813,2.5128158896256867e-05,0.05375
40.0,2,adam,42000,1.0,0.012743686576147342,0.1332643825900927,7.775458897169395e-05,0.13318662800112102,2.401525393093235e-05,0.05375
40.0,2,adam,42500,1.0,0.012778470489945157,0.13274823424244342,0.00011466951376910348,0.13263356472867432,2.5095393046164683e-05,0.05375
40.0,2,adam,43000,1.0,0.01283582148202942,0.13287898586744598,0.0001734440199780612,0.1327055418474679,2.4947507219048203e-05,0.05375
40.0,2,adam,43500,1.0,0.01318565849976037,0.1333992657339345,0.0005244197772333215,0.13287484595670118,2.461009873946242e-05,0.05375
40.0,2,adam,44000,1.0,0.013253824059827325,0.1352317592708558,0.0005814502756311558,0.13465030899522462,2.1371934824410036e-05,0.0525
40.0,2,adam,44500,1.0,0.012746486984461042,0.13329812032907778,8.332523354622687e-05,0.13321479509553155,2.3958115633315206e-05,0.05375
40.0,2,adam,45000,1.0,0.012778445671806662,0.13323627364092142,0.00011258954403149354,0.13312368409688993,2.4137895744167607e-05,0.05375
40.0,2,adam,45500,1.0,0.012750097797841479,0.1327627848379216,8.537320060274871e-05,0.13267741163731883,2.5009447420252232e-05,0.05375
40.0,2,adam,46000,1.0,0.012918041932930918,0.13277474483968318,0.00025228302949286134,0.1325224618101903,2.532223912927323e-05,0.05375
40.0,2,adam,46500,1.0,0.01298725193002724,0.13299944669172187,0.00032521490994516045,0.1326742317817767,2.5009250689272743e-05,0.05375
40.0,2,adam,47000,1.0,0.013189912240257923,0.13413644803522884,0.0005277018510559408,0.1336087461841729,2.321100777713989e-05,0.05375
40.0,2,adam,47500,1.0,0.012746789931090262,0.13285684722712363,8.218947325845609e-05,0.13277465775386518,2.4814604364418465e-05,0.05375
40.0,2,adam,48000,1.0,0.012789873886258022,0.1324514574822473,0.0001258178188958781,0.13232563966335142,2.5720576202462437e-05,0.05375
40.0,2,adam,48500,1.0,0.012878305690701582,0.13315726033060493,0.00021629350732900362,0.13294096682327594,2.4482420642439226e-05,0.05375
40.0,2,adam,49000,1.0,0.012767156737787574,0.1327244250718328,0.00010315892695955784,0.13262126614487324,2.5120341633000826e-05,0.05375
40.0,2,adam,49500,1.0,0.012752811310736236,0.1323320929132057,8.851496008222553e-05,0.13224357795312347,2.588832427143128e-05,0.05375
40.0,2,adam,50000,1.0,0.012753135602767756,0.13249111110440717,8.968014322107777e-05,0.1324014309611861,2.5563386508928313e-05,0.05375
40.0,2,adam,50500,1.0,0.012764071400346098,0.13225003207849215,9.966386913235476e-05,0.1321503682093598,2.6082451182056012e-05,0.05375
40.0,2,adam,51000,1.0,0.012745839236675004,0.1335024278809151,8.341305316346066e-05,0.13341901482775165,2.3569521023603972e-05,0.05375
40.0,2,adam,51500,1.0,0.012750446259101416,0.13305657820745576,8.657746255988084e-05,0.13297000074489587,2.44307910788703e-05,0.05375
40.0,2,adam,52000,1.0,0.012778997910784549,0.13273180406703564,0.00011446701622899437,0.13261733705080664,2.512873696889205e-05,0.05375
40.0,2,adam,52500,1.0,0.012801449566884525,0.13261559556027477,0.00013664688742799852,0.13247894867284676,2.5408101380227053e-05,0.05375
40.0,2,adam,53000,1.0,0.012865616399170814,0.13276807444551933,0.00020257880570430224,0.13256549563981504,2.5228932795979923e-05,0.05375
40.0,2,adam,53500,1.0,0.012747788623438464,0.1322867716132407,8.349659102557721e-05,0.13220327502221513,2.5972230428450807e-05,0.05375
40.0,2,adam,54000,1.0,0.012745351623869515,0.13255737772688544,8.198612136249057e-05,0.13247539160552296,2.5412643106314536e-05,0.05375
40.0,2,adam,54500,1.0,0.012798958707163882,0.13318767093922482,0.0001324948758770496,0.13305517606334777,2.4268500911476688e-05,0.05375
40.0,2,adam,55000,1.0,0.01282645592670743,0.13308009246796368,0.00016331732900250504,0.13291677513896116,2.45317305961222e-05,0.05375
40.0,2,adam,55500,1.0,0.012870763288478264,0.13316861040125805,0.00020567978336876515,0.13296293061788927,2.44457945144586e-05,0.05375
40.0,2,adam,56000,1.0,0.012752336107923928,0.1328784128384284,8.816052019481891e-05,0.1327902523182336,2.4783163980083093e-05,0.05375
40.0,2,adam,56500,1.0,0.0129190653743975,0.1329604438913881,0.00025699443118401403,0.1327034494602041,2.4950904488114302e-05,0.05375
40.0,2,adam,57000,1.0,0.012750819621032975,0.13273587758731367,8.700336430151767e-05,0.13264887422301216,2.5065869292713175e-05,0.05375
40.0,2,adam,57500,1.0,0.012783762413024143,0.1329897612502683,0.00012060813257087486,0.13286915311769742,2.4626347406676564e-05,0.05375
40.0,2,adam,58000,1.0,0.012746609739144417,0.1325956890127036,8.31705402661399e-05,0.13251251847243747,2.533781155118347e-05,0.05375
40.0,2,adam,58500,1.0,0.013001136884576069,0.1332543373042303,0.0003350027664584409,0.13291933453777185,2.4532442462938712e-05,0.05375
40.0,2,adam,59000,1.0,0.01279067950882715,0.13279538005667424,0.00012676954974473643,0.1326686105069295,2.5024733478555917e-05,0.05375
40.0,2,adam,59500,1.0,0.012752355658282762,0.13255992688240695,8.961259443660487e-05,0.13247031428797035,2.5421490352769805e-05,0.05375
40.0,2,adam,60000,1.0,0.012785883258576792,0.13277941121796843,0.00012040577968968565,0.13265900543827874,2.504598128183683e-05,0.05375
40.0,2,adam,60500,1.0,0.012747776658228344,0.13238073336554632,8.509728094372148e-05,0.1322956360846026,2.57783544629633e-05,0.05375
40.0,2,adam,61000,1.0,0.013076912273783391,0.13277999153110592,0.0004092648356773537,0.13237072669542857,2.563350807147874e-05,0.05375
40.0,2,adam,61500,1.0,0.012751373270028316,0.13232323804174914,8.778102164657973e-05,0.13223545702010256,2.5904857239037657e-05,0.05375
40.0,2,adam,62000,1.0,0.012746453823626873,0.13247707755238447,8.350520734825881e-05,0.1323935723450362,2.5578747708693962e-05,0.05375
40.0,2,adam,62500,1.0,0.012746143857285811,0.13246668482716964,8.200503191992344e-05,0.1323846797952497,2.5599025226905983e-05,0.05375
40.0,2,adam,63000,1.0,0.012762559415533177,0.13299661576331287,9.559535327357875e-05,0.1329010204100393,2.4570463030448087e-05,0.05375
40.0,2,adam,63500,1.0,0.012763505648140544,0.132662907030795,0.00010065410164341042,0.13256225292915158,2.523649736801897e-05,0.05375
40.0,2,adam,64000,1.0,0.013000023523526206,0.13314941465753072,0.00033413129660748764,0.13281528336092324,2.4736940512492988e-05,0.05375
40.0,2,adam,64500,1.0,0.012752365602434852,0.13260697578699254,8.906713467670695e-05,0.13251790865231583,2.5326954737002792e-05,0.05375
40.0,2,adam,65000,1.0,0.012793756262650792,0.1323646141920482,0.0001313590740024748,0.13223325511804573,2.590682067880021e-05,0.05375
40.0,2,adam,65500,1.0,0.012944441420553092,0.13311630661089252,0.000279452520687557,0.13283685409020496,2.4692898261938413e-05,0.05375
40.0,2,adam,66000,1.0,0.012946082177726128,0.1329576898270442,0.0002840660747597906,0.13267362375228442,2.501119745492598e-05,0.05375
40.0,2,adam,66500,1.0,0.012759655445611574,0.1327191343877704,9.594433112392514e-05,0.13262319005664647,2.511566258741376e-05,0.05375
40.0,2,adam,67000,1.0,0.013066043685643508,0.1335762928474184,0.0004036301329963399,0.13317266271442205,2.4034369928489517e-05,0.05375
40.0,2,adam,67500,1.0,0.012746976450859138,0.13292578606444208,8.149057382839647e-05,0.1328442954906137,2.4678912011270154e-05,0.05375
40.0,2,adam,68000,1.0,0.012755030634925325,0.1327626526373801,9.067738668032083e-05,0.1326719752506998,2.5019025574890295e-05,0.05375
40.0,2,adam,68500,1.0,0.012856453902167107,0.13307547594800748,0.00019308759849203373,0.13288238834951543,2.460084375499019e-05,0.05375
40.0,2,adam,69000,1.0,0.012747563317115984,0.13247642071532392,8.393334506517822e-05,0.13239248737025874,2.558278730222022e-05,0.05375
40.0,2,adam,69500,1.0,0.012752259251684706,0.13279353002145255,8.804864470751235e-05,0.13270548137674504,2.4952565906640865e-05,0.05375
40.0,2,adam,70000,1.0,0.012800445071050767,0.132983358403248,0.00013542723050849747,0.1328479311727395,2.4671836576151867e-05,0.05375
40.0,2,adam,70500,1.0,0.012750085808882976,0.1322648564780934,8.692291893029532e-05,0.13217793355916313,2.602409309240593e-05,0.05375
40.0,2,adam,71000,1.0,0.012828884713358121,0.13296450457419848,0.00016379554880681683,0.13280070902539165,2.476552109972418e-05,0.05375
40.0,2,adam,71500,1.0,0.012772027239353233,0.13275009494375825,0.00010923686489724545,0.132640858078861,2.5079708300298704e-05,0.05375
40.0,2,adam,72000,1.0,0.01279178080987662,0.13292233814320834,0.00012705322443261297,0.13279528491877574,2.4776322336309968e-05,0.05375
40.0,2,adam,72500,1.0,0.012801357386100257,0.13282586071995856,0.00013917982894627806,0.13268668089101227,2.4987011193240653e-05,0.05375
40.0,2,adam,73000,1.0,0.012747092499043017,0.1330790986306767,8.333651388025149e-05,0.13299576211679645,2.438231534662615e-05,0.05375
40.0,2,adam,73500,1.0,0.0127766828338535,0.13298091215291485,0.00011190107269914178,0.1328690110802157,2.463102509631948e-05,0.05375
40.0,2,adam,74000,1.0,0.012763320537265067,0.13286506231792716,0.00010036722577215922,0.132764695092155,2.4833621783803703e-05,0.05375
40.0,2,adam,74500,1.0,0.012782002108892632,0.13298260972160825,0.00011879585515817663,0.13286381386645008,2.4638154847964455e-05,0.05375
40.0,2,adam,75000,1.0,0.012751945875521606,0.13250856375914044,8.825282753679715e-05,0.13242031093160364,2.5527479999122035e-05,0.05375
40.0,2,adam,75500,1.0,0.012769842350608785,0.13270624241447473,0.00010742214425789571,0.13259882027021683,2.5163665918579935e-05,0.05375
40.0,2,adam,76000,1.0,0.012746229908282345,0.13271196849290764,8.382531792662867e-05,0.132628143174981,2.5105388846470947e-05,0.05375
40.0,2,adam,76500,1.0,0.012798588169516383,0.13252959170448417,0.00013542049209441586,0.13239417121238975,2.5582824199625344e-05,0.05375
40.0,2,adam,77000,1.0,0.012785747948580261,0.1329947166435451,0.00012133918480323246,0.13287337745874186,2.462254048498928e-05,0.05375
40.0,2,adam,77500,1.0,0.01279780958032095,0.13297471936290456,0.0001354136476666682,0.1328393057152379,2.46860514634281e-05,0.05375
40.0,2,adam,78000,1.0,0.012845825706304999,0.13313619560208406,0.00018346822948922553,0.13295272737259484,2.446326098096804e-05,0.05375
40.0,2,adam,78500,1.0,0.012834549900471679,0.13298211670745666,0.00017202782020349927,0.13281008888725315,2.474404858488222e-05,0.05375
40.0,2,adam,79000,1.0,0.012744482012680103,0.13225240468213512,8.173181181311762e-05,0.132170672870322,2.6040808685525216e-05,0.05375
40.0,2,adam,79500,1.0,0.012777179753696674,0.13320216101207974,0.00011345431266182998,0.1330887066994179,2.4202027777207536e-05,0.05375
40.0,2,adam,80000,1.0,0.012745790863091326,0.13346116452555412,8.36499046029712e-05,0.13337751462095115,2.365099459196619e-05,0.05375
40.0,2,adam,80500,1.0,0.01274632646055573,0.1330675789154969,8.339117329190333e-05,0.132984187742205,2.4405768467112367e-05,0.05375
40.0,2,adam,81000,1.0,0.012789837842781416,0.13272595522991218,0.00012642630746721395,0.13259952892244498,2.5167451236038214e-05,0.05375
40.0,2,adam,81500,1.0,0.012763907362656769,0.13310812879052342,9.941141302417157e-05,0.13300871737749925,2.4360086685438383e-05,0.05375
40.0,2,adam,82000,1.0,0.012748972641592478,0.1328725184934786,8.565732859382755e-05,0.13278686116488475,2.479305871547502e-05,0.05375
40.0,2,adam,82500,1.0,0.01275166117235347,0.1330744153908174,8.765945185044394e-05,0.13298675593896697,2.4401952113783474e-05,0.05375
40.0,2,adam,83000,1.0,0.012761196463256679,0.13274170990102394,9.78036621395708e-05,0.13264390623888436,2.5077299310036578e-05,0.05375
40.0,2,adam,83500,1.0,0.012844704074221364,0.13316464681518816,0.00018261913492327066,0.1329820276802649,2.4407185722391166e-05,0.05375
40.0,2,adam,84000,1.0,0.012819550819345086,0.13309893171740644,0.00015390830919086575,0.13294502340821557,2.448653887464442e-05,0.05375
40.0,2,adam,84500,1.0,0.012761129529558926,0.13289899082375234,9.834983694208462e-05,0.13280064098681024,2.476470073171718e-05,0.05375
40.0,2,adam,85000,1.0,0.01288490293812066,0.13317552082279843,0.0002215890109710042,0.13295393181182744,2.4463962145430825e-05,0.05375
40.0,2,adam,85500,1.0,0.01274685979501892,0.13287640121637698,8.347365423353779e-05,0.13279292756214345,2.4781411043641322e-05,0.05375
40.0,2,adam,86000,1.0,0.012864258958038905,0.13310590942531278,0.0002031009095056116,0.13290280851580716,2.4560939195017834e-05,0.05375
40.0,2,adam,86500,1.0,0.012828715069184177,0.13347140387824036,0.00016623326507901083,0.13330517061316136,2.378737985922802e-05,0.05375
40.0,2,adam,87000,1.0,0.01277060866668714,0.1326164832727574,0.00010566596084878046,0.1325108173119086,2.534922192896901e-05,0.05375
40.0,2,adam,87500,1.0,0.012793179618942418,0.1327222255942074,0.0001282483855640712,0.13259397720864333,2.5181227063714966e-05,0.05375
40.0,2,adam,88000,1.0,0.012759588014123817,0.13275211227468503,9.548685651383987e-05,0.1326566254181712,2.505444977233748e-05,0.05375
40.0,2,adam,88500,1.0,0.01274679549786644,0.13322408254970827,8.142632827346668e-05,0.1331426562214348,2.4103130120545753e-05,0.05375
40.0,2,adam,89000,1.0,0.012808074294291271,0.1328392550978541,0.00014357403003819984,0.1326956810678159,2.497793751949071e-05,0.05375
40.0,2,adam,89500,1.0,0.012860889213764565,0.12576714261190705,0.00019484358786094465,0.1255722990240461,4.412805638693409e-05,0.05125
40.0,2,adam,90000,1.0,0.01274692102616067,0.13304161131305312,8.382514971109131e-05,0.13295778616334203,2.445769820420786e-05,0.05375
40.0,2,adam,90500,1.0,0.012747321935319574,0.13301630128988942,8.320498124286228e-05,0.13293309630864655,2.450720546305525e-05,0.05375
40.0,2,adam,91000,1.0,0.012777431403668842,0.1328671783217848,0.000112868023541397,0.1327543102982434,2.4860439693237602e-05,0.05375
40.0,2,adam,91500,1.0,0.012746518269325489,0.132786213365871,8.281152547887232e-05,0.13270340184039212,2.4960230879526297e-05,0.05375
40.0,2,adam,92000,1.0,0.012760665475801599,0.13277172312464766,9.645154787797402e-05,0.1326752715767697,2.5016893950518966e-05,0.05375
40.0,2,adam,92500,1.0,0.01279827314692491,0.13314043380423873,0.00013502302421348865,0.13300541078002526,2.436392514083836e-05,0.05375
40.0,2,adam,93000,1.0,0.01283103486673882,0.1332179891801278,0.00016907168717777965,0.13304891749295003,2.427778102410312e-05,0.05375
40.0,2,adam,93500,1.0,0.012762479563804253,0.13270123010009577,9.890653706050069e-05,0.13260232356303528,2.5162410899166147e-05,0.05375
40.0,2,adam,94000,1.0,0.012757636727671337,0.13287134060376224,9.399783764241939e-05,0.13277734276611983,2.481355922253978e-05,0.05375
40.0,2,adam,94500,1.0,0.012791301195300968,0.13296011679712608,0.00012901676280321916,0.13283110003432286,2.4704293471293168e-05,0.05375
40.0,2,adam,95000,1.0,0.012813582352008995,0.13348854617342612,0.00015130368574157007,0.13333724248768455,2.3725514690809494e-05,0.05375
40.0,2,adam,95500,1.0,0.012746718589612228,0.13454355387208422,8.270079832387736e-05,0.13446085307376035,2.1700880493509486e-05,0.05375
40.0,2,adam,96000,1.0,0.012747254391139932,0.13428655055288685,8.34545067104567e-05,0.1342030960461764,2.2150624158538828e-05,0.05375
40.0,2,adam,96500,1.0,0.012747642283035055,0.13375523084177685,8.316329817640427e-05,0.13367206754360045,2.310854111294123e-05,0.05375
40.0,2,adam,97000,1.0,0.012747203952459754,0.1333595733827801,8.328127902097571e-05,0.13327629210375913,2.3847953953864714e-05,0.05375
40.0,2,adam,97500,1.0,0.012748026821612647,0.1332331918449473,8.397849669597461e-05,0.13314921334825133,2.4090501563038282e-05,0.05375
40.0,2,adam,98000,1.0,0.013178436208380247,0.13371645503297777,0.0005117257813201524,0.1332047292516576,2.3988187867909907e-05,0.05375
40.0,2,adam,98500,1.0,0.012856788468418713,0.13310423660322532,0.00019214350834993038,0.1329120930948754,2.4550865958928015e-05,0.05375
40.0,2,adam,99000,1.0,0.012811722640400355,0.1331083326679065,0.0001499490171119053,0.1329583836507946,2.4454412533409468e-05,0.05375
40.0,2,adam,99500,1.0,0.01274885071094451,0.133307746135519,8.647778774283465e-05,0.13322126834777615,2.394820881625981e-05,0.05375
40.0,2,adam,100000,1.0,0.012762821153338204,0.13279186907695756,0.0001000988767448532,0.1326917702002127,2.4982135225750928e-05,0.05375
40.0,2,adam,100500,1.0,0.01277547592427995,0.1328763993391802,0.0001117762480281907,0.132764623091152,2.4839570983391736e-05,0.05375
40.0,2,adam,101000,1.0,0.012790887212902408,0.1330370280447076,0.00012834504355256306,0.13290868300115505,2.4552714558847393e-05,0.05375
40.0,2,adam,101500,1.0,0.012894933871306712,0.13330706184659308,0.00023354786612354852,0.13307351398046952,2.422911964437242e-05,0.05375
40.0,2,adam,102000,1.0,0.012764070015626619,0.1333055987751979,0.00010182415665838899,0.13320377461853952,2.397909316359786e-05,0.05375
40.0,2,adam,102500,1.0,0.012756437921920993,0.13285965936037117,9.370387057040512e-05,0.13276595548980077,2.4834153803839757e-05,0.05375
40.0,2,adam,103000,1.0,0.01273819798665322,0.14241090087941308,7.37596621032385e-05,0.14233714121730984,1.1568007857683578e-05,0.05375
40.0,2,adam,103500,1.0,0.012747312944785693,0.1330758717955518,8.450801916285651e-05,0.13299136377638895,2.4392553682726234e-05,0.05375
40.0,2,adam,104000,1.0,0.012751629673238448,0.1329822389085625,8.88262058607237e-05,0.13289341270270177,2.4583437617610628e-05,0.05375
40.0,2,adam,104500,1.0,0.012792353482156784,0.13289551526490923,0.00012714943050858818,0.13276836583440063,2.483447127097365e-05,0.05375
40.0,2,adam,105000,1.0,0.012777473111662198,0.132793870991144,0.00011516831926472072,0.13267870267187928,2.5006942810789835e-05,0.05375
40.0,2,adam,105500,1.0,0.01274649330287673,0.13286277781711828,8.373928225883357e-05,0.13277903853485945,2.480857177672736e-05,0.05375
40.0,2,adam,106000,1.0,0.012746635286791222,0.13317553919103636,8.397172138616303e-05,0.1330915674696502,2.4197566683379606e-05,0.05375
40.0,2,adam,106500,1.0,0.012746966955287854,0.13269129944340646,8.399285091044506e-05,0.132607306592496,2.515132793703884e-05,0.05375
40.0,2,adam,107000,1.0,0.012764116868189951,0.1327851713717357,0.0001015053108794507,0.13268366606085624,2.4997599950019817e-05,0.05375
40.0,2,adam,107500,1.0,0.012771526117107721,0.1324680120541943,0.00010769681754271226,0.1323603152366516,2.5653806652705247e-05,0.05375
40.0,2,adam,108000,1.0,0.013118490320751536,0.1376994616636544,0.0004460859094347963,0.13725337575421961,1.7371828872670658e-05,0.05375
40.0,2,adam,108500,1.0,0.012745972109231684,0.13278705836955723,8.367119732083521e-05,0.1327033871722364,2.4958103115274197e-05,0.05375
40.0,2,adam,109000,1.0,0.01278500347569768,0.13280854435697773,0.00012122939582253545,0.13268731496115518,2.499314554204248e-05,0.05375
40.0,2,adam,109500,1.0,0.01287596186775335,0.13304514869215858,0.0002110127177434771,0.1328341359744151,2.470365017382157e-05,0.05375
40.0,2,adam,110000,1.0,0.01276844200056919,0.13273251029881494,0.00010630789015660138,0.13262620240865833,2.5112080966355093e-05,0.05375
40.0,2,adam,110500,1.0,0.012762222363534225,0.13255629273316608,9.88504004640824e-05,0.13245744233270199,2.545572949943161e-05,0.05375
40.0,2,adam,111000,1.0,0.012788729096348322,0.13263414292393821,0.00012394569616619504,0.13251019722777202,2.5351566821616182e-05,0.05375
40.0,2,adam,111500,1.0,0.012784838458905183,0.13257110559740268,0.00012112838589926976,0.1324499772115034,2.5471950543457355e-05,0.05375
40.0,2,adam,112000,1.0,0.01277954832178598,0.1330470941099834,0.0001171867023589237,0.13292990740762448,2.4511743120052526e-05,0.05375
40.0,2,adam,112500,1.0,0.012746597981604525,0.13278624446280007,8.351071171357443e-05,0.1327027337510865,2.4961481964803103e-05,0.05375
40.0,2,adam,113000,1.0,0.01278280056533151,0.13259371402088427,0.0001184382953270942,0.13247527572555717,2.5421482676437718e-05,0.05375
40.0,2,adam,113500,1.0,0.012905449239411726,0.13253807848917734,0.0002401873869422604,0.13229789110223508,2.5785951621882756e-05,0.05375
40.0,2,adam,114000,1.0,0.01282592477738363,0.1338720963411953,0.00016215997012545807,0.13370993637106984,2.3031953669524505e-05,0.05375
40.0,2,adam,114500,1.0,0.012751953028246393,0.13264982569302172,8.890870183568844e-05,0.13256091699118602,2.524317327306477e-05,0.05375
40.0,2,adam,115000,1.0,0.012763386416664873,0.13245334744847656,0.00010059014102059436,0.13235275730745596,2.566568272948433e-05,0.05375
40.0,2,adam,115500,1.0,0.01284755394263001,0.13304135304292714,0.00018600733343798078,0.13285534570948915,2.4653510087180437e-05,0.05375
40.0,2,adam,116000,1.0,0.012781738484144534,0.1326961405299524,0.00011976103563574854,0.13257637949431667,2.5209921947820484e-05,0.05375
40.0,2,adam,116500,1.0,0.012752823687044126,0.1325224893365077,9.019755711680324e-05,0.1324322917793909,2.5503936504791704e-05,0.05375
40.0,2,adam,117000,1.0,0.012785697469582441,0.13298137720814787,0.00012376683200170284,0.13285761037614616,2.4652571297333537e-05,0.05375
40.0,2,adam,117500,1.0,0.012754845621816014,0.13284548927676243,9.270071142170806e-05,0.13275278856534073,2.4859715171294446e-05,0.05375
40.0,2,adam,118000,1.0,0.012770847740101699,0.1329167854874929,0.00010894478079583316,0.13280784070669704,2.4750657766937165e-05,0.05375
40.0,2,adam,118500,1.0,0.01279720195870487,0.13289784662066836,0.0001352636778871339,0.13276258294278123,2.4840638641860952e-05,0.05375
40.0,2,adam,119000,1.0,0.012860795772250576,0.1323617164321076,0.00019573013613146528,0.13216598629597612,2.6059620954614333e-05,0.05375
40.0,2,adam,119500,1.0,0.012906920946297164,0.13306387051916582,0.00024222410555994103,0.1328216464136059,2.4728965394505657e-05,0.05375
40.0,2,adam,120000,1.0,0.012741288778376382,0.13264259860525335,7.886288157894025e-05,0.13256373572367441,2.5238814209255354e-05,0.05375
40.0,2,adam,120500,1.0,0.012753309175353217,0.13290015156162874,8.921764323661528e-05,0.13281093391839213,2.4750024168707043e-05,0.05375
40.0,2,adam,121000,1.0,0.013243076058957338,0.13357369054899754,0.000583655381717746,0.13299003516727978,2.4386746156228882e-05,0.05375
40.0,2,adam,121500,1.0,0.012789418971744536,0.13288014851036742,0.0001247381605611545,0.13275541034980626,2.4859487855739364e-05,0.05375
40.0,2,adam,122000,1.0,0.012773141787753569,0.13265056861134739,0.00011094890289256639,0.13253961970845482,2.528571443276282e-05,0.05375
40.0,2,adam,122500,1.0,0.012755150155856154,0.1325540260794186,9.286999836396502e-05,0.13246115608105463,2.5445117715858482e-05,0.05375
40.0,2,adam,123000,1.0,0.012746984171059347,0.13276062966375,8.441562456236137e-05,0.13267621403918764,2.5012708459633834e-05,0.05375
40.0,2,adam,123500,1.0,0.012742112857239292,0.13285296917809647,7.932962464030339e-05,0.13277363955345617,2.4819161973668796e-05,0.05375
40.0,2,adam,124000,1.0,0.012801632908338143,0.1329901314745324,0.0001402134181754633,0.13284991805635693,2.466661277474379e-05,0.05375
40.0,2,adam,124500,1.0,0.012743110232008158,0.13261792496652708,8.045054116601032e-05,0.13253747442536107,2.529218981709853e-05,0.05375
40.0,2,adam,125000,1.0,0.012905657881877404,0.13307418855380693,0.0002448598000366919,0.13282932875377024,2.4706186949471366e-05,0.05375
40.0,2,adam,125500,1.0,0.012747675481838588,0.1326340332748442,8.518937465443974e-05,0.13254884390018976,2.5269281649893385e-05,0.05375
40.0,2,adam,126000,1.0,0.012770746698832708,0.13275360661895194,0.0001093624733559757,0.13264424414559597,2.507581732291312e-05,0.05375
40.0,2,adam,126500,1.0,0.012755141400445818,0.13268892588780104,9.227782328104299e-05,0.13259664806451998,2.5174514602719307e-05,0.05375
40.0,2,adam,127000,1.0,0.012763803860413897,0.13274062169282044,0.00010206585362865762,0.1326385558391918,2.5088274012549343e-05,0.05375
40.0,2,adam,127500,1.0,0.01277125413313386,0.1326441500373896,0.00010791342761548585,0.13253623660977412,2.5297114359295117e-05,0.05375
40.0,2,adam,128000,1.0,0.012745014207145368,0.13275053574742388,8.241673790858882e-05,0.13266811900951528,2.503068961570142e-05,0.05375
40.0,2,adam,128500,1.0,0.012807091479463548,0.13315929062569004,0.00014570738750767655,0.13301358323818235,2.43471728121691e-05,0.05375
40.0,2,adam,129000,1.0,0.01274366671093106,0.1321281846256766,8.09663342492577e-05,0.13204721829142735,2.630380005464933e-05,0.05375
40.0,2,adam,129500,1.0,0.012751224123699131,0.13270543344011812,8.895514473418826e-05,0.13261647829538392,2.5133512545236144e-05,0.05375
40.0,2,adam,130000,1.0,0.012699151796858474,0.13273028743881435,3.561104097947998e-05,0.13269467639783486,2.4980990545682826e-05,0.05375
40.0,2,adam,130500,1.0,0.012804392052731197,0.132875951476426,0.00014281935548430722,0.1327331321209417,2.4899212526583798e-05,0.05375
40.0,2,adam,131000,1.0,0.012746982842220086,0.1327407506086472,8.41979824041979e-05,0.132656552626243,2.5055046513798655e-05,0.05375
40.0,2,adam,131500,1.0,0.012761625621675026,0.13306407842745185,0.000100101930097039,0.1329639764973548,2.4444122610357087e-05,0.05375
40.0,2,adam,132000,1.0,0.012751020416361955,0.13248860343142754,8.770572779548279e-05,0.13240089770363206,2.5572665825299028e-05,0.05375
40.0,2,adam,132500,1.0,0.012791849757321238,0.13228161496621624,0.00012739086951109728,0.13215422409670513,2.608461082396469e-05,0.05375
40.0,2,adam,133000,1.0,0.012748542680710614,0.13253054288283458,8.555693730573107e-05,0.13244498594552886,2.5482300241435285e-05,0.05375
40.0,2,adam,133500,1.0,0.012766707536116608,0.13253135097330562,0.0001032551731684524,0.13242809580013717,2.5518488630297457e-05,0.05375
40.0,2,adam,134000,1.0,0.012755263777148985,0.1322780579811484,9.226801195600803e-05,0.1321857899691924,2.6014551017869057e-05,0.05375
40.0,2,adam,134500,1.0,0.012799299641649284,0.1328568875201197,0.00013765301670945663,0.13271923450341025,2.4928684293657592e-05,0.05375
40.0,2,adam,135000,1.0,0.01274156545839768,0.1354942408283301,8.305851310354627e-05,0.13541118231522653,2.010897469788664e-05,0.05375
40.0,2,adam,135500,1.0,0.012744406352930887,0.1358604425935454,8.363269500060526e-05,0.1357768098985448,1.953647910638735e-05,0.05375
40.0,2,adam,136000,1.0,0.012745309021414243,0.13560331119387306,8.374803306383017e-05,0.13551956316080924,1.9943304800179974e-05,0.05375
40.0,2,adam,136500,1.0,0.012745671699556637,0.1353270578305209,8.339102796640362e-05,0.1352436668025545,2.0388019660732103e-05,0.05375
40.0,2,adam,137000,1.0,0.012746310917156747,0.13485324907282553,8.390638646946528e-05,0.13476934268635607,2.117529863788212e-05,0.05375
40.0,2,adam,137500,1.0,0.012764087434016068,0.13426319151189725,0.00010113536875976265,0.13416205614313748,2.2226016788781798e-05,0.05375
40.0,2,adam,138000,1.0,0.012746461099050603,0.1335328931730567,8.352571200258867e-05,0.1334493674610541,2.3526150707739706e-05,0.05375
40.0,2,adam,138500,1.0,0.012818050268492007,0.13408962904969748,0.00015379265461885078,0.13393583639507864,2.2630854571493768e-05,0.05375
40.0,2,adam,139000,1.0,0.01274665031754313,0.13320066065411296,8.316656636558489e-05,0.13311749408774737,2.4155520808321984e-05,0.05375
40.0,2,adam,139500,1.0,0.01277157207402484,0.13363905448250535,0.00010846630817870734,0.13353058817432664,2.33720469128163e-05,0.05375
40.0,2,adam,140000,1.0,0.012769050947482556,0.133151682735601,0.00010553664191653954,0.13304614609368445,2.4292439031213918e-05,0.05375
40.0,2,adam,140500,1.0,0.012748868595267117,0.13307697660901988,8.662413147757525e-05,0.1329903524775423,2.439944126211814e-05,0.05375
40.0,2,adam,141000,1.0,0.012790099704877692,0.13250187728072033,0.00012867354907424898,0.13237320373164607,2.562790565532802e-05,0.05375
40.0,2,adam,141500,1.0,0.012784311413583044,0.13271324894668698,0.00012003915266813574,0.13259320979401884,2.5186441406360125e-05,0.05375
40.0,2,adam,142000,1.0,0.012794228200398567,0.1327165742616876,0.00013230006905035145,0.13258427419263724,2.519944992682389e-05,0.05375
40.0,2,adam,142500,1.0,0.012753207789801602,0.13319797383749768,9.05049480977291e-05,0.13310746888939995,2.4170384640534058e-05,0.05375
40.0,2,adam,143000,1.0,0.012737664094368897,0.13283675663507352,7.510373767729226e-05,0.13276165289739622,2.484603984158458e-05,0.05375
40.0,2,adam,143500,1.0,0.012746904613227125,0.13236367343514807,8.406708012205715e-05,0.132279606355026,2.582206024569409e-05,0.05375
40.0,2,adam,144000,1.0,0.012843272787534799,0.13425516061378429,0.00017959458046017254,0.1340755660333241,2.2373619260080688e-05,0.05375
40.0,2,adam,144500,1.0,0.012745226639256504,0.13302991721873014,8.323562971842776e-05,0.1329466815890117,2.4482011812134848e-05,0.05375
40.0,2,adam,145000,1.0,0.012753142847338778,0.13320120020165901,9.044677151502646e-05,0.13311075343014397,2.4164567360835933e-05,0.05375
40.0,2,adam,145500,1.0,0.012769257680760725,0.13526861589005706,0.00010901587240403181,0.13515960001765304,2.0513467601232838e-05,0.05375
40.0,2,adam,146000,1.0,0.012874665111805978,0.1332310806979112,0.00021048935236831647,0.1330205913455429,2.4342717989954578e-05,0.05375
40.0,2,adam,146500,1.0,0.012745729197232134,0.13503036741387636,8.357106473150965e-05,0.13494679634914486,2.0873604525031906e-05,0.05375
40.0,2,adam,147000,1.0,0.012746319974597875,0.13443834359222556,8.353534833609304e-05,0.13435480824388946,2.188338951720171e-05,0.05375
40.0,2,adam,147500,1.0,0.01274612617439932,0.13391879230405365,8.362529540781838e-05,0.13383516700864584,2.2808932431483634e-05,0.05375
40.0,2,adam,148000,1.0,0.012746298145861706,0.13377560252261453,8.379303165378123e-05,0.13369180949096074,2.3071153652213206e-05,0.05375
40.0,2,adam,148500,1.0,0.012769338128999615,0.13389627003125223,0.00010536765535529341,0.13379090237589694,2.2892016657654003e-05,0.05375
40.0,2,adam,149000,1.0,0.012780233504552324,0.13334143907826268,0.00011856503577972172,0.13322287404248295,2.3949461138733377e-05,0.05375
40.0,2,adam,149500,1.0,0.012745890541563606,0.13319981306373038,8.411241763523508e-05,0.13311570064609515,2.415491649864766e-05,0.05375
40.0,2,adam,150000,1.0,0.012833798740129606,0.1330233316308376,0.00017020657151560757,0.13285312505932198,2.4669701592671147e-05,0.05375
40.0,2,adam,150500,1.0,0.01278819686356396,0.13269744642333584,0.0001250255404600303,0.1325724208828758,2.522678749385554e-05,0.05375
40.0,2,adam,151000,1.0,0.012813897944338029,0.13298209649689466,0.0001506148867138072,0.13283148161018085,2.471109392545392e-05,0.05375
40.0,2,adam,151500,1.0,0.012765829000186845,0.13282364872446842,0.00010307422956073233,0.13272057449490768,2.4929095664666226e-05,0.05375
40.0,2,adam,152000,1.0,0.012803132727427757,0.13240660504285845,0.00013955177532755812,0.13226705326753088,2.5850960765044214e-05,0.05375
40.0,2,adam,152500,1.0,0.012775989345927701,0.13360463726874114,0.00011524526123962543,0.1334893920075015,2.344058301180521e-05,0.05375
40.0,2,adam,153000,1.0,0.012798038206694796,0.13323581255579822,0.00013792108081271088,0.13309789147498552,2.418517473800509e-05,0.05375
40.0,2,adam,153500,1.0,0.012773452477763016,0.1328250190436479,0.00011237044595236535,0.13271264859769555,2.494323622105195e-05,0.05375
40.0,2,adam,154000,1.0,0.012748253544556953,0.13210422969767782,8.55605093572179e-05,0.13201866918832061,2.6369974627037958e-05,0.05375
40.0,2,adam,154500,1.0,0.01278888244255342,0.1325362669468334,0.00012562561515835747,0.13241064133167504,2.5557560524669407e-05,0.05375
40.0,2,adam,155000,1.0,0.012864184153000191,0.1332397035662675,0.00020395409712633503,0.13303574946914115,2.4306791456273245e-05,0.05375
40.0,2,adam,155500,1.0,0.01274502644621509,0.1328758207114486,8.360381266419673e-05,0.1327922168987844,2.4785062421514315e-05,0.05375
40.0,2,adam,156000,1.0,0.012822795319245746,0.1329185414338236,0.00016203559895634748,0.13275650583486726,2.485400579540051e-05,0.05375
40.0,2,adam,156500,1.0,0.012744895717664236,0.13268021551041184,8.289960341904847e-05,0.13259731590699278,2.517566300454466e-05,0.05375
40.0,2,adam,157000,1.0,0.01279990567571844,0.13291906659188357,0.00013908994777078775,0.13277997664411278,2.4810093665583134e-05,0.05375
40.0,2,adam,157500,1.0,0.012790362556465982,0.1328181230948121,0.00012934093952862092,0.13268878215528349,2.499260140917819e-05,0.05375
40.0,2,adam,158000,1.0,0.01275054154847866,0.1327322620591111,8.807025966624386e-05,0.13264419179944484,2.508507591814166e-05,0.05375
40.0,2,adam,158500,1.0,0.012769384109304038,0.1319929434517957,0.00010660521278633596,0.1318863382390094,2.6651287107552416e-05,0.05375
40.0,2,adam,159000,1.0,0.01274541647133018,0.13296647926497704,8.372218974021525e-05,0.13288275707523683,2.4610957735604043e-05,0.05375
40.0,2,adam,159500,1.0,0.012775813192686244,0.13310901543135092,0.00011266799288743392,0.1329963474384635,2.439180860018329e-05,0.05375
40.0,2,adam,160000,1.0,0.012781661246401647,0.13286168410764362,0.00012035180287184618,0.13274133230477178,2.488934989523553e-05,0.05375
40.0,2,adam,160500,1.0,0.012760424189092191,0.13258370045015633,9.87875485267158e-05,0.13248491290162961,2.5404198709049418e-05,0.05375
40.0,2,adam,161000,1.0,0.012742704921597344,0.1331493156197128,8.077118618263078e-05,0.13306854443353017,2.4249769722873274e-05,0.05375
40.0,2,adam,161500,1.0,0.012750191198725794,0.1327094504622748,8.816341825186636e-05,0.13262128704402293,2.5131008282302565e-05,0.05375
40.0,2,adam,162000,1.0,0.012823904630602376,0.1331039054766473,0.0001626793034636602,0.13294122617318363,2.449550930375371e-05,0.05375
40.0,2,adam,162500,1.0,0.012716306687393259,0.14326405566448977,4.0530001656009226e-05,0.14322352566283375,1.0793394027450694e-05,0.05375
40.0,2,adam,163000,1.0,0.01274390498280571,0.1351690974493779,8.33800127085821e-05,0.13508571743666933,2.064271694983615e-05,0.05375
40.0,2,adam,163500,1.0,0.01274435412944869,0.13428321593717818,8.370842056498901e-05,0.1341995075166132,2.2154679198650902e-05,0.05375
40.0,2,adam,164000,1.0,0.01274437319290244,0.13409368614752418,8.369586061603385e-05,0.13400999028690813,2.2491885519223705e-05,0.05375
40.0,2,adam,164500,1.0,0.01274448371907285,0.1339713471696835,8.356936334953027e-05,0.13388777780633399,2.2712233590601992e-05,0.05375
40.0,2,adam,165000,1.0,0.012748563983416903,0.13362923349882952,8.752964447451554e-05,0.13354170385435502,2.334776307580629e-05,0.05375
40.0,2,adam,165500,1.0,0.01274712092529061,0.13317931333512448,8.50884874178822e-05,0.13309422484770658,2.419782877111506e-05,0.05375
40.0,2,adam,166000,1.0,0.012748565390091294,0.13325511103132676,8.722532197519965e-05,0.13316788570935156,2.4054438505641033e-05,0.05375
40.0,2,adam,166500,1.0,0.012744978178197095,0.13374512169203132,8.200781727623367e-05,0.13366311387475507,2.312491399601758e-05,0.05375
40.0,2,adam,167000,1.0,0.013101458532465308,0.13367770843794252,0.00044152169657170955,0.1332361867413708,2.391936797305975e-05,0.05375
40.0,2,adam,167500,1.0,0.012754600398500274,0.13263823747240042,9.318829495817083e-05,0.13254504917744225,2.52783640152088e-05,0.05375
40.0,2,adam,168000,1.0,0.01275490298604895,0.13264692302268868,9.40982680695918e-05,0.1325528247546191,2.526235239016643e-05,0.05375
40.0,2,adam,168500,1.0,0.012744277859428197,0.1326062122030126,8.295408763110777e-05,0.1325232581153815,2.532298921588321e-05,0.05375
40.0,2,adam,169000,1.0,0.012751357685369297,0.13304776032871637,9.035183625992935e-05,0.13295740849245644,2.4459738056802415e-05,0.05375
40.0,2,adam,169500,1.0,0.012758258407763273,0.13328261971053393,9.550858985172514e-05,0.1331871111206822,2.402011678128835e-05,0.05375
40.0,2,adam,170000,1.0,0.012744048808009124,0.13266947091189116,8.269774963406527e-05,0.1325867731622571,2.5196332549841716e-05,0.05375
40.0,2,adam,170500,1.0,0.012745993773080336,0.132721985579555,8.499908127150285e-05,0.1326369864982835,2.50952679875485e-05,0.05375
40.0,2,adam,171000,1.0,0.01275189148657156,0.13115615400792013,8.96120086103621e-05,0.13106654199930978,2.8452173877224798e-05,0.05375
40.0,2,adam,171500,1.0,0.012761417658564872,0.13275607441357212,9.963262672344633e-05,0.13265644178684868,2.5059287159413576e-05,0.05375
40.0,2,adam,172000,1.0,0.012777276497629712,0.13306656363520908,0.00011527716660800861,0.13295128646860108,2.4477703223425617e-05,0.05375
40.0,2,adam,172500,1.0,0.012808099002526222,0.1329114160785305,0.00014601487363273793,0.13276540120489774,2.4843903332355748e-05,0.05375
40.0,2,adam,173000,1.0,0.012797419344738712,0.12939257548034408,0.00013423900752790378,0.12925833647281618,3.287841333390962e-05,0.05375
40.0,2,adam,173500,1.0,0.012773060788239742,0.13272355128615768,0.00011294217074733258,0.13261060911541034,2.5148000446769785e-05,0.05375
40.0,2,adam,174000,1.0,0.012751952923550563,0.132663150955422,9.068494901198103e-05,0.13257246600641,2.5227195452973506e-05,0.05375
40.0,2,adam,174500,1.0,0.012805922398547024,0.1327581249566472,0.00014343109583487255,0.13261469386081234,2.5145642667429098e-05,0.05375
40.0,2,adam,175000,1.0,0.01276598747614241,0.13285882007822697,0.00010628724244752505,0.13275253283577945,2.4865851815677903e-05,0.05375
40.0,2,adam,175500,1.0,0.012822801357292482,0.1330193783645802,0.00016032807991664568,0.13285905028466355,2.4659681053407513e-05,0.05375
40.0,2,adam,176000,1.0,0.01277901249497783,0.13327089135035597,0.00011923713055835114,0.1331516542197976,2.408557081407846e-05,0.05375
40.0,2,adam,176500,1.0,0.012835404068296006,0.13125637231094278,0.00016993481019358798,0.1310864375007492,2.8419685002162594e-05,0.0525
40.0,2,adam,177000,1.0,0.012850365648906585,0.1331457117818377,0.00019157770832852622,0.13295413407350917,2.4467445937011165e-05,0.05375
40.0,2,adam,177500,1.0,0.012744779291417143,0.13271753868991268,8.381217723002691e-05,0.13263372651268265,2.51063997089824e-05,0.05375
40.0,2,adam,178000,1.0,0.012768180667233816,0.13286817091689543,0.0001079255978172883,0.13276024531907815,2.4852731551237033e-05,0.05375
40.0,2,adam,178500,1.0,0.012758720341182467,0.13326749323084222,9.88165377812113e-05,0.133168676693061,2.40563711499079e-05,0.05375
40.0,2,adam,179000,1.0,0.012745323625940037,0.13320316293914566,8.37632912920043e-05,0.13311939964785366,2.4153919313801896e-05,0.05375
40.0,2,adam,179500,1.0,0.012745196944813526,0.13292015818146205,8.374711864464047e-05,0.1328364110628174,2.4705406805485272e-05,0.05375
40.0,2,adam,180000,1.0,0.013059328393276245,0.13336000127548234,0.0003946298159845219,0.13296537145949783,2.4459449342384496e-05,0.05375
40.0,2,adam,180500,1.0,0.012757544968971682,0.1330583190535912,9.513595064902966e-05,0.13296318310294217,2.4460028218892964e-05,0.05375
40.0,2,adam,181000,1.0,0.012744868818609468,0.1330265560688377,8.30394125525229e-05,0.13294351665628518,2.4497497310141817e-05,0.05375
40.0,2,adam,181500,1.0,0.012796670764189423,0.1329829415918124,0.00013416815835337205,0.13284877343345902,2.4684967504299183e-05,0.05375
40.0,2,adam,182000,1.0,0.012757401864303632,0.13299974477167953,9.532576384409424e-05,0.13290441900783542,2.457495294970171e-05,0.05375
40.0,2,adam,182500,1.0,0.012839502529168398,0.13293784431213537,0.00017529945646161315,0.13276254485567376,2.4858268618434236e-05,0.05375
40.0,2,adam,183000,1.0,0.012751435392662607,0.13258397554627568,8.971126406829902e-05,0.1324942642822074,2.5393039524941892e-05,0.05375
40.0,2,adam,183500,1.0,0.012761876618977312,0.13194436958523367,9.958892116086826e-05,0.1318447806640728,2.6744655723342703e-05,0.05375
40.0,2,adam,184000,1.0,0.012750191155057818,0.1328141514816375,8.799884480389209e-05,0.1327261526368336,2.492923721243547e-05,0.05375
40.0,2,adam,184500,1.0,0.012793910876583945,0.1326446128920016,0.00013079861222482363,0.1325138142797768,2.535562410494805e-05,0.05375
40.0,2,adam,185000,1.0,0.01274604253522708,0.13286500338832713,8.455735028083759e-05,0.13278044603804628,2.4809992697522626e-05,0.05375
40.0,2,adam,185500,1.0,0.012748872091825248,0.13281006860265404,8.667349124218928e-05,0.13272339511141185,2.4928084038823046e-05,0.05375
40.0,2,adam,186000,1.0,0.012788635774415868,0.1328629076236313,0.00012816725230589245,0.1327347403713254,2.490400183841291e-05,0.05375
40.0,2,adam,186500,1.0,0.012795831749245385,0.1327459986417703,0.00013293119962906125,0.13261306744214124,2.5152967283366278e-05,0.05375
40.0,2,adam,187000,1.0,0.012753372864659008,0.1327187037626407,9.134742367431558e-05,0.13262735633896638,2.5123787177327722e-05,0.05375
40.0,2,adam,187500,1.0,0.012753566513449806,0.1327880873911235,9.132057344963635e-05,0.13269676681767387,2.4985278517972247e-05,0.05375
40.0,2,adam,188000,1.0,0.012787409539284608,0.13237982887348565,0.0001247454852496301,0.13225508338823602,2.588399871344905e-05,0.05375
40.0,2,adam,188500,1.0,0.01284008738747491,0.1330522715085007,0.00017950650974155302,0.13287276499875916,2.463560097257923e-05,0.05375
40.0,2,adam,189000,1.0,0.012784033612489837,0.1335560642735687,0.00012293686050039165,0.13343312741306831,2.355868239154556e-05,0.05375
40.0,2,adam,189500,1.0,0.012776664562972523,0.1316526116851072,0.00011312913348936847,0.13153948255161782,2.740894783400588e-05,0.05375
40.0,2,adam,190000,1.0,0.012792793232934922,0.1343666960851379,0.00013363860550179242,0.13423305747963613,2.209494441435494e-05,0.05375
40.0,2,adam,190500,1.0,0.012824966293154305,0.1325194517493153,0.00016047774605076803,0.13235897400326452,2.5665534392008237e-05,0.05375
40.0,2,adam,191000,1.0,0.012783205676687103,0.13273818112731495,0.0001191506925791661,0.13261903043473577,2.514098400755982e-05,0.05375
40.0,2,adam,191500,1.0,0.0127578000955586,0.13261169639112375,9.544615837185482e-05,0.1325162502327519,2.5346716741030948e-05,0.05375
40.0,2,adam,192000,1.0,0.012811581676152008,0.13304563594810853,0.00015078346388831912,0.1328948524842202,2.4591991088500672e-05,0.05375
40.0,2,adam,192500,1.0,0.012794591580205843,0.13308960664034863,0.00013506846988837993,0.13295453817046027,2.447072044508733e-05,0.05375
40.0,2,adam,193000,1.0,0.012768036437767163,0.13283914452257592,0.00010736321171913105,0.13273178131085678,2.4914002439310614e-05,0.05375
40.0,2,adam,193500,1.0,0.012780290092776448,0.13278001741259574,0.00011757514657016181,0.13266244226602558,2.5058646934055005e-05,0.05375
40.0,2,adam,194000,1.0,0.012751244299475403,0.13274246458520408,9.164570249351551e-05,0.13265081888271057,2.507579691265046e-05,0.05375
40.0,2,adam,194500,1.0,0.012746771557387116,0.13277137254328839,8.465873171417372e-05,0.1326867138115742,2.5005639513417288e-05,0.05375
40.0,2,adam,195000,1.0,0.012744324162367116,0.13296034653717756,8.170905677136643e-05,0.13287863748040618,2.4631003700995733e-05,0.05375
40.0,2,adam,195500,1.0,0.012761609315767952,0.1332176185028269,0.00010388258693036032,0.13311373591589654,2.4163372506706422e-05,0.05375
40.0,2,adam,196000,1.0,0.012775850988515795,0.133416799992241,0.0001207056012357736,0.1332960943910052,2.3808233283143223e-05,0.05375
40.0,2,adam,196500,1.0,0.012746835930239718,0.13255057165099923,8.959276994844459e-05,0.1324609788810508,2.5448096111403508e-05,0.05375
40.0,2,adam,197000,1.0,0.013251733283336472,0.135736314809346,0.0005925584989730432,0.13514375631037295,2.054806524794333e-05,0.0525
40.0,2,adam,197500,1.0,0.012684182481845215,0.1339762471361742,3.8396510691196034e-05,0.133937850625483,2.2593804034442272e-05,0.0525
40.0,2,adam,198000,1.0,0.012730426545543967,0.1329663111653474,8.981496320629771e-05,0.13287649620214112,2.4576003427875832e-05,0.05375
40.0,2,adam,198500,1.0,0.012778278296304478,0.13151965539111932,0.00013858032489857952,0.13138107506622074,2.7691898693127663e-05,0.0525
40.0,2,adam,199000,1.0,0.013275976451746791,0.1369489517421976,0.0005458963202908717,0.13640305542190673,1.867830527729435e-05,0.05375
40.0,2,adam,199500,1.0,0.012723625903534885,0.1336787934963337,8.278590586128628e-05,0.1335960075904724,2.320701633775275e-05,0.05375
40.0,2,adam,200000,1.0,0.012715193083427506,0.13428669448634525,8.287381122073172e-05,0.1342038206751245,2.209265456762364e-05,0.05375
40.0,2,adam,200500,1.0,0.01271145816536941,0.13410459092864516,8.208051150795664e-05,0.1340225104171372,2.2409082370367297e-05,0.05375
40.0,2,adam,201000,1.0,0.012710506639091658,0.13361473327554393,8.139717455522243e-05,0.13353333610098872,2.3300903207870292e-05,0.05375
40.0,2,adam,201500,1.0,0.012720193682539098,0.13346788916071173,8.837667403180395e-05,0.13337951248667992,2.359291407697769e-05,0.05375
40.0,2,adam,202000,1.0,0.012741025557708298,0.1331731079839603,0.0001291803730195013,0.13304392761094078,2.4194568766894543e-05,0.05375
40.0,2,adam,202500,1.0,0.012745775008675086,0.13273664196836252,0.00013772091872386118,0.13259892104963866,2.506157092441703e-05,0.05375
40.0,2,adam,203000,1.0,0.012747834473177748,0.1330666960202403,0.00011060101153428613,0.132956095008706,2.441114373084222e-05,0.05375
40.0,2,adam,203500,1.0,0.012754878988290103,0.13237222083052994,0.00016222468198590008,0.13220999614854403,2.5817724251794846e-05,0.05375
40.0,2,adam,204000,1.0,0.012720486061129724,0.1319961168027755,0.00010713758406870666,0.1318889792187068,2.653134917073934e-05,0.05375
40.0,2,adam,204500,1.0,0.012706238375219473,0.13228180942912018,0.00010229523515078212,0.1321795141939694,2.590272728825996e-05,0.05375
40.0,2,adam,205000,1.0,0.012695238503894974,0.13241669240541915,7.328298211358174e-05,0.13234340942330555,2.5602110724261374e-05,0.05375
40.0,2,adam,205500,1.0,0.012728851040543459,0.13276669580497882,0.000129773198706052,0.13263692260627277,2.496360767645328e-05,0.05375
40.0,2,adam,206000,1.0,0.012737165539215573,0.13201672543268902,0.00014703155958967386,0.13186969387309935,2.6523362757133553e-05,0.05375
40.0,2,adam,206500,1.0,0.012760763203213479,0.132701292785306,0.00017361436736311063,0.1325276784179429,2.5158588949189627e-05,0.05375
40.0,2,adam,207000,1.0,0.012754072252633215,0.13302393264782097,0.00016684300030832754,0.13285708964751264,2.4504575908381803e-05,0.05375
40.0,2,adam,207500,1.0,0.012728741262928245,0.13379693971363182,8.317491617608124e-05,0.13371376479745575,2.2999349634962737e-05,0.05375
40.0,2,adam,208000,1.0,0.012790970815973435,0.13472716367005316,0.0001468921474641214,0.13458027152258903,2.1459295831215257e-05,0.05375
40.0,2,adam,208500,1.0,0.012697227704408261,0.13321217715996778,8.351380428572435e-05,0.13312866335568205,2.4034515931878966e-05,0.05375
40.0,2,adam,209000,1.0,0.012716172590086564,0.1329524896174012,0.0001094435956268873,0.1328430460217743,2.4575272247469568e-05,0.05375
40.0,2,adam,209500,1.0,0.012709447531667669,0.13325663464643742,8.150101137304465e-05,0.13317513363506436,2.397282754104881e-05,0.05375
40.0,2,adam,210000,1.0,0.012923783838686446,0.1327564310154349,0.0003194830396798009,0.13243694797575511,2.5381114379202046e-05,0.05375
40.0,2,adam,210500,1.0,0.012811024748707336,0.13332112949752808,0.00016874684792697858,0.1331523826496011,2.4042617591812886e-05,0.05375
40.0,2,adam,211000,1.0,0.012704125287695489,0.1323970473338581,8.190142555846458e-05,0.13231514590829963,2.5664735469116148e-05,0.05375
40.0,2,adam,211500,1.0,0.012695835474790515,0.13284666164247344,8.954454823590586e-05,0.13275711709423754,2.4742578325701474e-05,0.05375
40.0,2,adam,212000,1.0,0.012690178220354151,0.13273458654719394,7.728025809706633e-05,0.1326573062890969,2.49533282620789e-05,0.05375
40.0,2,adam,212500,1.0,0.012751178616830425,0.1329393009415161,0.00015569933082680896,0.13278360161068928,2.466890800695966e-05,0.05375
40.0,2,adam,213000,1.0,0.012762176826892083,0.1335223078066164,0.0001641788956637083,0.1333581289109527,2.3567171929032168e-05,0.05375
40.0,2,adam,213500,1.0,0.012747635023729269,0.1331561375806026,0.00011205987000370432,0.1330440777105989,2.4237985959631998e-05,0.05375
40.0,2,adam,214000,1.0,0.01268325334174494,0.13205639360430424,0.00010124442847872892,0.13195514917582551,2.6327378623507405e-05,0.05375
40.0,2,adam,214500,1.0,0.012733880727881394,0.13249843124299823,0.00010032177716415061,0.13239810946583408,2.5517981018572048e-05,0.05375
40.0,2,adam,215000,1.0,0.012693180648455272,0.13310229501459306,7.672650404922461e-05,0.13302556851054384,2.4236812494795727e-05,0.05375
40.0,2,adam,215500,1.0,0.012737415473484276,0.13258592236333486,0.00010639850144302982,0.13247952386189182,2.5346837917500156e-05,0.0525
40.0,2,adam,216000,1.0,0.012738244595345165,0.1320797552545217,0.00010623632248906347,0.13197351893203263,2.6394650731372394e-05,0.0525
40.0,2,adam,216500,1.0,0.012746360022296163,0.1332445119137361,0.00015219787820491015,0.13309231403553118,2.4066296706488026e-05,0.05375
40.0,2,adam,217000,1.0,0.012705995753119901,0.13343165580450703,0.00010337838931067568,0.13332827741519634,2.3632666556586907e-05,0.05375
40.0,2,adam,217500,1.0,0.012719826003873863,0.13253592669198996,0.00013092240126116715,0.1324050042907288,2.541288237006857e-05,0.05375
40.0,2,adam,218000,1.0,0.012690257467285571,0.13415890815216455,7.187666274877074e-05,0.13408703148941578,2.2270130784308203e-05,0.05375
40.0,2,adam,218500,1.0,0.012711164387266487,0.13347094788815636,0.00011598818592608673,0.13335495970223027,2.3567562011643366e-05,0.05375
40.0,2,adam,219000,1.0,0.012747174178128857,0.13244026886775956,0.00010562522652917222,0.13233464364123038,2.5662967563843312e-05,0.05375
40.0,2,adam,219500,1.0,0.01271384855392168,0.133431094767543,0.00011420612269648013,0.13331688864484653,2.364973533556899e-05,0.05375
40.0,2,adam,220000,1.0,0.012700216166150979,0.1326013786680738,8.415845231504642e-05,0.13251722021575876,2.524076056370541e-05,0.0525
40.0,2,adam,220500,1.0,0.012776510249698711,0.13875495795644863,0.00011593199477634105,0.1386390259616723,1.553204483525375e-05,0.05125
40.0,2,adam,221000,1.0,0.012704616794633862,0.1330440399798119,8.314820445274927e-05,0.13296089177535916,2.4374555369733885e-05,0.05375
40.0,2,adam,221500,1.0,0.012696131587561856,0.13324636788900335,7.93136284035365e-05,0.1331670542605998,2.3967493302651236e-05,0.05375
40.0,2,adam,222000,1.0,0.012695460301555737,0.13336091052398844,8.65877592592986e-05,0.13327432276472914,2.3747876372337057e-05,0.05375
40.0,2,adam,222500,1.0,0.012687952411769485,0.13339433871338166,7.601516043624081e-05,0.13331832355294543,2.3669306963439367e-05,0.05375
40.0,2,adam,223000,1.0,0.012690866700116541,0.13315000019372716,8.442606842022257e-05,0.13306557412530695,2.4140986904922252e-05,0.05375
40.0,2,adam,223500,1.0,0.012832713248401541,0.13248441606475292,0.00016730439424205551,0.13231711167051086,2.574958500515069e-05,0.05375
40.0,2,adam,224000,1.0,0.012987448461898686,0.13397622471436188,0.00035821551449988746,0.133618009199862,2.3140753156367512e-05,0.05375
40.0,2,adam,224500,1.0,0.012753467641783336,0.13305666625222157,0.00016096254222142264,0.13289570371000015,2.4443333350478124e-05,0.05375
40.0,2,adam,225000,1.0,0.012705477785296175,0.13315885951725573,7.98150248611354e-05,0.1330790444923946,2.4151329114194407e-05,0.05375
40.0,2,adam,225500,1.0,0.012747195949561809,0.13317628830020656,0.0001501793671920076,0.13302610893301456,2.4198820665151925e-05,0.05375
40.0,2,adam,226000,1.0,0.012793372046379722,0.1342972201021138,0.00020771322883413672,0.13408950687327967,2.220831790335169e-05,0.05375
40.0,2,adam,226500,1.0,0.012705208996411366,0.13384162839185682,0.00011145992492278003,0.13373016846693403,2.286918912442403e-05,0.05375
40.0,2,adam,227000,1.0,0.012782814246024845,0.13498226049920264,0.00015448846253674273,0.1348277720366659,2.1009762265872074e-05,0.05375
40.0,2,adam,227500,1.0,0.012756847242664014,0.13360100727920154,0.00016908345558549155,0.13343192382361604,2.341274914579755e-05,0.05375
40.0,2,adam,228000,1.0,0.012801939593074909,0.13354495484365783,0.00020965948308506848,0.13333529536057276,2.360141537847703e-05,0.05375
40.0,2,adam,228500,1.0,0.01272517129331697,0.1330722922714995,9.304369258584639e-05,0.13297924857891366,2.435786209666794e-05,0.05375
40.0,2,adam,229000,1.0,0.012689988975986331,0.1333731024632438,7.631663607508679e-05,0.13329678582716872,2.3711781389375598e-05,0.05375
40.0,2,adam,229500,1.0,0.012791038691815233,0.13323404603483133,0.00020977211705082704,0.1330242739177805,2.4172271123412565e-05,0.05375
40.0,2,adam,230000,1.0,0.012685549179200225,0.13307488304732326,7.561995129153419e-05,0.13299926309603172,2.4275532237995288e-05,0.05375
40.0,2,adam,230500,1.0,0.01269566778568903,0.13313410679930218,9.823339901195868e-05,0.13303587340029022,2.4180256782510784e-05,0.05375
40.0,2,adam,231000,1.0,0.012691152664678938,0.13321434349423517,9.120396419630379e-05,0.13312313953003888,2.4017824980261328e-05,0.05375
40.0,2,adam,231500,1.0,0.012737513103068407,0.13538368676803358,8.34755409753443e-05,0.13530021122705824,2.0278377793699747e-05,0.05375
40.0,2,adam,232000,1.0,0.012739306691223393,0.13476523783827743,8.356047839047272e-05,0.13468167735988695,2.13067089180346e-05,0.05375
40.0,2,adam,232500,1.0,0.01275512698308502,0.13432756930184253,9.868847463722898e-05,0.1342288808272053,2.2091553878368984e-05,0.05375
40.0,2,adam,233000,1.0,0.012753683902725502,0.13428352451132347,9.699828968431867e-05,0.13418652622163915,2.216651811506419e-05,0.05375
40.0,2,adam,233500,1.0,0.012765704952075624,0.1340205644622057,0.00010866470981866336,0.13391189975238704,2.2658490194068248e-05,0.05375
40.0,2,adam,234000,1.0,0.012782182479200413,0.1342514754000248,0.00012579413325117936,0.13412568126677363,2.2273024606728044e-05,0.05375
40.0,2,adam,234500,1.0,0.012845410721870447,0.13427536399366696,0.0001954474015483241,0.13407991659211863,2.234339867874785e-05,0.05375
40.0,2,adam,235000,1.0,0.012747929733637529,0.1342285974630452,9.702706201143519e-05,0.13413157040103377,2.225317173139728e-05,0.05375
40.0,2,adam,235500,1.0,0.012743100359468277,0.13421768554904767,9.783781043181833e-05,0.13411984773861585,2.226413898716625e-05,0.05375
40.0,2,adam,236000,1.0,0.012711748036893098,0.13428515456216875,9.202292215062478e-05,0.13419313164001812,2.208959762947825e-05,0.05375
40.0,2,adam,236500,1.0,0.01287291870078915,0.17168561832629137,0.00022798071136536329,0.171457637614926,1.1164920875108054e-06,0.04875
40.0,2,adam,237000,1.0,0.012725992204881208,0.13746702643565534,8.414496209279459e-05,0.13738288147356253,1.7078455604092774e-05,0.05375
40.0,2,adam,237500,1.0,0.012840937184192595,0.13504962742089954,0.00019078332050682288,0.13485884410039273,2.091385233578894e-05,0.05375
40.0,2,adam,238000,1.0,0.012762143760925226,0.1343424841270981,0.00010900553567423818,0.13423347859142384,2.198848051701638e-05,0.05375
40.0,2,adam,238500,1.0,0.012760442510506084,0.13395478719090104,0.00010671033232388411,0.13384807685857716,2.2670926853931984e-05,0.05375
40.0,2,adam,239000,1.0,0.012821619278475159,0.13399218610656888,0.000165183051482249,0.13382700305508663,2.2707652867927588e-05,0.05375
40.0,2,adam,239500,1.0,0.012758679839530449,0.13384827248334627,0.00010413153531587797,0.1337441409480304,2.2847558589505922e-05,0.05375
40.0,2,adam,239999,1.0,0.01283433482360034,0.13427258662788394,0.00017906259836281973,0.13409352402952113,2.2215666926856436e-05,0.05375
40.0,2,lbfgs,0,,,0.06257646034838092,0.00028128241127064134,0.06229517793711028,,
40.0,2,lbfgs,1,,,0.0615149457843269,0.00028154475991604464,0.06123340102441086,,
40.0,2,lbfgs,2,,,0.0576537468366848,0.00031286978334040227,0.0573408770533444,,
40.0,2,lbfgs,3,,,0.05661522777435352,0.0002864649424424281,0.05632876283191109,,
40.0,2,lbfgs,4,,,0.05616575752502225,0.00028634058976805167,0.0558794169352542,,
40.0,2,lbfgs,5,,,0.05586113728026261,0.0003014530897488291,0.05555968419051378,,
